id,title,artist,genre,mood_tags,danceability,energy,valence,tempo,loudness,speechiness,acousticness,instrumentalness,liveness,duration_ms,key,mode,time_signature,popularity
IAoCLrZ3aWZkSBvrjn9Wvg,Broken Ghost,The Oceans,folk,tense|dreamy,0.601,0.477,0.503,116.8,-13.21,0.041,0.832,0.258,0.193,218519,3,0,5,54
3gyrDO1xkxwnQrS7RPeMOk,Sweet Memory,Nadia Ryder,reggae,dreamy|nostalgic,0.865,0.742,0.889,72.7,-11.76,0.039,0.36,0.097,0.2,268324,4,0,4,57
JIqVLB5LzxoiGFfWd3hjOk,Hollow Bloom,The Ghosts,latin,melancholic|playful|nostalgic,1.0,0.777,0.751,114.7,-9.13,0.027,0.057,0.263,0.177,260753,10,1,4,43
WlG6g3Ot1OGMmjxWkI9X7H,Midnight Bloom,Ava Blake,pop,nostalgic|tense,0.79,0.625,0.533,119.3,-7.76,0.052,0.337,0.0,0.207,278998,11,1,5,45
9n7IWUSmTtzQPxC5HChpoe,Crystal Horizon,Rio Voss,jazz,happy,0.506,0.489,0.495,88.1,-7.95,0.051,0.525,0.275,0.253,256730,8,0,4,18
YEZAmggQBwBAD3UdRPPgdz,Crystal River,Sena Shaw,folk,aggressive|chill,0.422,0.392,0.52,95.3,-10.18,0.0,0.882,0.121,0.161,201208,9,1,4,4
z5dkyayq7YYDsBS9UYJQTF,Silent Echo,Kai Cross,electronic,happy|uplifting,0.753,0.746,0.605,136.1,-5.42,0.058,0.0,0.492,0.289,252024,3,0,4,31
McNfAQLKHu7qnQTupqziQP,Fading Storm,Nova Vance,reggae,uplifting|melancholic|sad,0.707,0.679,0.56,92.7,-8.76,0.151,0.417,0.1,0.232,136563,9,0,5,72
84iqh4gVJjrsMnTvnRO2qG,Restless Fire,Kai Reyes,reggae,nostalgic|happy|aggressive,0.722,0.642,0.933,82.1,-5.41,0.139,0.124,0.134,0.11,162309,10,0,5,35
ictx57Y3c5wnRpQgwXJ43A,Radiant Shadow,Rio Quinn,hip-hop,nostalgic|happy,0.919,0.589,0.411,98.5,-6.35,0.292,0.09,0.0,0.244,256361,5,0,4,30
t0Y3oobQmzvr3e9XrwPGzR,Sweet Road,Leo Ryder,indie,melancholic|playful,0.736,0.454,0.31,106.0,-6.4,0.125,0.468,0.092,0.129,222563,7,0,4,54
Be8Q6vNuQ2hU5tGtQAuzSs,Sweet Shadow,Nadia Quinn,pop,aggressive|nostalgic,0.578,0.75,0.701,106.7,-7.35,0.011,0.133,0.0,0.237,213135,0,0,4,76
vf08WpRtoZmjbcpEN2XeDA,Faded Echo,Nadia Knox,jazz,energetic|uplifting|happy,0.471,0.524,0.358,112.8,-10.36,0.115,0.445,0.173,0.295,173505,2,0,4,16
JMu8W5CN0U5GB16JC5kV3E,Endless Fire,Talia Knox,latin,energetic|sad,0.784,0.86,0.46,110.2,-9.14,0.0,0.219,0.0,0.178,232672,2,1,5,39
5XL8Sb24WKyEa8wtWy2591,Hollow Star,Toma Voss,jazz,energetic|romantic|happy,0.511,0.508,0.598,119.6,-10.01,0.088,0.512,0.369,0.073,233278,7,1,3,50
3DldqyunDuvW4yrW81Aq1f,Restless Horizon,Kai Frost,classical,dreamy|tense,0.421,0.145,0.216,129.5,-21.4,0.0,0.854,0.573,0.104,165567,1,1,4,28
ThX0k9tgLb7tKR69yz8Tme,Faded Memory,The Rains,folk,dreamy,0.479,0.358,0.505,98.9,-11.22,0.064,1.0,0.036,0.256,200575,4,1,4,4
BlUH9PrNZ6IXEDB0ULru2p,Broken Fire,Rio Shaw,metal,aggressive|romantic|chill,0.209,0.923,0.214,129.0,-4.59,0.114,0.0,0.15,0.0,295229,10,1,4,76
YbfsozSptQLxEJHwBVJvwS,Endless Fire,Rio Blake,r&b,chill|tense,0.701,0.709,0.284,85.8,-1.43,0.068,0.461,0.0,0.287,247703,7,0,4,30
aTIircdJsS8iO3WFg3aKsE,Restless Storm,Kai Ryder,latin,happy|melancholic,0.689,0.671,0.609,86.8,-7.75,0.0,0.191,0.0,0.0,231636,5,0,4,30
LBtKNdN9Vg8WnOnqQfkplJ,Broken Skyline,The Storms,metal,chill|energetic|dreamy,0.373,0.871,0.464,176.2,-1.37,0.118,0.176,0.0,0.011,171176,3,1,4,59
edkYtMV0K6sChDStSz8rGI,Restless Storm,The Hearts,indie,dreamy|uplifting|happy,0.495,0.579,0.455,119.1,-11.73,0.071,0.362,0.194,0.087,236439,2,1,4,54
O0FfEwAvuQg2kvASFsQ8z0,Sweet Heart,Wren Ryder,electronic,sad|tense,0.942,0.726,0.172,126.0,-5.09,0.074,0.0,0.529,0.154,169928,10,1,4,56
i7sC4SFhbOMZpTktJaJAfo,Electric Storm,Mira Knox,blues,melancholic|chill,0.595,0.094,0.359,88.4,-8.16,0.006,0.397,0.024,0.278,167338,3,1,5,21
Ut1LLQF3jCIEwvJWIyD7u3,Velvet Memory,Rio Wells,blues,chill,0.315,0.465,0.319,110.1,-9.03,0.033,0.522,0.209,0.306,244240,6,1,5,44
H6DaUjA3PjeEYqvNSzPf2v,Sweet Ghost,Reo Cross,r&b,energetic,0.659,0.439,0.187,109.5,-13.85,0.046,0.033,0.136,0.151,161577,1,1,3,44
jpHAKRYlklfN3yNRpF6Ljo,Endless Fire,Ava Shaw,folk,dreamy|energetic,0.814,0.152,0.497,114.9,-8.11,0.021,0.59,0.239,0.075,133812,0,1,3,39
sSsb1QzraK3RXVd6MVF155,Fading Memory,Cole Voss,r&b,melancholic|dreamy,0.762,0.835,0.3,90.1,-10.07,0.0,0.083,0.312,0.514,226485,6,1,5,37
I4xHG6r1kq608E9ZsV3vZh,Endless Dream,The Memorys,indie,playful|dreamy|chill,0.57,0.37,0.544,112.6,-8.34,0.047,0.401,0.076,0.115,230939,4,1,4,49
48Ju6NoPeO0D6StPAhic8c,Fading Garden,The Memorys,latin,aggressive,0.857,0.626,0.772,103.9,-7.45,0.008,0.303,0.101,0.247,173552,7,0,5,66
2xgRxI5Pwdzrm9h820DfQn,Radiant Horizon,The Roads,indie,playful|nostalgic,0.501,0.409,0.294,103.5,-6.76,0.0,0.224,0.232,0.225,202892,11,1,4,0
qZlhQ3biawYYpLublqdiVA,Bitter River,Reo Shaw,electronic,melancholic|happy,0.822,0.966,0.607,133.3,-6.63,0.124,0.078,0.431,0.322,294078,2,0,5,45
5fuMjeirNOLJTuyMHsDGMB,Electric River,Toma Hale,reggae,aggressive|energetic,0.729,0.713,0.603,81.5,-8.39,0.05,0.0,0.0,0.344,214311,6,0,4,39
ZiJdL9JJvQhAw3Q8WB36Ud,Fading Bloom,Leo Hale,r&b,dreamy|chill,0.524,0.344,0.594,94.1,-1.31,0.038,0.15,0.116,0.045,229197,6,0,4,49
rblrSWt6vwal3jKQzejVOb,Broken City,Finn Shaw,rock,sad|chill,0.41,0.924,0.641,140.6,-9.96,0.028,0.18,0.069,0.042,173476,8,0,5,78
nWGhwBhsRRLFHQtcozMdan,Fading Echo,Talia Stone,classical,sad|melancholic,0.203,0.276,0.259,109.1,-15.1,0.042,0.942,0.82,0.079,190760,7,1,4,25
OAshzb9ukZ8ND1S6xfB2gp,Hollow Wave,Nova Cade,country,dreamy|energetic,0.603,0.655,0.549,93.2,-2.53,0.104,0.181,0.129,0.169,217043,1,1,5,26
lMjWWPel8XOFDWKWLCR74K,Radiant Road,Wren Marsh,latin,happy|aggressive|chill,0.853,0.771,0.856,113.2,-6.79,0.047,0.335,0.114,0.0,226670,2,1,4,31
V5cC6ZKPmuMEGj9dCgZ51v,Broken City,Kai Voss,jazz,playful|uplifting,0.406,0.339,0.699,112.7,-11.83,0.13,0.625,0.412,0.193,212533,9,1,4,1
3jvfLQj6wt9PSQziMT8ftJ,Burning Road,Zara Reyes,classical,melancholic|happy|chill,0.156,0.182,0.538,82.7,-20.55,0.049,0.785,0.859,0.12,264936,4,1,5,61
Myjkl1SXNZ5kUCcAxRUpCN,Fading Storm,Rio Stone,electronic,playful|energetic|dreamy,0.609,0.952,0.747,134.3,-4.29,0.002,0.697,0.407,0.0,198795,8,0,4,64
J7gT2H2hsfWkrC5Gj1Bf86,Lonely Storm,Ava Wells,metal,aggressive,0.283,1.0,0.334,109.2,-5.62,0.097,0.0,0.215,0.0,234574,10,1,4,56
fbqn1jJ8UMHBhXspthdpAO,Radiant Storm,The Gardens,classical,uplifting,0.335,0.636,0.425,90.3,-20.6,0.0,0.925,1.0,0.203,240025,7,0,4,43
3EcOyxqVbwYewpUQOgXLVW,Crystal Shadow,The Stars,metal,tense|energetic,0.404,0.903,0.433,140.7,-1.91,0.049,0.0,0.171,0.114,229785,8,0,4,43
IEqcWPmsw3Xd3PvrhZxB4z,Endless Ghost,Jax Knox,latin,aggressive|tense|chill,0.665,0.391,0.606,118.3,-4.86,0.055,0.213,0.146,0.203,282539,0,1,4,0
wCcU36wNBrOY8deQOzxGZV,Neon Horizon,The Blooms,rock,happy|sad|tense,0.465,0.793,0.49,117.9,-6.62,0.124,0.0,0.0,0.221,196112,6,0,4,70
lFHy6JhqXqTCnNsS6Fmhi2,Broken Storm,Iris Reyes,classical,dreamy,0.11,0.473,0.535,103.6,-18.94,0.067,0.917,0.69,0.212,244115,5,1,4,49
bxJKxDZJiN4fetzTUEHAXA,Faded Dream,The Roads,reggae,romantic,0.693,0.306,0.567,105.3,-9.57,0.076,0.391,0.0,0.035,234375,2,0,4,54
Tow88H5s2fqmO9JriOtNIf,Bitter Skyline,Mira Quinn,folk,tense|uplifting,0.387,0.343,0.59,94.3,-7.96,0.103,0.583,0.0,0.278,159403,8,0,4,54
EpZZRztDeSdkCAEDnvMju3,Crystal Ocean,Mira Frost,blues,chill,0.541,0.482,0.353,94.2,-7.29,0.0,0.744,0.085,0.089,297356,8,1,4,52
GDF4tFbf8zGD9pnLwddsFM,Restless Rain,Leo Wells,r&b,nostalgic|dreamy,0.744,0.591,0.481,86.9,-13.08,0.123,0.237,0.246,0.3,172778,9,1,4,46
gzxYvJ8xWjmMGzGccciTvZ,Restless City,Zara Marsh,latin,playful|chill,0.66,0.67,0.726,97.6,-3.93,0.019,0.383,0.069,0.222,143915,9,0,4,33
U3SObMEq9PYXLKoUdLEkHO,Radiant Ghost,The Memorys,country,melancholic,0.746,0.538,0.559,99.0,-7.54,0.019,0.479,0.09,0.188,179882,10,0,4,14
nJuQEHyu9lD6IvIwRX3URP,Wild Bloom,Rio Ryder,indie,energetic|playful,0.442,0.568,0.519,110.5,-10.89,0.078,0.317,0.163,0.0,260513,0,0,5,21
Zjscs9Tfw7CPqVEnm0Ir7J,Wild Shadow,The Waves,jazz,chill|dreamy,0.525,0.214,0.486,111.9,-7.34,0.028,0.388,0.147,0.119,265752,8,1,4,65
PmW9susPd6XfPKoIVU27c6,Neon Light,Jax Cross,reggae,nostalgic|sad|tense,0.429,0.563,0.758,72.1,-7.35,0.144,0.359,0.113,0.346,238228,10,1,4,43
kUDPqTlaVvYsKRWmlN2O5z,Hollow City,Nadia Blake,blues,playful|romantic,0.67,0.34,0.594,116.4,-10.62,0.207,0.511,0.418,0.038,202455,2,1,4,48
tkzRG754TXtShO68sxNoo9,Silent Garden,Cole Wells,electronic,tense,0.775,0.898,0.506,118.4,-2.1,0.025,0.0,0.381,0.116,196341,10,0,4,56
2HChRnTLFf5GCZdDiGADKd,Sweet Storm,Ezra Vance,latin,energetic|happy,0.803,0.901,0.743,110.1,-2.66,0.09,0.156,0.0,0.267,234063,8,0,5,33
5yC366yyfR9Q3IiP3whlIz,Bitter Shadow,Rio Vance,rock,playful,0.484,0.906,0.589,132.2,-6.38,0.072,0.543,0.2,0.14,157448,10,1,4,63
bpnegMcCMRT3dpVczCoInW,Golden Shadow,Ezra Voss,r&b,melancholic|dreamy,0.58,0.367,0.176,106.1,-8.44,0.176,0.144,0.022,0.142,195666,10,1,5,49
Fdw8PQyYHuSAAjtylWIEp2,Lonely Rain,Mira Shaw,blues,melancholic,0.202,0.406,0.515,96.8,-6.92,0.173,0.637,0.288,0.241,279115,10,1,5,14
mZWLUQJnEn36vt96an7m9V,Electric Garden,Sena Cade,country,uplifting|tense,0.49,0.527,0.605,90.4,-6.37,0.042,0.451,0.0,0.14,189326,4,1,5,12
AcK3oVjbqJ7LLUAsjmvoyK,Lonely Garden,Wren Ryder,country,playful|dreamy|melancholic,0.403,0.38,0.646,122.0,-8.88,0.086,0.299,0.126,0.0,217565,3,1,4,27
oeTjanGDxdNOQ7N6EQFbaI,Sweet Light,The Citys,hip-hop,uplifting|chill,0.738,0.539,0.62,123.0,-0.23,0.192,0.245,0.111,0.0,203540,1,0,3,12
x9zDKpSotR02fP2PWcfzyy,Sweet Garden,The Horizons,reggae,happy|nostalgic,0.821,0.619,0.443,94.2,-7.3,0.079,0.364,0.0,0.203,142505,4,1,3,38
cl72ub9nLjW0T0z7etkKpK,Burning Star,Mira Reyes,folk,happy|aggressive,0.483,0.199,0.542,104.4,-8.79,0.158,0.698,0.065,0.236,185499,0,0,4,65
lRLQyfXNsZpTefrjyTYOjV,Burning Road,Nova Vance,blues,romantic|tense,0.359,0.595,0.494,105.5,-9.43,0.002,0.348,0.044,0.019,187592,8,1,4,49
U5J5pKHkRykirtrFjekBrA,Fading Garden,Cole Ryder,rock,tense|romantic,0.552,0.857,0.369,129.5,-6.67,0.078,0.16,0.027,0.078,194530,6,0,4,15
uM8SmEul9z9usVSOF9KYpu,Burning Fire,Nadia Frost,metal,nostalgic,0.508,0.919,0.417,131.8,-1.48,0.075,0.0,0.376,0.066,177670,10,0,4,76
QjTBYyeCMELzIG763SAIcY,Distant Star,Nova Blake,electronic,uplifting|aggressive,0.594,0.697,0.421,122.1,-5.69,0.008,0.0,0.478,0.111,274398,6,1,4,35
xzDXRLSGjwbEgsA69fh18U,Silent Ocean,Iris Hale,folk,chill|sad|dreamy,0.384,0.233,0.374,115.5,-10.46,0.067,0.617,0.0,0.105,238074,11,0,4,53
oZzOllOQBzbVN4mCLByaTn,Velvet Fire,Nova Blake,r&b,aggressive|energetic,0.607,0.592,0.477,80.9,-8.16,0.033,0.131,0.121,0.224,211979,2,0,4,0
LfRiuhpthlxSjGyAMiKyBl,Restless Star,Jax Quinn,rock,energetic|nostalgic,0.389,0.781,0.848,114.5,-7.97,0.021,0.0,0.02,0.102,246313,10,1,5,22
WoscroIskXDKVXXFJGhKhr,Sweet Ocean,Kai Shaw,metal,playful|sad,0.507,0.937,0.431,111.6,-7.42,0.058,0.025,0.223,0.109,176979,7,1,4,49
OBkNiYn0nZdKwIrMIkuTss,Faded Fire,Zara Blake,blues,playful|tense,0.465,0.399,0.307,93.1,-4.04,0.146,0.527,0.128,0.254,269115,3,1,5,69
Y4XfzGVrS74xD8FuLa3X2U,Broken Storm,Cole Reyes,pop,sad|romantic,0.941,0.639,0.81,136.9,-3.5,0.0,0.365,0.02,0.098,173511,9,1,4,39
72kCDa9BmS6i4Ptk374rfP,Distant Fire,The Skylines,jazz,aggressive,0.534,0.357,0.66,122.7,-14.52,0.127,0.474,0.281,0.045,268791,7,0,3,52
iEeoyfUZggux4tiyX0W3iP,Silent Dream,Ava Quinn,jazz,chill|dreamy,0.47,0.201,0.491,114.7,-8.04,0.092,0.578,0.369,0.042,209709,0,1,3,65
pJMMUMsX8Sb22Q4tnHMGmV,Burning Rain,Rio Knox,country,sad|romantic|uplifting,0.541,0.453,0.492,115.9,-6.01,0.054,0.415,0.27,0.058,151068,3,1,3,60
c7d8YzGsOTGXABSzfOIINj,Wild Dream,Zara Hale,reggae,melancholic|aggressive,0.714,0.538,0.566,105.0,-10.76,0.09,0.35,0.0,0.203,254930,1,0,5,59
QVQVlhaTiSakF8wHHY0Uqk,Distant Shadow,Talia Blake,folk,chill,0.489,0.364,0.283,77.5,-7.63,0.063,0.67,0.019,0.225,232676,9,0,4,40
VGac23apcExy6jl792cJZ6,Hollow Memory,Finn Lark,country,tense|melancholic,0.544,0.593,0.554,118.2,-8.88,0.105,0.159,0.137,0.063,199374,4,0,5,40
DaxmsKYtVNpDxLFXXmU5IW,Lonely Shadow,The Lights,rock,energetic,0.447,0.541,0.546,157.6,-6.72,0.111,0.216,0.246,0.197,199432,5,0,5,82
rfc6o52HAS5xDVfLgGiO0z,Broken Wave,Finn Marsh,classical,chill|tense,0.179,0.111,0.585,88.4,-18.16,0.017,0.908,0.807,0.229,324783,6,1,3,55
AhIw9XnCtDq2hfkZRt0TSM,Golden Echo,Wren Marsh,latin,dreamy,0.789,0.523,0.876,107.0,0.0,0.116,0.124,0.137,0.279,229642,7,1,4,50
oim0zxRO8PfLLq60ebem5P,Endless Shadow,The Roads,classical,happy,0.27,0.273,0.366,126.3,-16.05,0.01,1.0,0.936,0.108,209472,1,0,3,82
NNNpPsFA4JEdfryiAmP4ZH,Lonely Star,Nadia Frost,r&b,romantic|aggressive|nostalgic,0.667,0.759,0.557,83.2,-7.44,0.018,0.0,0.099,0.192,241899,7,0,3,36
rI0Y6VdW8oK2Zyw712llpL,Crystal Ocean,Ava Frost,reggae,uplifting|sad,0.659,0.636,0.85,94.0,-8.88,0.149,0.283,0.265,0.057,221657,9,0,4,68
Tl6Z23udbjLT6jXh2H3x9e,Distant Ghost,Wren Stone,latin,energetic,0.903,0.803,0.582,111.4,-4.52,0.072,0.137,0.15,0.27,304437,3,0,4,45
lUa8S8Kz2X9KclMu6Z9NoO,Faded River,Mira Lark,country,chill,0.629,0.255,0.545,108.4,-3.04,0.022,0.275,0.201,0.172,267585,2,1,4,43
dyCUAk4AF4ywIyg1EY3KPW,Lonely Skyline,Kai Stone,classical,chill,0.2,0.373,0.722,83.9,-22.0,0.023,1.0,0.9,0.176,215043,4,0,3,52
dgvnmASJU7UIqQstpgdzKJ,Restless Shadow,The Horizons,rock,sad|tense|uplifting,0.565,0.833,0.377,120.5,-3.2,0.097,0.272,0.0,0.063,184921,0,1,4,28
x4yxlCcqCDqo1rKdjWSQgf,Distant Star,Rio Cross,r&b,tense|romantic|melancholic,0.57,0.509,0.483,115.1,-5.13,0.042,0.259,0.108,0.244,156299,1,1,4,47
8knZmicBfRBm0Oj1Mqu6U6,Broken Dream,Nadia Lark,blues,melancholic|nostalgic,0.594,0.389,0.411,109.4,-5.82,0.074,0.626,0.0,0.021,209507,9,0,3,65
3I4w4AqyPFKMEclrzjNMRS,Burning Heart,Wren Voss,pop,tense,0.659,0.688,0.396,112.2,-4.77,0.0,0.0,0.002,0.062,299560,9,0,4,28
PfmCn60AVFWH3x0dGYketT,Bitter Ghost,The Citys,jazz,sad,0.519,0.385,0.602,123.7,-11.38,0.039,0.434,0.274,0.187,-1000,11,1,4,42
xFMCl93ELJwwk15qV1Sfsb,Burning Heart,Sena Voss,blues,dreamy|chill,0.574,0.463,0.449,89.9,-7.72,0.022,0.547,0.158,0.232,142742,10,0,4,72
DqnDtRH0NzLgaGQ911xJPM,Radiant Rain,Leo Knox,country,aggressive,0.311,0.53,0.822,113.0,-4.92,0.14,0.303,0.0,0.172,269026,4,1,4,75
RiUbPFsq6AzyVcLTK0mvUT,Lonely Star,Reo Frost,jazz,nostalgic,0.357,0.249,0.319,117.9,-12.32,0.11,0.533,0.489,0.288,273469,9,1,4,23
xqLsD2hEd3OLL8NeE4mGh3,Burning City,Kai Marsh,reggae,playful|aggressive,0.723,0.599,0.731,71.0,-6.46,0.129,0.334,0.123,0.128,229856,5,0,4,8
WXkKWkFYWXfiNBOBzB9Eya,Golden Star,Cole Vance,metal,tense|melancholic,0.52,1.0,0.075,142.1,-3.57,0.0,0.206,0.287,0.405,209634,7,1,4,51
vB4Riv5FwWmk866ZzbooUi,Velvet Horizon,Jax Blake,pop,dreamy|nostalgic,0.625,0.499,0.602,123.2,-7.98,0.105,0.381,0.0,0.243,279637,4,1,4,41
qESjnSROatAQgQHrNMSiA1,Electric City,Leo Stone,country,tense,0.39,0.616,0.519,129.7,-7.12,0.054,0.304,0.012,0.134,199648,6,0,5,25
6h1KQFj8fXGeUUg5qPoDsq,Endless Heart,The Skylines,r&b,nostalgic,0.675,0.576,0.435,112.9,-7.7,0.074,0.382,0.076,0.082,215625,7,1,4,74
x0vlhzz9Dr1yS2EZAP4Zkh,Silent Heart,Jax Blake,classical,nostalgic|melancholic,0.303,0.283,0.327,100.2,-18.77,0.104,0.895,0.747,0.032,233020,7,1,3,61
aT3RHXVKUKo9Q3vHHSSNgB,Lonely Garden,Nadia Marsh,r&b,happy,0.699,0.607,0.427,74.0,-6.2,0.056,0.228,0.0,0.193,205608,6,1,3,71
fDCZKCf2FCuhFVPbgzAcJJ,Midnight Dream,Ezra Hale,hip-hop,playful|aggressive|happy,0.818,0.515,0.494,100.1,-8.7,0.18,0.01,0.012,0.221,164463,6,1,4,43
c5kFi0TVUAgqNmmh72znD0,Velvet Road,The Lights,electronic,playful,0.78,0.691,0.522,114.8,-6.08,0.067,0.0,0.326,0.146,212769,5,1,5,14
X66lSLlU0igyQMM4uG4yAM,Lonely Fire,Wren Stone,blues,nostalgic|sad|melancholic,0.424,0.421,0.332,83.0,-10.58,0.065,0.629,0.067,0.148,210607,6,1,5,19
uThWwJELK8QTARV51Is42B,Midnight City,The Ghosts,indie,happy|sad,0.32,0.532,0.376,99.8,-8.15,0.094,0.311,0.087,0.116,155584,10,0,4,14
ypGYYZSsSQd7yyA9YRu9Jd,Midnight Fire,Iris Voss,jazz,tense|melancholic,0.495,0.4,0.461,119.8,-14.24,0.037,0.524,0.389,0.311,286861,1,0,5,52
avDT7jcj7uMdX7ON1QtFYK,Sweet Ocean,The Roads,metal,playful|romantic,0.464,1.0,0.407,139.5,-0.54,0.041,0.174,0.147,0.171,222852,4,1,4,65
0WPahQwCp5PN6Np9cR4uy6,Electric Ghost,Ezra Vance,latin,uplifting,0.997,0.576,0.695,105.5,-3.8,0.037,0.136,0.008,0.232,228169,8,1,5,77
1S4VXBP08eVRjbDTvcfedl,Wild Star,The Memorys,r&b,aggressive|romantic,0.897,0.57,0.514,92.7,-4.51,0.043,0.369,0.089,0.187,215677,10,0,4,51
YRtMfsW7Cyz0QbEkIoiVzY,Sweet Rain,Mira Stone,country,playful|happy,0.48,0.53,0.611,101.5,-9.69,0.062,0.264,0.0,0.017,210283,8,0,4,37
qmhlQZK2d2W7JDPJesQeqg,Velvet Wave,Wren Frost,blues,dreamy|energetic,0.392,0.429,0.602,88.3,-10.4,0.138,0.506,0.0,0.225,194083,6,0,4,56
upYoTVPBr1xiRUv4EDCwXt,Restless Star,The Blooms,jazz,nostalgic,0.652,0.212,0.33,102.4,-12.43,0.004,0.482,0.42,0.085,192014,6,0,3,58
qI5IEPXjxzo5XLU2siDGGf,Burning Ocean,Rio Quinn,blues,romantic|energetic,0.567,0.226,0.481,81.2,-5.21,0.0,0.73,0.015,0.026,161125,9,1,5,46
E6D4ccPugT9HO1r1VqLIKl,Burning Ghost,Nova Ryder,metal,playful|energetic|aggressive,0.432,0.731,0.019,134.7,-3.14,0.042,0.005,0.0,0.153,206930,3,1,4,49
QoAZvUhEREEnLkP1AbpciK,Faded Skyline,The Citys,blues,nostalgic,0.543,0.348,0.197,94.9,-8.49,0.077,0.523,0.084,0.107,193373,2,0,4,15
ME3Eko1AMjYL0XlNQGqkUR,Crystal Storm,Nova Voss,hip-hop,aggressive|sad|energetic,0.618,0.737,0.54,87.5,-8.38,0.279,0.261,0.284,0.169,197803,1,0,4,31
a58XRPBHAx3cSHBo8ZEYXy,Distant Wave,Leo Wells,blues,chill|dreamy,0.603,0.352,0.495,118.2,-13.15,0.0,0.319,0.264,0.0,201887,1,1,4,65
xgjBPLqq2IBKxNrRzWnAJY,Sweet Garden,Toma Knox,blues,playful|melancholic,0.364,0.59,0.502,114.8,-8.86,0.121,0.389,0.125,0.155,176515,3,1,4,42
Zf0jE7MBfeqoxfMcUy7zNP,Bitter Rain,Kai Quinn,latin,romantic|sad|uplifting,0.746,0.512,0.835,90.9,-5.97,0.032,0.026,0.018,0.172,254462,5,0,4,23
wQzzLmHaVTe6fJsU1J6Lww,Wild Memory,Sena Shaw,latin,uplifting|energetic|romantic,0.909,0.622,0.689,98.7,-8.78,0.038,0.238,0.0,0.066,153725,1,1,4,0
DRD5L3bEhqeyOYoRSoZuA9,Distant City,Talia Voss,rock,sad|dreamy,0.368,0.749,0.51,127.2,-10.31,0.039,0.163,0.0,0.15,258258,6,1,4,47
Vp3qnom1p1NwjXgh6fR9QF,Radiant Horizon,Toma Cross,blues,chill|nostalgic,0.144,0.367,0.56,98.1,-5.8,0.094,0.557,0.244,0.301,238525,11,0,4,39
XlDhSHDuSaaRnyLguxN3ql,Sweet Fire,Reo Lark,metal,energetic|aggressive,0.495,0.798,0.682,148.4,-5.24,0.052,0.0,0.084,0.185,171537,8,0,5,22
mjZ9VjEZalAFi52OHIUuYF,Fading Fire,Kai Cade,country,dreamy,0.745,0.515,0.462,114.7,-5.8,0.028,0.424,0.0,0.117,240686,3,1,4,54
mKKPPIlXswuRGFXVC4fyNs,Endless Shadow,Wren Wells,pop,nostalgic|happy|sad,0.72,0.74,0.636,108.7,-7.54,0.109,0.093,0.017,0.184,180841,6,0,4,79
l2biUpQq8VSVfnkzgge74E,Sweet Heart,The Ghosts,electronic,happy,0.492,0.712,0.701,106.1,-1.81,0.083,0.0,0.191,0.0,214358,7,1,4,20
3I7rJCi8SIlLMDOVO4KBHO,Sweet Rain,Reo Voss,metal,aggressive,0.498,1.0,0.447,149.8,-5.43,0.041,0.0,0.102,0.163,206820,10,1,4,59
XBZsMoYaJxmA4JBzpkTVPy,Burning Memory,Finn Voss,classical,chill|dreamy,0.199,0.191,0.496,100.3,-19.35,0.046,1.0,0.81,0.27,197259,7,1,3,23
sriTCUaofjaFnvAtYZFxDS,Golden Road,The Shadows,latin,energetic,0.791,0.777,0.774,-5.0,-9.21,0.083,0.234,0.122,0.062,216768,2,0,5,98
mDVXgHQnEyR9t7ukOUcV7J,Bitter River,Ezra Hale,country,playful,0.595,0.672,0.673,121.2,-11.28,0.122,0.452,0.235,0.269,215447,7,0,3,79
pkFfRNv7WOddwPjSIYgiFo,Crystal Star,Cole Shaw,electronic,happy|aggressive,0.807,0.765,0.476,110.7,-6.48,0.083,0.061,0.394,0.279,204733,11,1,5,64
HjCs0qIxDaXOGyUl4bN2xX,Radiant Memory,Nova Cade,indie,melancholic|romantic,0.72,0.72,0.74,109.9,-4.79,0.072,0.19,0.112,0.21,177598,4,0,3,71
1yQFHNSLqdxoMTea76nPF7,Broken Storm,Kai Frost,reggae,tense|happy,0.755,0.631,0.538,100.0,-2.33,0.092,0.321,0.195,0.161,224086,1,1,4,66
O8lJVJAVgXOKwRDSQB4gkY,Neon Star,Wren Quinn,metal,nostalgic|melancholic,0.491,0.897,0.393,168.7,-6.67,0.126,0.135,0.144,0.242,189584,8,0,5,42
csMbHi4taton2ubX08S0r6,Sweet City,Mira Blake,classical,melancholic,0.369,0.148,0.262,108.0,-20.33,0.046,0.692,0.76,0.0,194483,5,1,4,45
05SSK06gMPtcUZKyfXd6Xv,Distant Light,Leo Voss,hip-hop,uplifting,0.749,0.724,0.61,102.0,-7.52,0.11,0.005,0.0,0.282,208668,7,0,4,13
jivfEKVdJzqfzGBXSiWiEJ,Velvet Garden,Sena Voss,folk,happy|tense,0.374,0.419,0.681,116.4,-9.85,0.076,0.798,0.184,0.138,175306,7,0,4,13
jCc70omRxjWU2fhVdp8N7j,Fading Horizon,Leo Stone,classical,melancholic|chill|dreamy,0.387,0.187,0.27,94.8,-16.78,0.019,1.0,0.881,0.271,218004,5,1,5,32
SNrdDP8aeyQrQ26Qx3gbs3,Burning Memory,Zara Blake,electronic,aggressive|melancholic,0.762,0.92,0.491,119.4,-5.15,0.051,0.222,0.342,0.022,185586,0,1,4,57
OtpGrZdOq4y40b8J8rojv5,Burning Shadow,The Ghosts,rock,aggressive|uplifting,0.53,0.855,0.713,137.0,-5.75,0.016,0.0,0.122,0.133,196672,5,1,4,52
jP7K6kueJI8Uhlu14jUbWu,Hollow Light,Talia Marsh,country,sad|energetic,0.809,0.502,0.51,118.3,-11.34,0.037,0.515,0.038,0.206,188860,11,0,4,99
l2yFEikmocAWa7r8AoVQmW,Velvet Dream,Iris Knox,latin,nostalgic|playful,0.791,0.866,0.682,96.9,-6.53,0.08,0.037,0.0,0.157,218998,9,1,4,34
4pHIzVcJyHWO9dmsCz4tX0,Fading Storm,Ezra Cross,country,romantic|uplifting,0.521,0.57,0.586,127.2,-7.16,0.0,0.204,0.0,0.0,202102,0,0,4,5
fquSP6TYkTUhfhTCOxfHTy,Bitter Bloom,Nadia Cade,rock,tense,0.566,0.79,0.478,125.9,-7.27,0.013,0.163,0.0,0.207,238092,11,0,4,69
aNWqaDF2FIZaM4FpnLQEDA,Endless Dream,Ava Voss,classical,uplifting,0.139,0.18,0.628,117.1,-19.88,0.081,1.0,0.882,0.163,171807,10,0,3,85
kRsNQSSMKYJl9DVLx7cfXt,Crystal Ocean,Nova Wells,blues,chill,0.268,0.47,0.493,96.9,-8.49,0.0,0.631,0.188,0.086,206638,1,1,4,52
sBM2uqHKNw7iNKFHUOFFZl,Radiant Memory,Sena Vance,hip-hop,happy,0.921,0.815,0.426,108.0,-3.46,0.223,0.236,0.031,0.272,208649,1,1,5,98
YettGJuXahRvvzUKN9b1lm,Crystal Road,Reo Knox,folk,uplifting,0.308,0.407,0.265,101.9,-9.61,0.007,0.805,0.26,0.297,228415,11,1,4,72
RvZ64Ywejr1bvyOI1kKMyl,Radiant River,Ezra Lark,r&b,energetic,0.725,0.61,0.661,100.1,-6.74,0.053,0.0,0.0,0.022,208186,10,1,5,31
5Gjmv7EU3HtXujX3g08HRi,Velvet Heart,Zara Blake,rock,chill,0.482,0.712,0.552,130.1,-3.93,0.127,0.0,0.138,0.264,230369,7,0,4,1
uXCQhrjkrha9NJGgnIwJur,Silent Rain,Jax Reyes,pop,uplifting|aggressive,0.638,0.501,0.744,122.2,-6.67,0.024,0.238,0.159,0.074,198796,3,1,4,50
wtv0mTWQZIf7WWDKif0Z6S,Endless River,Iris Knox,r&b,playful|sad,0.74,0.528,0.461,91.2,-6.79,0.0,0.24,0.0,0.248,258716,11,1,5,27
KiGgz0TYguJPeYtIDzLApN,Lonely Star,Reo Cade,metal,aggressive,0.394,1.0,0.486,160.9,-5.81,0.112,0.326,0.0,0.195,222816,7,1,4,41
MDuJg0Clt9zeMgR0MX0yuF,Golden Dream,Mira Vance,blues,uplifting|melancholic,0.559,0.406,0.25,84.9,-5.78,0.095,0.693,0.131,0.282,210787,7,0,5,13
z2i2sdx5J9daTJ0wh3s3bp,Hollow Wave,Wren Cade,jazz,aggressive|uplifting,0.379,0.5,0.626,124.3,-9.18,0.038,0.764,0.237,0.25,200107,5,0,5,100
ifiPZA3D5YSM7BNlDGBJ0C,Burning Ocean,Finn Vance,r&b,nostalgic|energetic|melancholic,0.668,0.598,0.596,86.4,-6.48,0.078,0.278,0.0,0.113,272680,2,1,4,47
NfpEOVQ9QeROIZLtNd5vIX,Midnight Garden,Reo Lark,country,aggressive|playful|chill,0.691,0.48,0.641,113.2,-12.59,0.0,0.359,0.0,0.292,246214,8,1,4,20
FfiGe2YrqiNrr2qaVhMl6L,Silent Storm,Jax Ryder,hip-hop,aggressive|tense,0.734,0.915,0.575,96.1,-6.85,0.17,0.099,0.0,0.16,330528,11,0,4,64
dPqW0hdkDzEtEV8W7IoyRT,Burning Garden,Zara Wells,blues,chill,0.788,0.521,0.598,74.4,-8.96,0.008,0.459,0.25,0.041,254396,11,0,4,11
rZgqPLzDXRVpURLXmHvRSl,Crystal Star,The Horizons,latin,happy,0.692,0.528,0.771,129.9,-4.08,0.0,0.421,0.0,0.0,133622,4,1,4,63
yQW5PKZ9l5hSlqsDQ7eOD7,Wild Light,Wren Ryder,rock,tense|energetic,0.32,0.771,0.406,131.2,-6.63,0.048,0.294,0.05,0.0,167749,3,0,3,68
IXBnNPg6CTqgceeKUqXCb5,Restless Shadow,Ava Cross,pop,energetic|dreamy|playful,0.784,0.57,0.691,116.8,-2.82,0.0,0.498,0.13,0.162,195706,7,0,4,36
wvRtzdO9PfxI29vf1DWXsP,Velvet Skyline,Nadia Hale,metal,dreamy|nostalgic,0.588,0.904,0.372,151.0,-4.14,0.042,0.0,0.0,0.165,253950,11,1,3,2
I91ZC9bcvdvYUczhnZPQHD,Sweet Shadow,Rio Reyes,folk,dreamy,0.335,0.298,0.339,106.2,-9.37,0.226,0.871,0.015,0.203,217869,8,1,4,64
hFMZNoeZmBvZ1VRzuhRKIi,Crystal Echo,Jax Lark,r&b,sad,0.573,0.389,0.49,88.9,-7.12,0.074,0.177,0.001,0.087,281507,7,0,5,78
faal7fTPL4sASZYXESinjO,Wild City,Rio Quinn,hip-hop,uplifting,0.837,0.653,0.409,100.6,-3.2,0.259,0.038,0.063,0.282,188794,2,0,4,30
rdmhYjR296EFlkQ7cdPxsn,Hollow Fire,Iris Cross,indie,tense,0.256,0.55,0.317,115.9,-8.39,0.085,0.162,0.093,0.106,211616,5,0,4,48
uogpVA3my5oeELFd4Bjn7N,Endless Skyline,Mira Shaw,reggae,uplifting|playful,0.525,0.645,0.885,105.2,-10.45,0.023,0.176,0.056,0.101,234027,5,0,3,73
fA2HF3nLE1DraUBV3ppuBL,Lonely Wave,Ava Wells,electronic,happy,0.704,0.806,0.389,134.6,-8.68,0.102,0.0,0.453,0.166,247857,2,0,5,83
iwspPfbEQtkTD2KVLbDDXi,Burning Skyline,Cole Shaw,r&b,nostalgic,0.606,0.485,0.273,101.8,-11.09,0.108,0.066,0.074,0.218,272989,11,1,4,61
x4dhyxDNcxxlPJTeJTXniv,Lonely Star,The Gardens,rock,tense,0.362,0.922,0.427,109.4,-8.49,0.018,0.076,0.053,0.19,273581,9,1,3,1
NxZR8SZ84em54Dffz5ls99,Broken River,Leo Marsh,classical,energetic|chill|playful,0.276,0.193,0.545,110.2,-17.11,0.0,0.849,0.712,0.161,260128,10,1,4,66
YuFLQSH1JCDtKi5YtkYqoE,Distant Rain,Kai Marsh,pop,chill|playful,0.615,0.956,0.523,128.7,-6.78,0.027,0.129,0.0,0.337,246237,3,1,4,19
qxlnJTcQuwjxCIkIth6bz7,Restless Shadow,Wren Marsh,metal,playful,0.317,1.0,0.241,149.8,-7.75,0.046,0.0,0.415,0.1,215880,5,0,4,50
iRJhtbzN1oCwfudMPmLHoY,Wild Echo,The Stars,reggae,dreamy|playful,0.806,0.534,0.603,117.9,-4.76,0.052,0.087,0.0,0.228,256204,7,1,3,40
tC3JfnU4CVAZCskZU5BU5A,Silent Wave,Mira Hale,country,melancholic|playful,0.294,0.586,0.723,121.5,-8.29,0.119,0.066,0.0,0.307,188615,4,1,4,59
Fc00t1LtFJVDobYajqt9O1,Restless River,Ezra Wells,classical,romantic|dreamy,0.579,0.373,0.452,114.3,-20.74,0.093,0.835,0.576,0.109,149970,2,0,4,53
GUKb2qkLdjuD4SiwkdrxAO,Distant Heart,Zara Reyes,electronic,tense|energetic,0.634,0.981,0.545,116.8,-6.38,0.007,0.0,0.364,0.163,211975,11,0,4,75
XFAv66kgnjGo1mY5JNS18H,Sweet Star,Leo Wells,rock,nostalgic|energetic,0.441,0.758,0.492,110.2,-6.52,0.137,0.217,0.171,0.07,252605,5,0,3,55
Hpmpurd5ghlCkIn6yamaGE,Velvet River,The Citys,pop,melancholic,0.774,0.547,0.617,130.5,-7.65,0.064,0.0,0.188,0.059,212590,1,0,4,40
GXUNpGKeg0LWaHnTm9sk5W,Sweet Horizon,Leo Hale,jazz,aggressive|uplifting|romantic,0.598,0.427,0.617,121.4,-12.42,0.043,0.554,0.416,0.138,206439,2,1,5,38
UcfuFhysDMVtR1CoJAs2Bm,Broken Garden,Cole Quinn,rock,playful,0.558,0.847,0.677,128.8,-4.79,0.086,0.024,0.107,0.145,231631,5,1,5,51
M2zho1BUFrWTXLLrWYZP8z,Distant Garden,Nadia Knox,r&b,sad|melancholic,0.593,0.394,0.227,103.2,-9.83,0.0,0.168,0.108,0.139,130655,2,0,4,62
CxzYLlB5S5LiWd1XX89oQ8,Sweet Star,The Hearts,rock,playful|happy|aggressive,0.483,0.799,0.726,131.2,-5.52,0.128,0.044,0.003,0.213,253682,10,1,4,41
RIKEEJ2kGdzqFLyNRwXsud,Midnight Wave,The Oceans,blues,tense|uplifting,0.355,0.543,0.587,87.2,-9.79,0.004,0.539,0.215,0.255,262453,7,0,5,31
hvkbIucDQ3BKG5ArbSELbu,Burning Wave,Leo Knox,latin,dreamy,0.643,0.785,0.614,97.0,-3.68,0.04,0.313,0.083,0.086,182974,11,0,4,23
KzZoNV9fT2LgLvreKZHEBn,Distant Dream,Ezra Stone,electronic,uplifting|chill|aggressive,0.647,0.902,0.513,118.5,-7.7,0.083,0.0,0.264,0.251,157390,8,0,4,43
7OIZN2X6B7KUOdHmxDjpjV,,Nova Hale,jazz,chill|energetic,0.6,0.307,0.433,128.6,-10.55,0.103,0.558,0.225,0.05,238608,11,1,4,94
YZrQJlP2c9UFYbd35fuMt3,Broken Light,Nova Cade,folk,chill|uplifting,0.351,0.277,0.574,127.5,-13.12,0.074,0.814,0.106,0.017,237545,0,0,4,44
7BnjglnrCAq3LdFIxS8huI,Hollow Garden,Talia Marsh,reggae,romantic|aggressive,0.729,0.683,0.575,98.3,-8.79,0.088,0.425,0.0,0.101,267148,5,1,4,70
Cya69z76qtf70Wptn34k6C,Crystal Light,Talia Reyes,jazz,melancholic|romantic|nostalgic,0.81,0.441,0.323,85.7,-12.61,0.0,0.372,0.15,0.158,265634,4,1,3,30
PPlOCYPiazmOtuKfhkpHTX,Silent Bloom,Wren Shaw,indie,playful|happy|sad,0.531,0.313,0.657,114.7,-7.58,0.0,0.422,0.142,0.227,181005,11,0,3,39
S2kdzNBMqjf9xk8KhaTHBX,Endless Garden,The Echos,metal,nostalgic|tense,0.5,0.709,0.399,162.3,0.0,0.025,0.167,0.202,0.189,311053,8,0,3,58
qpNC6pxLRPDfaEi3uSzRnT,Burning Light,Talia Reyes,jazz,uplifting,0.487,0.367,0.72,78.3,-15.81,0.045,0.752,0.473,0.297,179286,2,0,4,55
i95JcLlqkGF7v4DifuTHBj,Wild River,Mira Knox,pop,tense|playful,0.656,0.726,1.0,106.3,-8.89,0.012,0.0,0.311,0.223,223630,9,1,4,74
mjdolcEqkTDBh57FcCwTJF,Endless Garden,The Shadows,jazz,aggressive,0.475,0.477,0.483,97.2,-11.28,0.102,0.714,0.059,0.291,117220,8,1,3,47
FRg4vbsRRhzxL78g1ujbfD,Restless Storm,Talia Vance,electronic,playful|uplifting,0.771,0.724,0.588,151.0,-7.84,0.026,0.206,0.314,0.27,206332,9,0,4,58
zqlp9X3zfb2nkyXzsPW9Pj,Electric Rain,Finn Stone,r&b,aggressive|happy,0.607,0.412,0.667,87.5,-8.23,0.128,0.163,0.0,0.193,209000,1,1,3,51
RoPRTj7FHOPHfsDBf6ZEtj,Silent Rain,Zara Wells,classical,uplifting|melancholic,0.161,0.239,0.578,95.1,-17.81,0.0,0.787,0.684,0.069,187001,6,0,3,0
Yl1zcfA4TtuLUDWQCNZqv9,Neon Echo,Talia Blake,,melancholic|happy|sad,0.673,0.507,0.585,113.9,-10.0,0.019,0.007,0.09,0.255,215846,11,1,4,41
mh0bSm2bnEPjPpB1O2YImf,Fading Storm,The Lights,hip-hop,sad,0.676,0.539,0.318,80.7,-7.99,0.287,0.223,0.003,0.036,173976,11,1,4,54
2FVLMUJscFzFGLUN7R503F,Lonely Heart,Finn Lark,hip-hop,energetic,0.784,0.641,0.338,91.5,-5.92,0.174,0.07,0.012,0.331,186970,1,1,4,56
M21TQDi4sUTy9A18RPVxYE,Neon Bloom,Nova Knox,folk,sad,0.332,0.418,0.145,120.2,-7.96,0.065,0.762,0.0,0.183,249325,3,0,5,60
vBhNohJoFqvYwXcX4Jr5j2,Bitter Bloom,Kai Shaw,r&b,playful|tense,0.591,0.6,0.542,95.9,-6.75,0.162,0.328,0.016,0.173,200354,8,0,3,54
jPxv0ih2mCAXXap1ZEvsGk,Broken Fire,Finn Frost,latin,happy|tense,0.639,0.566,0.964,105.5,-8.96,0.0,0.109,0.075,0.2,202594,4,1,5,4
vuzXkBdzWcQ7Pj5KdOTZQ4,Bitter Rain,Toma Stone,country,nostalgic|happy,0.552,0.565,0.52,135.7,-10.68,0.0,0.047,0.136,0.135,255571,0,0,3,37
IvyUUV4iHIsnfGJtHvWOkb,Midnight Star,Rio Stone,jazz,playful|happy,0.633,0.303,0.642,90.3,-13.46,0.011,0.672,0.145,0.064,228089,10,1,4,51
tsQY0TKRiTyHVpguHLm0Xx,Endless River,The Lights,classical,happy|playful,0.266,0.241,0.628,112.2,-18.98,0.055,1.0,0.942,0.146,199429,11,0,4,57
iFTDi9TG3HhSnDEcVk8Jx6,Electric Bloom,Leo Blake,r&b,melancholic|happy,0.661,0.547,0.382,87.5,-5.2,0.012,0.064,0.0,0.0,113251,11,1,4,49
0VFahJwe3cAEKtKC5vYyE1,Radiant Shadow,Zara Shaw,hip-hop,dreamy|energetic|tense,0.69,0.726,0.586,106.6,-6.26,0.211,0.012,0.081,0.048,246478,4,0,4,38
tJPhPJfm9NIKWd9KHmWEG5,Midnight River,Toma Quinn,rock,chill,0.555,0.631,0.458,137.1,-0.93,0.033,0.159,0.0,0.137,157586,2,0,5,21
b3HuyqfhgIksjlqXfjt8AR,Neon Heart,Wren Quinn,electronic,tense,0.57,0.786,0.734,131.7,-8.2,0.048,0.174,0.266,0.168,220614,6,0,4,41
JAeEbAOo64brJ9LRgpWJPY,Silent Rain,Iris Reyes,jazz,tense|sad,0.419,0.467,0.437,125.9,-9.78,0.083,0.619,0.14,0.152,161879,7,1,3,42
76ErMq1Ryw1OnL1GsckVIK,Broken Rain,The Rivers,reggae,tense|playful,0.804,0.759,0.626,101.2,-9.45,0.116,0.097,0.021,0.151,230809,2,0,3,30
b6SiP7aMEa5aRlAJ5STFWz,Sweet Dream,Nova Vance,country,dreamy|aggressive|nostalgic,0.585,0.688,0.7,106.3,-3.11,0.05,0.055,0.18,0.129,273322,5,1,4,18
f0NOtZTooF9xcrF5TTMnam,Burning River,Zara Knox,blues,melancholic|dreamy,0.491,0.355,0.312,101.2,-9.13,0.038,0.646,0.0,0.198,280837,4,1,4,46
INqRJ4Da8BPR8Pd28uB2Ar,Electric City,Cole Cross,metal,happy|nostalgic,0.323,0.756,0.44,133.7,-0.01,0.02,0.198,0.098,0.268,171056,4,0,3,75
vteOOgbEBZbLZO7v1qpgEp,Crystal Heart,Zara Voss,reggae,tense,0.691,0.538,0.655,87.6,-8.25,0.049,0.271,0.097,0.0,201034,3,0,4,48
egRdJds2yzgNWAo3MYQNaD,Burning Storm,Leo Lark,metal,aggressive,0.35,0.92,0.277,135.7,-8.27,0.133,0.046,0.364,0.089,149493,0,1,3,36
piZcditLBG9PWwtL4IXjjE,Fading Bloom,Cole Vance,classical,happy|melancholic,0.46,0.201,0.412,80.8,-20.64,0.081,1.0,0.815,0.121,177573,7,1,4,43
tAvkgD4Y6cFo6aOoSoDNnp,Restless Road,Nadia Hale,blues,sad|playful|aggressive,0.413,0.435,0.172,88.8,-7.53,0.073,0.842,0.099,0.0,224324,7,1,5,28
v2Jplmbl1q6gb1RiyPY4hv,Velvet Rain,Cole Frost,rock,playful,0.456,0.704,0.699,110.0,-10.06,0.0,0.201,0.151,0.36,225277,3,1,4,60
2IsYjupdOYr3i2G9L4FnUf,Restless Bloom,The Citys,metal,tense|uplifting|romantic,0.581,0.733,0.427,130.2,-3.63,0.106,0.053,0.29,0.055,253444,10,0,3,47
o5mC3pzntB4yKk71xqJfiW,Broken Rain,Cole Voss,r&b,romantic,0.491,0.425,0.439,65.2,-6.85,0.0,0.157,0.0,0.172,169265,10,0,4,18
Yr7oghexcImvmRvqtV0XR2,Wild Echo,Mira Ryder,metal,tense,0.332,1.0,0.219,140.1,-1.83,0.068,0.079,0.004,0.146,230815,1,1,5,16
UVnEoHLYJWDU0DvYfu2mBX,Hollow Echo,Toma Vance,jazz,sad|nostalgic,0.486,0.492,0.314,94.6,-12.76,0.001,0.424,0.37,0.171,216593,6,0,4,33
j8vKOZM6MK3zyn8zeIymEg,Crystal Wave,Ezra Reyes,jazz,happy|uplifting,0.516,0.394,0.655,120.6,-12.0,0.013,0.286,0.233,0.172,166120,5,0,5,54
u36AzkhiIAEVey953ni3nt,Hollow Garden,Ezra Hale,pop,energetic|happy,0.436,0.725,0.419,128.1,-6.81,0.071,0.249,0.033,0.23,171467,5,0,4,41
2lApl5NUBDy6QlSKgzS8cp,Neon Fire,Toma Stone,rock,dreamy,0.574,0.654,0.553,122.1,-6.69,0.063,0.234,0.0,0.271,246237,7,1,4,16
GcDbeOSRVDyvVz2mzcaqhT,Silent Road,Iris Knox,indie,sad|melancholic|energetic,0.691,0.765,0.311,123.3,-6.85,0.062,0.134,0.208,0.032,222576,2,1,4,24
Tc5RInCSd1OZHPQTQ5gySt,Endless Heart,Kai Cade,r&b,playful|aggressive,0.791,0.672,0.5,95.6,-8.35,0.119,0.123,0.075,0.119,225180,0,1,4,33
cAGg0uuJOmNn7Iz8Bhongw,Crystal Skyline,The Roads,electronic,aggressive,0.747,0.787,0.526,133.8,-8.41,0.176,0.075,0.354,0.248,277409,10,0,4,66
OSyR7XSivlOW4Su2QEevbM,Faded Storm,Rio Vance,r&b,happy|tense,0.683,0.673,0.413,101.8,-11.12,0.105,0.406,0.26,0.0,215325,11,0,4,71
iruPYWcHYAP0sWbo2Uvvpn,Sweet Heart,Rio Voss,rock,melancholic|energetic|uplifting,0.459,0.729,0.779,138.8,-5.11,0.052,0.109,0.0,0.205,218143,11,1,4,50
UmpBlMptsKC9Omr3YEf8xz,Burning Skyline,Finn Wells,rock,tense,0.531,0.767,0.625,134.3,-3.19,0.097,0.299,0.101,0.263,134109,3,0,4,42
Q8XRxNw8tFBfBJWdUOyGc8,Burning Ocean,Ezra Reyes,pop,nostalgic|playful|sad,0.598,0.659,0.442,113.4,-2.55,0.031,0.433,0.15,0.13,190018,4,1,5,56
0xOTRbSQPjqMD8RjqpML8Q,Neon Horizon,The Dreams,metal,aggressive|melancholic|nostalgic,0.507,1.0,0.598,128.9,-5.4,0.0,0.0,0.101,0.127,225160,6,1,4,45
OKXZw0jrVn7VzStak0Fage,Hollow City,Ezra Wells,reggae,energetic,0.732,0.757,0.486,84.9,-10.75,0.0,0.33,0.159,0.107,159199,11,0,3,28
fsfyhrevbLpEFRWgadrW9a,Faded Heart,The Citys,hip-hop,aggressive,0.774,0.722,0.656,92.9,-5.02,0.212,0.048,0.04,0.154,184055,6,1,5,67
Ndw3vZgaD3SzU147ibMh3H,Wild Memory,Reo Wells,reggae,happy|uplifting,0.808,0.752,0.629,83.4,-5.74,0.0,0.405,0.0,0.302,288700,5,1,4,44
5gUysMmTj3H4KY2TGciFYf,Fading Star,Iris Quinn,blues,playful|melancholic|uplifting,0.375,0.603,0.678,77.0,-8.7,0.117,0.217,0.134,0.138,144064,5,1,4,84
85QhQi7IOUFfYSv3o7KX7M,Broken Road,Nadia Wells,electronic,energetic|happy,0.7,0.828,0.744,108.5,-3.42,0.121,0.015,0.306,0.344,270839,3,1,4,25
BuXxZR7YiHQMLogzaI2Duj,Fading Memory,Iris Marsh,rock,energetic|uplifting,0.584,0.87,0.469,122.4,-4.49,0.091,0.047,0.196,0.031,259688,4,0,5,7
Zvj0Tn2U7ZoSVd73Xl2FUz,Fading Skyline,Toma Cade,latin,aggressive|romantic,0.748,0.715,0.665,100.4,-7.35,0.098,0.124,0.148,0.043,196050,4,1,3,34
iCSEs5jnnZVmVPaxU2KgRY,Silent Ghost,Finn Quinn,classical,sad,0.306,0.131,0.33,92.5,-16.45,0.021,0.879,0.774,0.264,263969,9,0,4,33
9lPVyXSYQQfXD30PyrOPCx,Midnight River,The Rivers,r&b,uplifting|nostalgic|energetic,0.669,0.517,0.495,68.6,-11.16,0.024,0.416,0.0,0.077,244020,7,1,5,48
Ilz0SbzJ0IYZHFeH1LIT0Y,Electric Echo,Leo Quinn,metal,happy|aggressive,0.26,0.831,0.313,132.7,-8.08,0.067,0.265,0.121,0.031,236082,1,1,3,36
8Qaptc88H5YsQICiKFSuH6,Distant Bloom,Sena Blake,classical,chill,0.067,0.295,0.505,78.3,-19.87,0.196,0.924,0.868,0.211,177002,8,0,4,44
qRB8SjIneOUrOSPmTxKQP0,Bitter Bloom,Mira Lark,electronic,aggressive|playful|energetic,0.869,0.964,0.517,120.8,-5.69,0.14,0.129,0.198,0.039,238784,4,1,4,38
oy8gY7hlHU4tL0ZFgHwSK3,Fading Star,Leo Cross,jazz,chill|tense,0.529,0.441,0.601,102.7,-12.83,0.04,0.497,0.287,0.219,234437,0,0,4,34
d6UOxTXpRMATDlCwZDGsr8,Hollow City,Rio Stone,hip-hop,playful,0.639,0.813,0.681,86.9,-7.79,0.204,0.063,0.0,0.27,217863,2,0,4,21
7UiEFGRR4IShzaNm61VaTB,Sweet Ocean,Zara Cross,country,playful|dreamy|nostalgic,0.685,0.58,0.313,112.3,-5.89,0.041,0.31,0.0,0.131,194418,0,1,5,89
stEsqnaVOKzn7t779PG05c,Endless Bloom,Kai Frost,reggae,uplifting,0.761,0.508,0.596,93.1,-9.53,0.061,0.31,0.027,0.239,208131,10,0,5,68
ajXQqoEzxtxB5lIZrgCQ1C,Neon Shadow,Finn Vance,classical,nostalgic|dreamy,0.109,0.233,0.518,98.7,-17.81,0.03,0.759,0.956,0.178,130863,6,0,4,37
iuWWX4zGU7V10yih9gYbij,Distant City,The Memorys,rock,dreamy,0.513,0.832,0.355,123.9,-5.1,0.114,0.252,0.108,0.11,187910,6,1,5,14
SpQ0BmETYZgSUGNlm2LOOj,Lonely River,The Hearts,classical,playful|nostalgic,0.305,0.104,0.537,99.0,-16.98,0.0,1.0,0.807,0.21,211654,4,0,4,32
8wTApu5dlcadQVunsEr6Mg,Hollow Skyline,Reo Frost,country,chill|happy,0.63,0.559,0.697,109.1,-5.24,0.056,0.24,0.0,0.118,221376,6,0,4,59
4giOVMhcL964P0mmTC7ge8,Sweet Bloom,Reo Hale,pop,happy|sad,0.773,0.566,0.365,125.3,-9.33,0.002,0.247,0.103,0.078,217370,9,1,3,61
bkMrS9isc9KdYSmV0zFRI3,Bitter Dream,Zara Cade,reggae,aggressive|chill|energetic,0.64,0.304,0.667,85.9,-10.35,0.113,0.0,0.0,0.229,243802,7,1,5,66
ocIpscOj84r7ir3YdPp0nI,Electric Horizon,Cole Lark,hip-hop,playful,0.691,0.505,0.412,85.8,-6.74,0.193,0.444,0.025,0.074,235132,4,0,4,31
8XLgUVSy8Pq3OOMJn0Cour,Velvet Wave,Nadia Marsh,reggae,energetic|tense|aggressive,0.694,0.614,0.751,88.4,-5.66,0.063,0.175,0.218,0.14,182842,4,0,5,22
mejeBpD6PzgUHiUWZaMgyy,Midnight River,Kai Marsh,r&b,tense|chill,0.448,0.563,0.503,100.2,-4.81,0.051,0.319,0.239,0.007,238646,2,1,5,46
dISrOIhb0cgIsgG41Aja6o,Midnight Memory,Mira Frost,folk,energetic|playful,0.278,0.225,0.765,99.2,-9.37,0.043,0.766,0.0,0.258,266835,7,0,4,39
MjlBHvMlRBj5QRtN0sw4gr,Restless Ocean,Nova Vance,country,nostalgic|sad,0.611,0.476,0.381,120.5,-7.1,0.099,0.492,0.0,0.128,246984,5,0,3,53
SAMYOviZ8P6pyAJFIIFII0,Lonely Ghost,The Lights,hip-hop,dreamy|energetic,0.602,0.772,0.538,106.5,-4.54,0.19,0.0,0.154,0.423,284782,2,1,4,36
j12J76Apn0odVih9STjyUb,Hollow Ocean,The Rivers,pop,romantic,0.814,0.718,0.88,121.9,-4.6,0.1,0.04,0.123,0.1,255594,2,1,4,16
YPSashjd4PcMWlGkaz1BR8,Endless Star,Talia Stone,metal,aggressive|sad,0.42,0.878,0.31,147.2,-3.95,0.034,0.066,0.238,0.218,275130,11,1,4,29
uPPz0ykdZxPBmrggexMX2v,Midnight Memory,Toma Blake,rock,energetic,0.557,0.472,0.494,121.8,-7.2,0.093,0.173,0.109,0.301,143465,11,1,4,31
wWs9zGmuWzUwiSRgvA5VGg,Bitter Shadow,The Ghosts,pop,melancholic|nostalgic|chill,0.704,0.547,0.397,119.9,-2.31,0.051,0.082,0.113,0.0,187439,0,0,4,59
va29bMEdBr8QqdZ9SEQeOl,Faded Garden,The Horizons,hip-hop,tense|chill,0.807,0.63,0.445,101.0,-4.77,0.188,0.0,0.0,0.1,190112,8,1,4,0
W4CP7i8hKFcx2szA2N6RiC,Distant City,Wren Frost,blues,dreamy,0.655,0.409,0.457,120.8,-7.93,0.094,0.535,0.041,0.122,228091,2,1,4,100
kKz2eoy3DQfwDDPI50Dgfl,Electric Ghost,Sena Cade,reggae,happy|chill,0.671,0.316,0.745,94.1,-8.12,0.08,0.294,0.048,0.0,193491,1,1,4,40
BEndn3b8WRBrqOlfjerzft,Endless Light,Talia Quinn,metal,sad,0.214,0.916,0.23,141.7,-8.01,0.073,0.038,0.168,0.139,224125,9,1,3,62
JY5MmeUQLNjuQ08UV0VUua,Silent Storm,Reo Lark,country,nostalgic,0.506,0.44,0.81,100.1,-5.62,0.049,0.421,0.116,0.095,-1000,11,1,3,27
nwn8mRK9ax0xbt5tG03hSF,Endless Light,Cole Wells,folk,happy|sad,0.329,0.431,0.664,99.6,-16.27,0.101,0.754,0.131,0.207,231148,3,1,5,49
fPbN7AgFVWN7IgOCGLZcQs,Hollow Echo,Iris Cade,country,sad,0.389,0.444,0.736,108.2,-3.42,0.03,0.434,0.13,0.022,187040,1,0,3,0
15Y6ARpa56AcabjYx10H0V,Radiant Road,Finn Voss,r&b,energetic|uplifting|tense,0.756,0.466,0.495,85.6,-6.96,0.011,0.039,0.165,0.312,189134,8,1,4,56
Yz1WO6q1Jk8unffbBaOXLj,Midnight Bloom,Nova Cade,latin,tense,0.735,0.816,0.634,102.3,-8.02,0.048,0.339,0.0,0.203,222507,2,0,5,76
ObOL3ghD7Mhgjsq5lfeF2x,Velvet Ghost,The Horizons,hip-hop,happy|playful,0.919,0.632,0.517,93.0,-4.84,0.29,0.005,0.0,0.123,143236,6,1,3,37
ENMIakHVq7hmMbIbHGWjn3,Distant River,Ava Lark,folk,energetic|dreamy,0.727,0.129,0.652,110.4,-8.21,0.12,0.64,0.002,0.066,161645,1,1,4,16
Tr9zgLYXLtkYn9UFB4CBMV,Wild Road,Nadia Wells,hip-hop,uplifting|aggressive,0.735,0.787,0.633,96.8,-6.59,0.142,0.06,0.0,0.049,211788,3,1,4,57
lZuBYlwpenQxxjXuhauSaT,Crystal Echo,Wren Voss,folk,aggressive,0.67,0.405,0.351,104.8,-7.43,0.0,1.0,0.0,0.026,261816,6,0,3,37
FFcrAhhCkMuLypKbsbPY2K,Midnight Storm,Nadia Cross,metal,aggressive,0.42,0.982,0.129,132.8,-6.05,0.003,0.0,0.306,0.058,166853,6,1,4,47
F2P96h1x8Ngbod0aigu3SU,Hollow Memory,Sena Frost,pop,playful,0.736,0.699,0.628,114.9,-1.37,0.008,0.228,0.0,0.225,193711,6,1,4,70
WL4295AOCQhHHpKEQFruXU,Restless Memory,The Rains,blues,aggressive,0.685,0.531,0.445,103.8,-10.68,0.0,0.513,0.119,0.037,257537,2,1,3,72
vn0LWHG2uW8tTDPj2Gg6io,Distant Ghost,Zara Hale,blues,sad|chill,0.62,0.573,0.242,123.3,-5.86,0.068,0.491,0.069,0.156,230605,3,1,3,81
fwBnjzGBGvdCrxgdPyU7Bm,Fading Echo,Talia Knox,jazz,happy|chill,0.65,0.353,0.684,113.6,-8.24,0.066,0.65,0.345,0.138,260239,8,1,4,40
FnkYnwOsTMsUaglG6SNEVt,Lonely Skyline,Nova Quinn,rock,chill|aggressive,0.773,0.808,0.599,133.1,-5.54,0.07,0.215,0.071,0.288,206498,1,0,4,25
bKRs1oHGkWjXggtZVvCFVw,Sweet Fire,Talia Frost,pop,happy|aggressive|dreamy,0.636,0.54,1.0,113.0,-5.48,0.053,0.203,0.074,0.082,251310,0,1,4,39
FbpKVSBxnVfm69yOg9r4OR,Sweet Storm,Zara Quinn,reggae,nostalgic|aggressive,0.706,0.586,0.358,103.9,-5.52,0.059,0.415,0.0,0.13,293077,10,0,4,39
RjDRjH9sNJQktFseZsaDcn,Fading Wave,The Gardens,classical,happy|chill,0.203,0.329,0.579,103.7,-19.9,0.117,0.895,0.941,0.049,232894,5,1,3,68
L6fsocE7wpZROyBz95g5q6,Fading Bloom,Finn Lark,blues,dreamy|energetic,0.423,0.541,0.4,106.2,-11.86,0.063,0.428,0.229,0.092,242252,11,0,4,53
wDwBDA9ADb6Jb9XAfWiN6t,Lonely Wave,Mira Stone,hip-hop,tense,0.681,0.69,0.457,94.1,-4.73,0.28,0.219,0.13,0.173,199462,8,1,4,14
KESv3dhVLRGVTdSnHjJV9F,Silent Memory,Mira Stone,country,dreamy|playful,0.546,0.676,0.759,89.2,-7.54,0.094,0.102,0.067,0.19,233962,9,0,4,44
El0p12Iq0NRC2QNhBjOblj,Lonely Skyline,Toma Hale,latin,romantic|energetic|happy,0.618,0.717,0.701,100.3,-4.11,0.079,0.201,0.0,0.0,227423,7,1,3,60
PP5QNCc66w9iD4UDrakwG2,Bitter Echo,Zara Cade,metal,energetic,0.355,0.722,0.36,149.7,-2.88,0.049,0.0,0.217,0.161,165308,0,1,3,51
lKT7GXQHqiSuL9LwLN1zec,Midnight Skyline,Leo Knox,hip-hop,chill|energetic|tense,0.636,0.803,0.374,90.6,-6.33,0.158,0.301,0.032,0.0,270060,10,1,4,71
WxMO1b7lugSCyiOKJmmqFC,Fading Memory,Jax Wells,indie,sad|happy,0.512,0.566,0.432,90.9,-4.02,0.076,0.527,0.0,0.133,214966,11,0,4,50
EGwwN5J2iZeCBOy3eKfiYH,Fading River,The Memorys,folk,uplifting,0.476,0.368,0.51,89.6,-8.5,0.026,0.762,0.124,0.046,123328,11,1,4,57
NdIS5hLE76qPbcvAqmv4Wd,Silent Echo,Wren Cross,classical,romantic|tense,0.164,0.47,0.489,91.3,-16.5,0.08,0.83,1.0,0.108,203281,3,1,4,69
oPwBEtY24ob7dbXYZmIM3y,Midnight Star,Nadia Cade,metal,aggressive,0.554,0.794,0.354,136.5,-7.31,0.02,0.0,0.392,0.261,239565,2,1,3,63
3Up0dediClscuwMP4psiMz,Restless River,Nova Ryder,hip-hop,romantic|dreamy,0.836,0.695,0.55,93.4,-4.66,0.232,0.0,0.0,0.114,219761,6,0,3,46
8NFrfn6i1HotVJnhxU0Yjc,Lonely Storm,Iris Blake,classical,melancholic,0.49,0.108,0.331,111.3,-16.73,0.033,0.944,0.698,0.219,193165,8,0,3,33
lQBIdQtcIWw7b6MW5v716q,Faded Echo,Wren Wells,pop,nostalgic|playful|tense,0.801,0.63,0.798,139.9,-3.7,0.053,0.029,0.315,0.163,182927,3,0,4,59
i6arZR8rfpXIsvKzcNrxrQ,Wild Bloom,The Rains,latin,nostalgic,0.892,0.775,0.659,82.0,-8.67,0.075,0.0,0.198,0.04,194865,2,1,4,43
ClqXYrq3FioOlj3NPdohPc,Neon City,Wren Cross,r&b,happy|dreamy,0.377,0.374,0.487,72.0,-6.9,0.063,0.0,0.085,0.184,244831,9,1,3,38
0RAePB4sjbuMYxvA5PxE8s,Radiant Horizon,Kai Stone,jazz,playful|happy,0.521,0.397,0.714,109.1,-10.88,0.084,0.309,0.265,0.101,214145,1,0,4,36
9e97oKGKOJUAIUh24HZdME,Bitter City,Talia Hale,metal,nostalgic|chill,0.503,0.925,0.476,144.0,-8.36,0.105,0.0,0.0,0.114,164201,2,1,3,30
CYAoK00i7IpX6ARLQiMqYs,Crystal Road,The Lights,latin,melancholic|sad|romantic,0.813,0.587,0.46,109.9,-6.06,0.0,0.268,0.087,0.09,243426,8,0,4,29
eiG3H6y5BwizSJpTshv505,Crystal Wave,Leo Cross,latin,tense,0.666,0.724,0.789,86.2,-3.42,0.046,0.113,0.041,0.041,280004,6,0,4,68
xRPDyuClGULr8XgotFvdKH,Bitter Wave,Finn Stone,classical,aggressive|dreamy,0.551,0.168,0.282,107.9,-19.25,0.0,0.719,0.614,0.128,162344,8,0,4,66
Co4ks86qMWg7oQrjgnJ1GW,Neon Horizon,Kai Hale,hip-hop,aggressive,0.652,0.929,0.594,91.2,-5.65,0.232,0.28,0.0,0.09,201179,4,1,4,54
irUQh9wZfVYoUeukGvrDOV,Bitter Dream,Wren Cross,blues,sad|dreamy|melancholic,0.53,0.463,0.582,80.5,-7.98,0.024,0.43,0.134,0.271,254796,1,1,4,36
F0lUFsimO4f8H2UVnaBeFJ,Radiant Echo,Kai Wells,electronic,melancholic|uplifting,0.722,0.876,0.315,125.0,-5.24,0.092,0.079,0.328,0.224,271060,4,1,4,34
45WWsACupQBhlD9uQhwSzT,Silent Garden,Reo Wells,electronic,happy|chill,0.63,0.675,0.448,134.3,-5.75,0.116,0.0,0.323,0.179,176792,5,1,4,53
vO0ctCAoK4kInXOh89NNvi,Radiant Star,The Horizons,electronic,sad|dreamy|nostalgic,0.753,0.941,0.333,125.2,-2.82,0.018,0.289,0.427,0.218,144024,4,1,4,71
p8ac2bW8HgGzYFckstboOX,Lonely Heart,Leo Cade,latin,happy|tense|energetic,0.804,0.657,0.798,96.3,-4.18,0.017,0.231,0.0,0.133,182556,2,1,4,23
2tYuBGVbtrDmgqPKEysBfo,Hollow Star,Ezra Voss,rock,happy|romantic|aggressive,0.579,0.926,0.632,147.6,-5.48,0.0,0.03,0.0,0.092,258964,6,0,5,60
8FLpfjzN1EHU1KWodXFqAt,Crystal Shadow,The Waves,classical,nostalgic|chill|energetic,0.315,0.061,0.262,103.2,-20.69,0.079,0.958,1.0,0.217,236814,2,0,3,32
yiWakHVhkmC3hc4BFkOZHF,Silent Star,Ava Stone,reggae,romantic,0.669,0.592,0.469,81.8,-4.47,0.0,0.166,0.211,0.132,231469,1,1,3,44
n7v7VU27ikHT1EauAljEea,Fading Echo,Leo Shaw,jazz,sad|uplifting,0.454,0.157,0.533,100.1,-9.96,0.096,0.681,0.419,0.078,148843,11,1,5,27
Xz7qJIPQmeLjgUnrlqKgiZ,Bitter Wave,Nadia Lark,metal,playful|tense,0.317,0.962,0.466,121.0,-8.65,0.046,0.0,0.069,0.333,250823,4,1,5,25
BQEutGWhpJzyXyTEwt1HuH,Broken Bloom,Jax Ryder,metal,tense|melancholic,0.333,0.782,0.479,139.6,-4.04,0.033,0.248,0.152,0.254,285114,5,0,3,68
J468myxl7VamCxHmaLtvg6,Distant Fire,Ava Ryder,r&b,uplifting,0.815,0.469,0.343,90.7,-8.78,0.126,0.434,0.196,0.003,219791,6,0,5,26
PWIZgcxbN5TjTVl32ifA12,Electric Heart,Kai Lark,folk,tense,0.414,0.355,0.462,82.4,-7.78,0.0,0.642,0.0,0.458,154662,10,1,4,60
A1QQdem0WGjUrflCcrMmSG,Hollow Skyline,Ava Stone,jazz,melancholic|sad,0.677,0.478,0.54,122.1,-15.14,0.028,0.529,0.286,0.294,259123,5,0,4,30
4U8pt1RP853mVWVitdyTsl,Wild Shadow,Finn Voss,r&b,energetic|sad,0.481,0.423,0.297,98.5,-7.71,0.028,0.132,0.059,0.0,158687,2,0,4,30
IKnSBwPZRYsnvS9GJ1VYrf,Bitter Echo,Iris Ryder,jazz,playful,0.398,0.392,0.711,96.5,-7.75,0.0,0.667,0.362,0.123,205575,9,1,4,33
5gl6wtkDIlWbCZNDLKSBUz,Restless Memory,Cole Lark,reggae,dreamy|chill|playful,0.658,0.485,0.777,98.4,-8.56,0.053,0.404,0.0,0.108,161254,0,0,4,27
WiiQvY9dftYXjZwDzkDaQj,Velvet Skyline,Nova Quinn,electronic,nostalgic|aggressive,0.737,0.801,0.179,130.5,-11.13,0.05,0.0,0.345,0.164,124834,9,0,5,41
gyiuW7izXu5s0RU3BMzIew,Restless Wave,The Blooms,indie,tense|aggressive,0.556,0.732,0.582,116.6,-12.25,0.074,0.23,0.0,0.08,131174,10,1,4,35
jstyR0Ecq99AlkzRH1gDZf,Distant River,Nadia Vance,classical,chill|uplifting,0.104,0.243,0.45,107.7,-17.16,0.045,0.777,0.729,0.15,209339,6,0,4,53
xhYlBIWy3Rfjav87TLqmG0,Radiant Storm,Iris Stone,country,sad,0.543,0.533,0.473,113.9,-10.67,0.097,0.166,0.0,0.285,263317,7,1,4,35
utOcMhwUcIVzplfIgiUjOF,Hollow Fire,Iris Voss,r&b,happy|chill,0.425,0.463,0.462,78.9,-5.81,0.061,0.083,0.0,0.128,211398,6,0,4,61
hYmKqtNGI2YpSZdxKEnW7B,Wild Skyline,Kai Cade,metal,dreamy|energetic,0.569,0.875,0.459,139.4,-0.77,0.023,0.0,0.148,0.131,218981,11,1,3,56
sUTM0DLAOMvIyE7Javvuw0,Endless Shadow,Reo Hale,country,dreamy|energetic,0.441,0.606,0.852,91.4,-5.97,0.045,0.284,0.0,0.116,224900,3,0,5,76
NwKBAWbWsJVFpy6IiyM82h,Electric Ghost,Leo Stone,pop,playful|tense,0.617,0.518,0.752,117.5,-5.54,0.0,0.232,0.07,0.094,277880,7,1,3,59
IIzo2zFWDs07Ck73lzsaI1,Crystal Storm,Leo Cade,indie,playful|aggressive|uplifting,0.682,0.7,0.475,122.9,-9.68,0.069,0.287,0.167,0.01,183720,10,1,5,18
YPyJG3m26kDxU3plE7T6mu,Silent Rain,The Horizons,metal,melancholic|romantic,0.427,1.0,0.289,134.7,-1.11,0.07,0.019,0.0,0.22,263513,10,0,4,71
VcRRA3HE3yeYA9q4TIhTXM,Sweet Horizon,Kai Stone,folk,nostalgic|dreamy|happy,0.473,0.061,0.226,99.2,-10.0,0.024,0.867,0.0,0.095,235658,7,0,3,39
pYEnqgvPSeD5TFWpWqvsSC,Crystal Storm,Talia Cross,country,sad|chill,0.52,0.409,0.506,116.7,-7.37,0.153,0.222,0.068,0.151,195528,2,1,4,38
Ms2yqOob2nLtjLaqxUGV3H,Burning Garden,Jax Frost,electronic,melancholic,0.665,0.893,0.368,122.7,-8.16,0.033,0.021,0.25,0.299,204258,11,0,4,34
UYhPmwFDK6O6a1V20YYH5o,Velvet Ocean,Nadia Blake,reggae,romantic|energetic,0.531,0.721,0.559,88.8,-7.66,0.055,0.258,0.0,0.237,203017,4,0,4,61
lcMrJrfVmU16e55iHtdnop,Faded Wave,Leo Cross,reggae,tense|happy,0.833,0.635,0.497,76.2,-7.0,0.063,0.486,0.153,0.329,253532,3,0,4,87
DaqWAMrFOlvGEGs8Ptq3Ip,Crystal Fire,Zara Stone,r&b,sad|tense|energetic,0.687,0.533,0.511,108.5,-10.49,0.032,0.377,0.05,0.181,200100,7,0,5,54
XgWontGtuXHEgRt7NnKRju,Neon Echo,Jax Quinn,pop,chill|uplifting,0.544,0.513,0.968,129.7,-4.44,0.022,0.062,0.033,0.364,161579,8,0,4,54
WAaW8zd9AwPZiDXrb0TmnQ,Wild Rain,Ava Lark,r&b,dreamy|chill|melancholic,0.529,0.326,0.472,89.4,-6.18,0.027,0.083,0.144,0.205,243480,5,1,4,35
prMLydgdOvrIxC7shEi4Ve,Crystal Light,Mira Stone,electronic,melancholic|aggressive,0.864,0.829,0.301,132.3,-4.33,0.04,0.0,0.385,0.0,132747,0,1,4,17
uDoDxvmRTqqMV7bihPABzZ,Restless Heart,Kai Frost,classical,uplifting,0.117,0.16,0.438,102.4,-17.87,0.041,1.0,0.794,0.185,153536,5,1,4,44
22fK7DNPmWeXRB0rDC44Vj,Crystal Dream,Wren Shaw,pop,nostalgic|aggressive|chill,0.617,0.886,0.524,115.8,-3.29,0.078,0.063,0.152,0.166,257801,1,0,5,58
ntlgbIM82cXiIw9eu3u7oQ,Velvet Echo,Finn Ryder,metal,nostalgic|energetic,0.411,0.879,0.375,148.5,-5.52,0.02,0.176,0.095,0.007,230527,9,1,5,64
nXyL0hflG6LUHhkWnh8FVM,Distant Road,Sena Reyes,classical,romantic|melancholic,0.469,0.492,0.502,102.6,-18.18,0.126,0.972,0.779,0.005,218269,7,1,4,51
9rUP5ucj2plKaiHjiSEWcd,Radiant Echo,Ezra Frost,r&b,nostalgic|romantic|sad,0.767,0.512,0.114,101.7,-7.84,0.077,0.384,0.112,0.287,195636,3,0,4,47
Ybvb4EcV3j6AcIyWMUHkkg,Midnight Ocean,Nova Wells,reggae,energetic,0.685,0.743,0.597,94.2,-8.83,0.091,0.285,0.0,0.25,195662,4,1,3,71
FV12KmioGiZ8joQfVgTzs4,Radiant River,Talia Quinn,r&b,chill|playful,0.529,0.528,0.58,77.9,-4.66,0.06,0.103,0.156,0.212,196812,5,1,5,40
YmlajOc1YpkzuaKEE2wmO3,Faded Ghost,Sena Shaw,folk,melancholic|sad,0.403,0.228,0.402,113.6,-11.32,0.04,0.868,0.093,0.19,208346,11,1,3,6
b9IigoD1hhJTsi3wtCBJ8f,Bitter Skyline,Zara Hale,jazz,nostalgic|energetic,0.419,0.28,0.286,120.1,-8.02,0.0,0.982,0.343,0.107,219884,5,1,3,49
kgRkOO2No17WTjI89NB2mr,Golden Ghost,Zara Wells,pop,romantic|sad|playful,0.576,0.713,0.835,104.4,-6.68,0.119,0.0,0.0,0.186,155349,8,0,4,37
zLmp1weo98ri5zhUVL8Rjn,Endless Shadow,Wren Vance,pop,romantic,0.868,0.735,0.549,102.0,-1.67,0.094,0.061,0.003,0.223,250350,2,0,4,51
8cy15qhODBLk4TS3YFWsoH,Electric Dream,Cole Voss,reggae,playful|romantic,0.532,0.685,0.777,88.1,-6.77,0.058,0.033,0.082,0.04,315479,11,1,4,68
LBQrgX0TFJM1KyMH37QycM,Electric Wave,Leo Blake,folk,playful,0.612,0.476,0.634,95.3,-11.76,0.125,0.546,0.242,0.149,252568,0,0,4,46
0ZOVXBQ6bnKlbO8vgs6AZb,Endless Fire,Cole Frost,electronic,energetic|nostalgic,0.86,0.665,0.672,110.4,-2.44,0.009,0.179,0.279,0.294,246276,8,0,4,24
VZ19ou1tg6UfOzuNFOlWym,Wild Garden,Iris Frost,classical,playful|chill,0.0,0.346,0.428,119.9,-20.11,0.047,1.0,0.852,0.075,236517,2,1,3,31
jTvIwzi6yg29V044ZsNKfu,Lonely Storm,Rio Marsh,rock,happy|energetic,0.644,0.838,0.67,123.6,-2.93,0.09,0.0,0.043,0.275,230732,11,1,4,49
zOK45yVqTYxZZqBxx577pu,Sweet Ocean,The Shadows,indie,nostalgic|playful,0.64,0.541,0.533,116.9,-8.48,0.07,0.564,0.104,0.005,165542,6,0,4,54
rK1dDNCFLBe9kbJCJPd5wE,Silent Dream,Nova Ryder,electronic,nostalgic|tense,0.854,0.825,0.311,144.8,-5.36,0.037,0.325,0.503,0.14,228266,5,0,4,32
Lu3aNdTWwLhXeNeHAUkUmp,Radiant Skyline,Ava Knox,indie,chill,0.446,0.477,0.507,125.7,-9.92,0.132,0.27,0.0,0.125,242404,8,1,4,50
FflqzmowPOfvCWgHqb4MdJ,Golden Ocean,The Horizons,rock,happy,0.166,0.948,0.485,112.5,-3.88,0.09,0.241,0.013,0.22,245875,11,1,4,55
CT24XlGj00CbNc7I49Y8hZ,Fading Rain,The Skylines,country,nostalgic|aggressive,0.475,0.752,0.468,115.1,-8.92,0.016,0.29,0.087,0.0,191055,1,0,5,36
p90FmYzcwd66EZ16QTW1Lg,Bitter Dream,Wren Cade,metal,chill|energetic,0.453,0.993,0.521,127.7,-8.46,0.085,0.0,0.213,0.0,207804,3,1,4,38
ft5LV5KIlPuVdIbd9tymw9,Sweet Heart,Finn Quinn,latin,dreamy|happy,0.892,0.973,0.557,105.3,-2.96,0.099,0.272,0.043,0.084,193267,4,0,5,51
a5pQ061vly0ox61zcjjMpN,Wild Light,Ezra Hale,electronic,aggressive|happy,0.652,1.0,0.713,133.3,-4.25,0.079,0.235,0.231,0.288,304937,3,0,4,49
5YFelIuk8Vq9RT7SzsIss2,Faded Fire,The Rivers,blues,nostalgic|playful,0.367,0.5,0.625,96.2,-10.76,0.024,0.339,0.0,0.114,173809,10,0,3,38
NxCVjCMXcQ7GXmXnUucKa8,Silent Road,Talia Quinn,reggae,romantic|nostalgic,0.655,0.596,0.567,84.2,-7.84,0.108,0.21,0.046,0.173,268229,1,0,4,60
udhReAHIbNUkU7uxcj5gRo,Midnight Ghost,The Hearts,pop,tense|sad|energetic,0.646,0.694,0.586,125.2,-6.97,0.015,0.203,0.052,0.176,204029,3,1,5,58
qwODE65jDI4xojsOUl99yq,Neon Ocean,Finn Stone,folk,happy|aggressive,0.578,0.497,0.541,89.5,-9.52,0.003,1.0,0.128,0.25,148477,3,1,5,73
UHnpnTmKm83UQYNx5DJ3WY,Hollow Ocean,Sena Cade,reggae,melancholic|uplifting,0.912,0.265,0.799,101.8,-5.93,0.023,0.399,0.082,0.0,244133,7,1,4,35
SnyKQlrVRKXjPzKYZmjAuD,Lonely Shadow,Reo Lark,r&b,dreamy,0.758,0.429,0.72,103.0,-6.95,0.032,0.232,0.0,0.131,178918,2,1,3,61
51CEvTlstgZJk54jkAhI6N,Hollow Skyline,Reo Ryder,latin,playful|uplifting,0.823,0.71,0.965,108.5,-3.37,0.04,0.054,0.0,0.14,114379,4,0,4,32
5bF8QKw4vf4xeliNtRz6jh,Velvet Road,Nova Frost,hip-hop,happy|nostalgic|romantic,0.677,0.696,0.463,86.5,-6.02,0.207,0.4,0.071,0.018,252836,7,0,4,43
WQDQfvJci37NaVKbtym5Ey,Burning Heart,Talia Cade,hip-hop,aggressive|melancholic,0.689,0.719,0.076,98.5,-7.13,0.227,0.064,0.032,0.058,164885,4,1,4,36
5hbZiZWgpelxejKZpXf3ea,Midnight Road,Nova Marsh,latin,uplifting|chill,0.882,0.533,0.807,103.4,-3.87,0.056,0.293,0.102,0.191,158226,10,1,5,54
E0mTFMTlEsURL33dClGafl,Velvet Fire,The Stars,metal,dreamy,0.535,1.0,0.427,142.6,-4.29,0.059,0.256,0.146,0.169,186848,0,0,4,34
HaP49RqsWkedeFw5UdNW0B,Broken Storm,The Dreams,rock,uplifting|playful,0.633,0.888,0.82,110.0,-3.08,0.045,0.104,0.0,0.249,197188,4,1,4,34
LkcSwAD4Du7Y28zD35DCjj,Burning Light,Mira Lark,classical,playful|uplifting|aggressive,0.248,0.095,0.638,89.6,-20.87,0.131,0.851,0.785,0.092,239575,7,1,5,57
t192JromFMUFBB82kFQdw9,Electric Dream,Reo Stone,pop,energetic|playful,0.7,0.447,0.711,125.9,-6.08,0.116,0.221,0.0,0.162,211524,7,1,4,58
ebCxApn8uSo635uO65EYrJ,Crystal Wave,Sena Marsh,latin,tense|uplifting,0.829,0.836,0.904,112.8,-8.03,0.013,0.143,0.0,0.05,186344,5,1,4,8
FDM5589UreCyXmYXrTjx2X,Golden Garden,Ava Lark,electronic,tense|romantic,0.953,0.737,0.301,102.7,-7.04,0.02,0.094,0.266,0.34,198076,5,0,5,52
pYyBS02atqnjsbbPPWAfxD,Silent Storm,Toma Quinn,hip-hop,dreamy|sad|chill,0.813,0.356,0.37,94.6,-5.9,0.17,0.113,0.07,0.271,189852,4,0,4,21
bOBPuzluN1WcPsuKWKc4Gd,Silent Garden,The Dreams,jazz,happy|uplifting,0.479,0.453,0.744,109.0,-10.59,0.102,0.507,0.456,0.179,193111,11,1,5,46
CkhW63qopdPRJbdP1SoEcc,Lonely Memory,Mira Lark,indie,aggressive|uplifting,0.569,0.75,0.634,125.4,-11.63,0.063,0.326,0.0,0.008,206147,6,0,5,61
L4xG51kznjIa6OVNsrJxGy,Neon Echo,Talia Lark,country,chill|energetic,0.352,0.753,0.631,107.1,-9.99,0.125,0.127,0.029,0.183,228526,0,1,3,70
SRn4L0txDdPOoK441qnGbt,Midnight Echo,,rock,playful|aggressive|chill,0.423,0.693,0.18,109.9,-5.66,0.083,0.232,0.0,0.114,227346,3,0,5,43
8r7atCyUK9kgdxnPmBV4xe,Wild Light,Ezra Cross,country,chill,0.449,0.492,0.546,104.2,0.0,0.084,0.158,0.028,0.091,153145,0,0,3,17
34LSJrrbSKEeUSjnezRybc,Restless Light,Finn Quinn,jazz,uplifting,0.232,0.474,0.881,121.7,-6.76,0.034,0.515,0.424,0.319,151624,2,0,3,57
Pc3K12BJ8SFYoT2VdsxfMx,Endless Garden,Cole Frost,pop,chill|uplifting,0.745,0.482,0.284,116.4,-7.15,0.052,0.318,0.0,0.298,240132,11,1,3,42
7wPDCWI3Rk4cvG63OjMvIO,Neon Wave,The Echos,country,happy|romantic|sad,0.606,0.658,0.464,133.2,-6.97,0.002,0.378,0.0,0.059,205075,6,0,5,44
7zHQ0zoKwVASWgoOPDj1S5,Velvet Horizon,Zara Blake,reggae,happy|playful,0.765,0.41,0.6,62.8,-9.86,0.055,0.148,0.008,0.0,225886,5,1,5,22
B8wQzaSMtvyxntBNL6EONL,Golden Garden,Reo Lark,electronic,happy|dreamy,0.724,0.678,0.554,123.7,-2.92,0.064,0.257,0.425,0.2,287299,10,0,3,43
qIffpU1TO7gDyVvpMEcutJ,Endless Echo,Leo Vance,blues,melancholic|dreamy,0.745,0.509,0.16,73.9,-11.68,0.132,0.519,0.025,0.102,254087,7,0,4,44
kcsMvBhRj91emEFpayXVZP,Neon Ghost,The Skylines,pop,aggressive|dreamy,0.82,0.599,0.433,106.8,-2.26,0.027,0.148,0.0,0.277,230999,11,1,4,58
bTH5SxOIgAEcrBJSBeefq4,Distant Garden,Rio Marsh,blues,happy,0.392,0.26,0.41,100.4,-8.0,0.154,0.631,0.0,0.355,208087,7,1,4,42
VSzaxdGYahHQrLHat4Ziu6,Lonely Garden,Sena Knox,rock,romantic|sad|aggressive,0.34,0.724,0.074,134.7,-1.97,0.096,0.268,0.0,0.191,252960,8,0,4,49
1Ox8o0qAdWBc3uXzbmQU7x,Burning Storm,Rio Marsh,folk,uplifting|tense|nostalgic,0.547,0.184,0.288,109.2,-11.09,0.064,0.951,0.177,0.036,230497,2,0,4,44
PZ6vt1IMu6t28EGFyW31SL,Sweet Bloom,Mira Knox,folk,sad|romantic,0.568,0.227,0.51,105.1,-12.1,0.03,0.932,0.053,0.005,191394,2,0,4,42
tm0vHRArqMBQQmXN4YiZXS,Fading Echo,Cole Lark,classical,dreamy|uplifting,0.396,0.087,0.408,122.4,-20.05,0.03,1.0,0.865,0.11,246731,3,0,4,37
vjqMeqh9y0JzaemZ7q7FD7,Sweet Wave,Zara Wells,hip-hop,energetic|playful,0.892,0.779,0.471,90.2,-9.23,0.289,0.209,0.0,0.185,178904,6,1,4,65
IriYg7VRBnc5QKdahvNUrs,Hollow Memory,Talia Frost,folk,sad|melancholic,0.395,0.51,0.477,110.5,-8.92,0.002,0.603,0.118,0.288,288029,4,0,5,58
pDNk5l6orgapQtBL3M2yCn,Lonely River,Finn Shaw,classical,energetic|nostalgic|tense,0.306,0.177,0.594,99.4,-16.26,0.115,0.869,0.778,0.0,143943,7,0,3,45
jTeM1SRykYznnuwzrpTs5o,Burning Bloom,Ava Voss,latin,melancholic,0.923,0.591,0.828,82.8,-5.26,0.016,0.158,0.266,0.137,159686,7,0,4,45
PHMHZm2cyxdWofT6kfNSJd,Wild Dream,Talia Shaw,latin,chill|nostalgic,0.955,0.721,0.681,109.1,-7.88,0.085,0.224,0.0,0.104,240830,4,1,4,64
JE8B5kpbZ9mMTeeXgr0YlI,Electric Storm,Cole Quinn,jazz,melancholic|energetic,0.705,0.453,0.48,132.2,-8.94,0.013,0.474,0.339,0.06,231741,11,0,4,5
rDpDlThTpkOMWceyiasDHZ,Restless Ghost,Nadia Shaw,latin,tense|uplifting,1.0,0.713,0.718,105.8,-4.24,0.069,0.021,0.161,0.206,221965,2,0,5,58
5AyytxbuFmWbnBXOWjC3LY,Silent Rain,Mira Vance,blues,nostalgic|energetic,0.315,0.449,0.15,80.9,-9.06,0.071,0.348,0.132,0.086,183997,4,0,5,33
3BeMsw0GJEc732Eewvmt7G,Neon Horizon,Mira Ryder,country,happy,0.419,0.578,0.724,114.0,-1.95,0.026,0.237,0.0,0.224,199382,0,1,4,80
WGcQXJUVKGe9j70yvQTCUU,Wild Shadow,The Echos,electronic,melancholic,0.585,0.701,0.394,117.6,-6.5,0.038,0.0,0.384,0.235,231795,7,1,4,19
cqUEYeoD6k7RFhfQDZ5vNU,Distant Garden,Talia Lark,jazz,melancholic|dreamy,0.472,0.422,0.429,124.6,-15.06,0.106,0.901,0.353,0.223,256031,4,0,3,56
8LtZ3qg0jJo2Yo49pD5j7g,Sweet City,Nadia Wells,blues,chill|energetic,0.446,0.42,0.222,101.8,-10.08,0.117,0.464,0.308,0.166,192507,7,1,3,66
F79zLnzB2pspNZkvkMuLy2,Broken River,The Horizons,metal,romantic|aggressive,0.126,0.933,0.469,131.8,-3.93,0.033,0.073,0.199,0.125,216672,5,0,4,48
fck5tvgcLfcNa07mYk5z0F,Electric Fire,Zara Reyes,rock,energetic|aggressive,0.746,0.995,0.443,140.8,-5.11,0.101,0.072,0.0,0.167,248435,11,1,5,19
0zAZ7pY2tQunpDjTjcfdL4,Electric Shadow,The Storms,blues,sad,0.439,0.622,0.379,83.6,-4.21,0.08,0.436,0.006,0.072,161946,7,1,5,34
Pcxkzmwedc12Zqyl0FDQ9z,Crystal Storm,The Roads,latin,uplifting|playful|tense,0.964,0.648,0.814,80.7,-2.41,0.023,0.212,0.157,0.02,210613,11,0,4,28
AcXaOxTvZNxvagEX0Gmnjv,Bitter Fire,Zara Hale,blues,tense|dreamy|happy,0.445,0.436,0.477,102.0,-7.59,0.058,0.135,0.03,0.205,195292,9,1,4,71
Ko7u1LoCqt5P2c0oQ5Lqzq,Midnight City,Rio Shaw,indie,aggressive|romantic,0.445,0.466,0.433,114.5,-8.04,0.0,0.516,0.097,0.012,284463,6,1,5,59
QJsXh2p7yJUvlIPmaRBfvP,Lonely Garden,The Shadows,rock,energetic|chill,0.531,0.709,0.624,135.1,-1.75,0.034,0.0,0.0,0.096,188643,9,0,4,58
9peXXYW8r9lhWCvhGX1XID,Bitter River,Talia Reyes,jazz,tense|chill,0.494,0.175,0.715,132.7,-7.67,0.037,0.576,0.369,0.266,200620,2,0,3,42
wbv2yYWBgZGXZznkmNOEXL,Broken Memory,Reo Shaw,country,chill|aggressive|nostalgic,0.602,0.409,0.6,100.8,-6.71,0.04,0.379,0.206,0.202,223715,2,0,4,78
MHJXhLiEFJJUWvhNZcY1Ou,Lonely Rain,Finn Stone,pop,playful,0.689,0.64,0.604,133.9,-6.96,0.0,0.0,0.301,0.246,293160,1,0,3,37
bbsulTf3i7HMM2gxhgqXvu,Electric Skyline,Nova Voss,pop,energetic,0.865,0.584,0.831,76.2,-6.43,0.156,0.148,0.203,0.42,202261,5,0,4,38
t64AfQvrVdieg88Lag5EcE,Distant Ghost,Talia Quinn,blues,sad,0.545,0.463,0.149,88.5,-14.69,0.103,0.552,0.125,0.059,263727,1,1,3,28
KYUX1mFJpdBnNQym0Hswiz,Faded Light,Ezra Ryder,folk,uplifting|playful,0.612,0.258,0.718,108.6,-7.14,0.118,0.917,0.0,0.216,160537,3,1,3,27
TcopVcUeRzi9nr9hKaPnTh,Midnight Light,The Echos,indie,sad|dreamy|tense,0.328,0.398,0.604,108.5,-7.59,0.06,0.0,0.105,0.202,237945,1,0,4,71
dqaBDkdY41dVDHsnAh4sjs,Wild Skyline,Ava Knox,blues,melancholic,0.226,0.692,0.269,112.5,-8.12,0.038,0.625,0.122,0.1,231553,10,0,4,29
o8JGP7jhrUxHqSgr3QHZtV,Burning Horizon,The Rivers,classical,nostalgic|chill,0.307,0.222,0.551,116.5,-23.44,0.053,0.991,1.0,0.264,195185,3,1,4,49
EmlgUtUWBqSZrLmOzQ19MK,Faded Ocean,The Gardens,electronic,nostalgic|chill,0.729,0.602,0.306,111.9,-3.8,0.113,0.0,0.395,0.094,210975,0,1,5,29
DAIVegRJCTioVnnxgcqa6L,Hollow River,Iris Hale,blues,chill,0.503,0.38,0.545,99.2,-2.78,0.08,0.507,0.258,0.154,195081,6,0,4,40
A4vgfGLo7KraBSw7wWCJSk,Midnight River,Ava Ryder,electronic,energetic,0.679,0.746,0.5,97.7,-4.84,0.117,0.253,0.344,0.14,238834,11,0,4,50
OW4Wt1RBjSe15kEyakxcIl,Hollow River,The Skylines,indie,happy|aggressive,0.474,0.622,0.526,113.8,-7.65,0.0,0.396,0.03,0.193,278086,11,0,4,51
QKn9CBlN1YCruqMn7UZX1b,Velvet Ghost,Toma Shaw,country,tense,0.579,0.768,0.582,105.9,-1.49,0.024,0.531,0.0,0.33,162062,5,1,4,57
lI4oZip6dG2MI4epIJfvHI,Broken Fire,Toma Marsh,rock,happy|aggressive,0.358,0.818,0.475,104.8,-7.03,0.013,0.331,0.115,0.113,177768,2,0,5,19
vbcWaXbXQSb3ZUbfukWVZO,Faded Dream,The Echos,blues,playful|sad|tense,0.51,0.658,0.439,93.1,-5.4,0.095,0.71,0.0,0.0,196061,5,1,4,18
qkfI0jMQKIEsFH6Xejl0Ws,Bitter Bloom,Wren Cade,reggae,happy|romantic,0.358,0.525,0.609,96.7,-7.77,0.03,0.0,0.0,0.228,281446,10,1,4,74
ouxQdxt0kYKyUcJTcOEdAn,Lonely Light,Toma Shaw,metal,tense|happy,0.568,0.953,0.46,136.1,-4.83,0.02,0.0,0.066,0.207,246514,1,0,4,54
6HVaqOUq92PlJ8EF47pHmy,Velvet City,Nadia Ryder,metal,sad,0.477,0.953,0.0,143.0,-3.87,0.097,0.133,0.0,0.0,235231,8,0,5,33
Bngt9XqfD3c0ys8Oykw8Wx,Fading Heart,Rio Frost,indie,melancholic|energetic,0.404,0.656,0.473,100.9,-9.24,0.099,0.17,0.0,0.354,225676,11,0,4,38
UgxpJSGHl1rvUiDN1SdRSv,Golden Rain,Kai Stone,electronic,energetic,0.492,1.0,0.416,117.1,-3.21,0.052,0.112,0.357,0.231,149705,8,0,4,28
hIdMmpLfORmFnizPuoc4A2,Golden Dream,Zara Knox,latin,playful|sad,0.835,0.629,0.503,99.9,-6.11,0.0,0.167,0.066,0.165,198684,11,1,5,4
Ji1MH7apSyvEOSFqUs0Mh9,Hollow Horizon,Sena Cade,reggae,uplifting|aggressive,0.752,0.681,0.448,116.4,-7.71,0.063,0.216,0.0,0.172,234771,5,1,3,20
mk0Uk8nMMGjepCrvvAefq7,Golden Rain,The Stars,pop,playful|happy|aggressive,0.845,0.725,0.709,105.9,-3.89,0.086,0.0,0.0,0.164,263808,5,0,5,88
3dH4nxyz4Mf03WbyjRDeu8,Velvet River,Sena Ryder,pop,aggressive|tense,1.0,0.669,0.466,98.5,-3.75,0.134,0.0,0.026,0.194,230622,0,0,4,52
JaYHCXmvtpE3Q6JV5HiAcn,Lonely Ocean,Leo Cross,reggae,dreamy,0.578,0.51,0.813,91.9,-8.86,0.038,0.383,0.0,0.18,262305,4,1,3,57
LZkzWMTKN8OAXNKZy3XQs1,Sweet Bloom,Iris Reyes,r&b,sad|tense,0.718,0.492,0.423,110.8,-7.64,0.098,0.278,0.0,0.183,131436,11,1,4,24
Z0osXjXBzKJ98dANSbJEjz,Electric Storm,Ava Shaw,metal,tense|chill,0.179,1.0,0.352,141.5,-6.65,0.06,0.154,0.12,0.0,141291,3,0,4,74
5w9A4Qhj5SKNBvbJZ2YjzL,Distant Star,Finn Ryder,indie,nostalgic,0.694,0.572,0.703,129.6,-10.48,0.109,0.249,0.257,0.078,186749,0,1,3,23
hq1mXrzIjpLYXt2GrO5c2b,Neon Garden,Ava Vance,country,melancholic|nostalgic|romantic,0.451,0.501,0.368,-5.0,-6.59,0.039,0.102,0.052,0.25,142646,3,1,5,21
dNPrfsOMe2VudDAXl3OHm3,Faded Storm,Mira Cross,pop,energetic,0.933,0.899,0.88,124.9,-4.7,0.0,0.073,0.072,0.03,219040,1,1,5,40
V3FUO0E7y7dkKS7MeXXqbz,Bitter Star,Sena Hale,pop,romantic|sad,0.803,0.571,0.479,128.3,-2.48,0.007,0.063,0.288,0.158,173937,2,0,4,80
MkayhoWBp0GQuiDFIKwyhm,Velvet Storm,The Stars,hip-hop,chill|melancholic,0.776,0.75,0.463,82.9,-1.23,0.249,0.08,0.0,0.229,220142,2,0,3,46
zEIg7j5DVYFQGk6lea1kOf,Restless Wave,Jax Blake,indie,chill|playful,0.783,0.492,0.463,123.7,-7.4,0.056,0.424,0.0,0.098,343384,3,1,4,29
2GlIRuAbvoKWC9VbFYSLIU,Hollow Ghost,Leo Shaw,country,dreamy|romantic|playful,0.344,0.621,0.766,110.1,-10.39,0.065,0.333,0.0,0.255,252622,8,0,3,8
zR3QxaXvIC7gRqzKjUeHPX,Neon Dream,Mira Lark,electronic,playful|tense,0.838,0.695,0.605,128.0,-5.99,0.08,0.0,0.553,0.117,194410,3,1,4,41
8MSUoQ1IBUMTSqGsPit4Mv,Radiant City,Nova Reyes,reggae,chill|dreamy,0.655,0.376,0.511,82.3,-9.31,0.051,0.232,0.176,0.145,260978,0,1,3,80
yXe9NeUOQDFNIFyIj2NK6B,Bitter Garden,Mira Marsh,reggae,uplifting|sad,0.489,0.607,0.847,94.1,-5.71,0.156,0.13,0.0,0.069,238060,3,0,3,65
yUNvRDKcbRhkr5IlXVv2xr,Wild Skyline,Nadia Shaw,indie,energetic|aggressive|tense,0.497,0.717,0.551,108.8,-7.55,0.034,0.274,0.233,0.098,245019,0,1,4,50
RR6ulIWvU7El68vyk9Kkz8,Faded Memory,Rio Lark,jazz,happy|playful,0.536,0.483,0.767,86.8,-9.84,0.0,0.482,0.284,0.191,308607,8,0,4,32
0qoamtONh4R5G0Ke71h6EM,Restless Skyline,The Citys,reggae,uplifting|energetic,0.752,0.698,0.796,81.2,-10.4,0.178,0.227,0.07,0.084,208376,5,1,4,43
HgpZBC2ucb9Nr82jS3PZgs,Broken Heart,Jax Shaw,pop,uplifting|playful|energetic,0.798,0.709,0.549,123.5,-4.71,0.03,0.19,0.004,0.163,239152,9,0,4,6
4i7vJZ6ZXBAd9u3XLGAYWC,Sweet Storm,Jax Marsh,metal,dreamy|melancholic|playful,0.435,0.748,0.321,140.1,-4.79,0.036,0.0,0.0,0.206,164104,5,1,4,42
vbi72a4ccjZtxOoLP4oe9p,Silent River,Wren Reyes,folk,happy|aggressive,0.419,0.517,0.483,123.2,-8.88,0.0,0.594,0.0,0.122,260892,4,0,3,53
F92S7oBC5OYCU8sPAjVaix,Bitter Skyline,Ezra Hale,pop,melancholic,0.583,0.482,0.571,113.9,-7.36,0.047,0.0,0.108,0.268,185689,9,1,4,31
a4fHpAqFknTJDwbIkXEzHT,Broken Storm,Jax Frost,latin,melancholic|energetic|playful,0.873,0.527,0.725,121.0,-3.11,0.109,0.134,0.172,0.254,175233,10,1,5,61
pUgzdJ3lTC9hPEleDRnmCY,Velvet Wave,Jax Vance,reggae,energetic|sad,0.764,0.454,0.526,100.0,-8.79,0.016,0.033,0.215,0.069,224506,7,1,5,15
xS9pYK25InuJ8trAhFUPDV,Restless Memory,Nadia Stone,metal,nostalgic|melancholic,0.47,0.855,0.272,147.5,-6.78,0.147,0.068,0.202,0.226,230504,8,0,4,59
lCekdvpQ5MDWH6FUhnFT50,Crystal Shadow,Toma Voss,jazz,sad|tense,0.436,0.505,0.403,108.7,-12.22,0.113,0.719,0.259,0.065,245510,0,0,5,23
CwRnSVUT4xQGwlpOIz7dZ1,Golden Echo,The Rains,latin,playful|uplifting,0.864,0.689,0.54,100.0,-5.24,0.073,0.383,0.014,0.313,233662,7,1,5,5
PKkX7U8LVwQbftmErP3VGm,Golden Bloom,Ava Wells,blues,sad|dreamy|melancholic,0.445,0.258,0.282,81.1,-4.84,0.157,0.428,0.27,0.092,131984,1,0,4,25
Rfhhyzgi6lchNUcCiUvQV7,Bitter Storm,Sena Hale,metal,chill,0.466,0.886,1.8,146.7,-1.69,0.111,0.046,0.147,0.116,172712,7,0,3,70
fsbYJRzOHi7v3aKQuijMsy,Silent Horizon,Sena Frost,electronic,dreamy|nostalgic,0.856,0.681,0.557,102.4,-3.58,0.093,0.0,0.31,0.0,269095,4,0,3,65
B7wJuIxytW7in2bq8e4VXj,Midnight Shadow,Kai Wells,rock,aggressive,0.573,0.618,0.897,112.8,-8.45,0.132,0.103,0.017,0.0,177699,1,0,4,56
i3sHP85gvuq83k04ROPaoS,Fading Heart,Leo Vance,hip-hop,nostalgic|aggressive,0.815,0.498,0.525,90.5,-8.34,0.196,0.084,0.081,0.108,167172,6,0,4,56
1gi1ZqDBahcJdXhZYGhcnb,Hollow Star,Iris Cade,r&b,tense|sad,0.461,0.419,0.3,78.7,-9.8,0.108,0.247,0.058,0.166,178588,4,1,4,59
fmGcACgpdDTovfd03sxH9r,Restless Rain,Nadia Quinn,hip-hop,dreamy,0.719,0.619,0.52,98.3,-8.86,0.252,0.168,0.014,0.234,227964,5,0,4,37
3XmMzk0Z68C7q1B4zB0jfw,Faded Dream,Mira Knox,pop,happy,0.827,0.664,0.427,106.3,-6.47,0.0,0.392,0.0,0.082,215650,8,0,4,54
bVPqLpIX8Je0TKWS2TOSrK,Midnight Road,Nova Lark,jazz,happy|uplifting,0.67,0.296,0.64,93.0,-13.23,0.065,0.5,0.4,0.119,164652,1,1,3,29
0AyMJVsgA6y9gjnFs8dFEK,Wild Memory,Jax Lark,reggae,energetic|dreamy|playful,0.856,0.588,0.527,90.5,-7.36,0.0,0.089,0.0,0.079,216282,1,0,4,19
w9yzilF84dbH2kOOI6SJCm,Wild River,Toma Reyes,folk,chill|dreamy,0.352,0.267,0.433,88.3,-12.9,0.145,0.683,0.075,0.226,207655,10,0,3,86
eI7z5qtIikWhC844wHGV7o,Faded Storm,Cole Shaw,metal,romantic,0.255,0.83,0.546,142.1,0.0,0.148,0.0,0.036,0.308,199876,8,1,5,81
WPQf7kG5FR0LrYkMQBJ5Gj,Endless Ghost,Reo Cross,pop,happy|aggressive,0.742,0.685,0.492,112.8,-5.31,0.113,0.313,0.059,0.0,202681,9,1,3,50
X7DLZ2ZQQPzlsOc4M7ASOs,Radiant Ghost,Rio Ryder,indie,happy|aggressive|chill,0.742,0.726,0.668,123.2,-11.67,0.062,0.454,0.196,0.151,261247,10,0,4,41
G9K9YXorIzISGoNc4BiqzE,Silent City,Nova Wells,rock,uplifting,0.389,0.735,0.58,143.0,-1.09,0.027,0.022,0.151,0.114,193076,8,0,3,33
UA5avlpc6quJGgzvX1Sb6k,Distant Fire,Reo Marsh,rock,happy,0.54,0.825,0.623,104.6,-5.96,0.134,0.099,0.356,0.292,210382,2,0,4,55
iSqMIKWIOcII96Ua3zD1Jj,Electric Fire,The Fires,classical,melancholic|playful|tense,0.352,0.107,0.203,102.9,-20.52,0.092,0.861,0.709,0.057,209829,11,0,5,2
GyKtS53fuvLquZQdhhNiUM,Neon Heart,Reo Frost,blues,dreamy|aggressive,0.415,0.518,0.285,107.5,-10.8,0.001,0.59,0.138,0.283,183498,9,1,5,28
ATPigGLquxMdyFadbMPPKt,Silent Rain,Talia Quinn,indie,chill,0.518,0.607,0.52,113.8,-10.28,0.0,0.195,0.12,0.055,177297,6,1,4,38
FWCvI5bKCY8tXu9omYGZMb,Hollow Shadow,Cole Ryder,country,nostalgic|tense,0.732,0.548,0.551,99.4,-9.33,0.081,0.67,0.127,0.1,252900,2,0,4,29
hljsl9WZCB94ESQEtziWuN,Broken Ghost,The Dreams,hip-hop,chill|playful,0.971,0.664,0.365,89.0,-9.02,0.135,0.082,0.066,0.337,307574,6,0,4,47
ETFJim3flKM48wC7Y5a7Zr,Endless Shadow,Finn Ryder,rock,uplifting|aggressive,0.276,1.0,0.174,125.0,-6.67,0.071,0.092,0.0,0.168,103759,0,0,4,0
Jw0Okxq8GltihQJSWoGu4q,Distant Fire,The Lights,hip-hop,chill|aggressive,0.57,0.617,0.166,102.7,-2.32,0.164,0.274,0.059,0.16,184829,6,0,4,66
CC5XzWnpQsPPRVkFkbm31J,Sweet Ghost,Nova Knox,folk,dreamy,0.257,0.39,0.698,108.1,-7.97,0.17,0.539,0.158,0.232,211857,8,1,5,39
G1jrN5ov2o4tac263SYOVg,Bitter Dream,Nadia Shaw,pop,melancholic|happy,0.359,0.664,0.547,122.3,-7.2,0.053,0.232,0.0,0.086,117636,3,1,5,87
TYJgaPRPW6ZUQupPMhjID9,Bitter City,Toma Cade,country,playful|melancholic|tense,0.508,0.611,0.591,109.4,-11.2,0.101,0.684,0.11,0.181,262971,5,0,4,33
Zf3UMIV9yTqlri5n1JPoLC,Neon City,Leo Marsh,latin,playful,0.749,0.684,0.65,98.4,-6.13,0.02,0.33,0.016,0.16,194330,6,0,3,48
halol4abeSHyDByhc6bG1O,Radiant Star,Reo Cade,folk,happy,0.422,0.341,0.577,99.4,-7.65,0.149,0.708,0.161,0.29,186060,8,0,4,48
rAYWX2JPimutA3Lu1RYgca,Velvet Horizon,Nadia Quinn,rock,aggressive,0.529,0.832,0.462,145.8,-4.48,0.093,0.051,0.085,0.1,202377,1,0,4,58
Pz6xt3fTfT158osaZCIugz,Radiant Wave,Reo Cross,blues,aggressive,0.431,0.556,0.393,85.7,-8.37,0.051,0.354,0.204,0.0,249916,6,1,4,47
BJJH5OKhEHRQPFYNexbxZL,Hollow Skyline,Nova Shaw,reggae,happy|uplifting|sad,0.711,0.558,0.491,99.4,-5.61,0.0,0.13,0.02,0.093,244491,0,0,5,68
eYDxvGu9hDFDsTfQViFsyM,Neon Dream,The Stars,rock,chill|melancholic,0.666,0.983,0.562,114.2,-10.17,0.016,0.0,0.149,0.157,221346,1,0,5,37
6ig0JwRsxF11cuBXGia2Kj,Silent Ocean,Ava Vance,metal,sad,0.448,0.846,0.397,129.1,-6.22,0.04,0.011,0.171,0.147,274192,4,1,4,55
4YradfFHP860HlkSqTCpfi,Hollow Dream,Toma Frost,country,aggressive,0.586,0.734,0.534,114.4,-6.06,0.024,0.451,0.09,0.354,121656,8,0,5,12
lBfV4cVxo803YCd0KimccD,Broken Light,Ava Vance,pop,energetic|dreamy|playful,0.539,0.715,0.25,123.6,-5.05,0.058,0.0,0.0,0.153,234521,1,0,4,65
r9EXhA1Uf9NYUG7jEmZtZI,Broken Echo,Nova Cross,rock,chill|sad,0.612,0.691,0.46,119.8,-8.72,0.0,0.319,0.023,0.048,209333,8,0,4,29
36jAHdz3rIBcVBCmLJoTq5,Fading Star,Toma Stone,latin,chill|energetic,0.934,0.547,0.622,94.1,-5.08,0.146,0.217,0.095,0.118,209183,8,0,4,23
x9zknKlU0aMcI7v5XugcFO,Fading Horizon,Leo Voss,latin,playful,1.0,0.527,0.601,101.3,-1.15,0.09,0.518,0.0,0.29,187342,6,1,4,31
ObzTNx6ou067rS8fRla5fQ,Silent Skyline,Wren Frost,rock,happy,0.423,0.661,0.591,125.4,-7.28,0.087,0.0,0.155,0.003,177622,10,0,4,51
cCsc91FgWCTm2iDMJd7wTV,Faded Ocean,Rio Reyes,blues,happy,0.259,0.559,0.453,100.4,-9.3,0.029,0.47,0.214,0.338,142891,10,1,4,26
cGNSWseeItON6g9oPv4NN5,Neon Star,Rio Frost,country,happy|aggressive,0.426,0.507,0.819,110.6,-8.66,0.08,0.377,0.12,0.12,211438,0,0,4,55
S5pEGrSRiT49nQmK2stLS9,Distant Memory,The Ghosts,rock,romantic|tense|nostalgic,0.62,0.825,0.195,128.2,-11.39,0.008,0.129,0.074,0.256,187697,1,1,4,39
qlLdOlQ8KSXjoYotv2geaV,Golden Wave,The Lights,classical,chill,0.305,0.21,0.543,107.4,-17.24,0.032,0.711,0.633,0.203,235505,1,1,5,37
76DvW4KJYICu2K3lfkLVLX,Hollow Rain,Kai Voss,pop,romantic|tense,0.503,0.42,0.454,120.0,-4.56,0.044,0.097,0.02,0.069,243862,2,0,4,59
fZw1koTWJalmBS9kgPYMUQ,Neon Dream,Zara Blake,hip-hop,tense|dreamy|melancholic,0.684,0.723,0.202,95.2,-6.63,0.146,0.191,0.1,0.176,268197,0,1,3,49
TdWXv6pEIWZSM2neJyM8jG,Faded Garden,Zara Ryder,country,playful|chill,0.596,0.586,0.429,125.2,-7.64,0.0,0.422,0.0,0.049,196247,7,0,3,27
dqfrrFrPnUi7V3HVheA99x,Faded Bloom,Ava Marsh,pop,sad,0.798,0.433,0.189,117.4,-5.48,0.075,0.305,0.167,0.212,209229,3,0,4,55
XWiGfAv4dAqzmaR0dwTYMo,Endless Storm,Nadia Blake,folk,happy,0.46,0.387,0.714,111.2,-10.61,0.003,0.661,0.112,0.181,198157,1,0,4,43
8Ybqp19VI0reNyzkjKfZ3m,Electric Light,Zara Cross,pop,romantic|nostalgic,0.666,0.438,0.226,130.8,-11.88,0.098,0.342,0.117,0.188,222652,2,0,3,40
XWYqtPcC9BzmRtMXmToKAw,Midnight Rain,Nadia Quinn,blues,sad|nostalgic|aggressive,0.174,0.607,0.108,92.6,-8.75,0.11,0.731,0.175,0.224,257625,6,1,4,69
RjgRG2GO49cIVF8M8RNgVN,Hollow Shadow,Ezra Reyes,country,chill|energetic|aggressive,0.609,0.594,0.549,114.6,-4.48,0.121,0.326,0.085,0.293,182668,11,1,4,69
SpefT1x2QHFzbxUrx3DXUy,Faded Fire,Iris Cade,electronic,dreamy|playful,0.866,0.655,0.619,133.3,-2.16,0.012,0.021,0.057,0.102,237047,3,1,4,50
n5riflvsxbIS6aKv717N68,Fading City,The Roads,folk,dreamy|uplifting,0.44,0.309,0.586,71.1,-13.02,0.054,0.907,0.074,0.248,205510,6,0,4,10
yh70sdQ9qPILmpY5k8A0ht,Crystal Rain,Kai Shaw,classical,energetic|dreamy,0.326,0.137,1.8,101.9,-17.63,0.056,0.986,0.745,0.205,191572,3,1,5,60
67Jruknx0QrV5lB45GZDqr,Restless Heart,The Echos,folk,tense|nostalgic,0.442,0.374,0.479,90.2,-9.92,0.041,0.602,0.0,0.197,229804,11,1,3,41
r6dP0c7WOSw0j0C7Ieb77x,Crystal City,Kai Cross,folk,nostalgic,0.595,0.373,0.588,97.3,-12.58,0.079,0.457,0.136,0.061,196115,5,1,4,45
WzHZOSfFk6cmhmyNwwTjHX,Burning Skyline,Ava Quinn,r&b,nostalgic|aggressive|dreamy,0.659,0.547,0.376,87.5,-4.16,0.084,0.289,0.094,0.133,248392,9,0,4,47
SS15Y1oYwoioBBfGwcEzf6,Golden Star,Kai Quinn,metal,melancholic|tense|sad,0.248,1.0,0.294,147.3,-7.24,0.0,0.0,0.107,0.005,236848,3,0,3,35
RJO9lTf92FQY1OB7TWqI3q,Burning Garden,Iris Ryder,reggae,sad|playful,0.928,0.629,0.386,96.2,-7.89,0.023,0.263,0.082,0.207,257008,8,0,5,14
zdyl04NvnxPd5yp15OYUE3,Lonely Dream,Leo Cross,electronic,aggressive|tense,1.0,0.742,0.556,123.8,-2.31,0.102,0.119,0.345,0.149,238124,8,0,4,66
XylzQdGYsQzoK1UEQxyeuU,Wild Garden,The Roads,jazz,uplifting|nostalgic,0.773,0.47,0.617,128.2,-15.79,0.07,0.42,0.309,0.006,212038,10,0,4,47
nLuCJFwZldEZaZibqkBkQa,Broken Bloom,Reo Blake,folk,dreamy|sad,0.388,0.253,0.285,111.8,-8.01,0.038,0.855,0.239,0.133,218217,10,0,5,40
ekBF5EofZMXliCPyRWbD9v,Faded City,Reo Wells,jazz,energetic|uplifting,0.342,0.472,0.595,123.9,-12.94,0.0,0.559,0.49,0.18,204570,8,1,4,46
khLew1bXwFZyrsKODZ6sEa,Golden Horizon,The Stars,electronic,aggressive|chill|uplifting,0.89,0.714,0.688,131.5,-1.41,0.107,0.0,0.329,0.119,237739,8,1,4,46
cbApwuSoEmcLVyrKBNl9DC,Broken River,Cole Marsh,country,energetic|sad|dreamy,0.617,0.449,0.603,101.6,-1.46,0.031,0.195,0.062,0.182,247596,0,1,4,31
KWvNzw7sAQBptvWq3587sV,,Nova Stone,metal,aggressive,0.385,0.903,0.301,137.6,-5.71,0.013,0.073,0.0,0.154,231085,5,1,5,26
WR1QSJkjodLvGAiMUEU7nK,Sweet City,Talia Blake,metal,sad|playful,0.294,0.73,0.217,146.0,-6.07,0.026,0.031,0.287,0.172,275025,4,0,5,17
i2XicpactrKB2ty7ejUNoK,Golden Horizon,The Oceans,latin,happy,0.743,0.673,0.673,104.5,-7.99,0.155,0.131,0.0,0.085,211952,10,1,4,26
8BZf7KNn8eqTxJtmqSuzyo,Broken Dream,Toma Frost,rock,playful,0.684,0.868,0.837,116.4,-2.92,0.025,0.025,0.154,0.206,183593,7,0,5,70
TLAGVSRZQzY0I1bcJY58Pu,Silent Wave,Nadia Cross,jazz,nostalgic|dreamy,0.56,0.35,0.259,106.9,-10.98,0.103,0.742,0.298,0.129,245270,3,0,3,35
k0JN8rBzvlCWvU3W7Wkmmi,Bitter Shadow,Rio Vance,folk,happy|chill,0.618,0.278,0.352,101.8,-2.09,0.029,0.792,0.072,0.332,241883,5,0,4,50
2BjXENNwW0up5VdlrPxndf,Neon Memory,Toma Ryder,metal,energetic|happy,0.483,0.896,0.428,149.0,-5.42,0.064,0.0,0.118,0.097,159289,6,1,4,47
QZisd4xdC04UA61qQ4IDUX,Electric Garden,Reo Lark,latin,aggressive|uplifting,0.793,0.742,0.758,119.6,-6.07,0.05,0.184,0.063,0.0,217250,11,0,4,36
ljuMcZ9LYSvyzWIsTq6GUV,Silent Memory,Sena Shaw,blues,dreamy,0.257,0.309,0.443,106.6,-14.48,0.034,0.478,0.055,0.235,264585,10,0,4,0
D2d30FsScZO7oMjwgLNNqS,Distant Skyline,Leo Knox,rock,energetic,0.49,0.835,0.596,131.4,-6.16,0.013,0.277,0.093,0.0,146364,11,0,3,33
4Py29m6mVVaSI0mmsstC45,Midnight Rain,Zara Knox,hip-hop,happy|romantic,0.99,0.488,0.499,97.3,-1.61,0.213,0.0,0.0,0.179,230821,2,1,4,38
S5lzBOQnk84MVuAorlC6FE,Crystal Skyline,Cole Marsh,latin,aggressive,0.714,0.82,0.957,92.9,-5.61,0.0,0.09,0.0,0.018,237474,7,1,5,73
WQSLzoBpDQUZjPAl0NUsQW,Neon Heart,Nova Lark,country,uplifting|happy,0.521,0.591,0.629,99.1,-5.72,0.047,0.275,0.0,0.141,230000,6,0,3,55
0Pfl2jg81lYexVsGQ64hTx,Sweet Shadow,Toma Wells,folk,playful|chill|happy,0.536,0.299,0.479,93.6,-13.49,0.099,0.77,0.155,0.17,138768,11,0,3,36
FCOHEp1uHuXV9yOzs83zVt,Electric Bloom,Mira Hale,latin,uplifting|happy,0.672,0.627,0.686,127.0,-5.5,0.0,0.386,0.0,0.136,204529,6,0,5,85
8G64KX3S3hfE3NCj0WALNM,Radiant Fire,Zara Blake,hip-hop,melancholic|sad,0.633,0.622,0.343,104.2,-4.55,0.238,0.136,0.047,0.182,177369,1,1,4,29
m3gauOcuZlrp4H5pJTa7wJ,Neon Light,Jax Cross,indie,melancholic,0.511,0.537,0.611,117.4,-8.42,0.063,0.239,0.282,0.385,218173,11,0,5,32
n0EA5VfGvOh4O9I6ZW0Xzl,Burning Storm,The Lights,reggae,playful|sad,0.829,0.527,0.565,90.3,-6.21,0.148,0.095,0.084,0.0,236744,9,1,4,84
eHEuT8WV8Sbz85EFygPcBW,Distant Wave,Toma Blake,rock,energetic|sad,0.565,0.965,0.576,144.2,-3.47,0.096,0.003,0.075,0.0,209588,5,0,4,42
QFlVRbT0UjSzyxS90zIyWk,Radiant Ocean,Leo Marsh,hip-hop,romantic|chill,0.557,0.523,0.533,94.2,-6.52,0.251,0.0,0.082,0.13,249692,8,1,4,22
WNABLteWCKNzFbJaJYMDtR,Restless Fire,Ezra Cade,reggae,happy|uplifting,0.489,0.41,0.72,79.3,-8.23,0.055,0.364,0.0,0.071,226526,2,0,4,42
sXLIbqsuaYMkQOGZz4au9k,Electric Heart,Mira Shaw,latin,aggressive,0.935,0.59,0.588,105.1,-0.73,0.0,0.15,0.137,0.133,232643,8,0,4,76
0IJpNMVEq12VgJwA3paj79,Endless Ocean,Kai Vance,jazz,happy|chill,0.256,0.316,0.737,132.5,-11.74,0.078,0.571,0.271,0.173,265173,8,0,3,36
m0CIQ25sBCKdGWE6U6bPhH,Restless Skyline,Kai Vance,country,uplifting,0.64,0.557,0.448,97.8,-9.05,0.191,0.097,0.0,0.178,194193,8,1,5,57
7z06xkt8cyjYXihu6wNMB3,Restless Shadow,Finn Quinn,electronic,nostalgic|energetic,0.494,0.89,0.578,121.0,-3.7,0.055,0.126,0.439,0.125,208294,7,1,4,69
MoMBukg200oIouaF1fisvU,Distant Echo,The Blooms,metal,happy,0.357,0.988,0.355,134.1,-0.24,0.058,0.217,0.028,0.236,242623,4,1,4,35
PIUpNwJuTRuJuklLQtkR1w,Silent Road,The Rivers,electronic,romantic|uplifting,0.581,0.888,0.827,133.9,-10.58,0.08,0.0,0.524,0.06,171321,7,1,4,30
XjtC3HUV2Ush1Y2DhwLtSZ,Faded Storm,Ezra Hale,r&b,aggressive,0.693,0.599,0.505,104.9,-6.87,0.106,0.477,0.096,0.21,199094,5,0,4,66
GI4lZ6JewYlEIEmas0JBlu,Broken Road,Iris Stone,r&b,chill|uplifting|playful,0.62,0.498,0.512,106.6,-5.98,0.074,0.373,0.0,0.205,171816,9,0,4,67
VECVy7kLZzL7eton0ziLMK,Wild Ghost,Finn Ryder,indie,happy|uplifting,0.494,0.582,0.771,91.1,-8.87,0.013,0.36,0.062,0.269,227294,6,1,3,59
MAQHs5skPsyrV8GXHtNW85,Radiant Storm,Iris Quinn,metal,tense|nostalgic,0.446,0.722,0.491,135.4,-7.22,0.031,0.14,0.0,0.173,307057,11,1,4,51
tHImOM63C5fDa7vWLHt69q,Crystal River,Sena Wells,classical,dreamy|sad|playful,0.328,0.147,0.304,94.2,-18.14,0.034,0.902,0.738,0.116,274589,7,0,4,59
vKa40bVYNQ6391UKO2k1gC,Endless Wave,The Roads,reggae,uplifting|romantic,0.76,0.597,0.657,88.1,-10.84,0.085,0.286,0.0,0.171,163113,9,1,5,87
miRzbVVhhKpYLfap92Ii2K,Restless Rain,The Roads,country,sad|dreamy,0.689,0.477,0.546,117.0,-8.9,0.0,0.366,0.0,0.145,216276,11,0,4,22
7SYYHFnyWzi6CfnSwGUMzK,Lonely Echo,Kai Vance,pop,melancholic|playful,0.536,0.568,0.513,126.4,-4.04,0.089,0.314,0.134,0.2,223075,3,1,4,9
wY4hgyspz9RNcQi1G6pEFl,Endless Horizon,Toma Wells,latin,aggressive|energetic,0.953,0.769,0.567,95.4,-4.92,0.002,0.0,0.243,0.0,227668,7,0,4,31
6tA1qcx9hcmQJIaiFnaqjF,Hollow Echo,Zara Blake,hip-hop,uplifting|dreamy,0.634,0.634,0.498,88.1,-5.35,0.205,0.157,0.0,0.261,214769,5,0,4,8
llGIW2r8NGDWr3uW9wh2Tp,Crystal Star,Iris Marsh,r&b,happy|energetic|sad,0.601,0.65,0.618,95.6,-6.99,0.0,0.216,0.124,0.244,179646,11,0,5,54
WH5eGFnJECPVw9GoUonzsW,Restless Storm,The Fires,folk,chill,0.663,0.306,0.921,85.4,-7.54,0.0,0.641,0.149,0.177,147742,0,0,4,70
Ykc7qeP2k33o5fNcUPwCDi,Midnight Fire,Nova Vance,pop,dreamy,0.648,0.518,0.472,125.9,-1.12,0.152,0.43,0.212,0.0,223148,2,1,4,54
jWrI8DbLUVJEjVyq37KAnl,Neon Ocean,The Gardens,r&b,dreamy|energetic,0.565,0.287,0.423,104.7,-6.58,0.0,0.392,0.082,0.128,204024,7,1,3,88
ndEajIzCSPkd77jXccMvXY,Lonely Ghost,Finn Marsh,pop,uplifting,0.624,0.626,0.914,113.0,-4.92,0.068,0.087,0.0,0.121,228903,6,0,4,63
DfmWXcPCkkfgnI0yKcVGE4,Broken Ghost,Jax Blake,electronic,tense,0.593,0.861,0.634,127.6,-2.28,0.081,0.077,0.247,0.313,290451,9,0,3,49
qtpAdj0oWts2Y75ilxjfPz,Midnight Shadow,Sena Ryder,jazz,sad,0.42,0.29,0.86,121.6,-19.84,0.083,0.586,0.104,0.189,251667,7,0,4,0
go7iEAfPDM0tUJbRir8w0S,Distant Wave,Leo Cade,indie,happy,0.702,0.459,0.619,102.0,-5.65,0.0,0.363,0.093,0.135,221016,10,0,4,33
EJBY46GRAinDyd6aGHrtDq,Midnight City,Iris Reyes,rock,melancholic,0.413,0.748,0.517,132.6,-6.51,0.081,0.279,0.009,0.033,159409,4,1,4,63
1mYuorIrGBrC88cGkhoK9H,Hollow Road,Jax Marsh,r&b,energetic,0.59,0.724,0.56,98.3,-7.85,0.0,0.318,0.137,0.306,187150,3,1,5,72
HypYsVTzDpLhNaaHHKXXKf,Electric Fire,The Horizons,hip-hop,uplifting,0.71,0.711,0.73,107.6,-8.26,0.151,0.004,0.0,0.331,215179,0,0,5,43
YUvtI18f8236JBEqypcdb6,Radiant Wave,Rio Voss,blues,sad|tense,0.52,0.355,0.404,89.1,-14.82,0.064,0.289,0.178,0.144,162233,8,1,5,47
mOqZ2QaexnuWprAAbCuy8K,Radiant Bloom,Talia Cade,r&b,romantic|dreamy|sad,0.654,0.547,0.483,87.0,-10.21,0.034,0.297,0.0,0.207,147500,4,0,3,44
aj95zjcHwG4eFqSu5iDoY6,Distant Echo,Jax Voss,reggae,playful|happy,0.86,0.739,0.6,75.6,-5.51,0.092,0.0,0.01,0.278,187186,8,1,5,59
KbsQ35zh4cdDMlodqBAbdf,Silent Star,Mira Shaw,jazz,happy,0.454,0.542,0.659,121.9,-8.01,0.079,0.742,0.293,0.181,201762,2,1,4,48
Wuo90X5U6WqtyUc4tPl5jC,Hollow Memory,Ezra Cade,indie,sad,0.74,0.37,0.599,99.9,-9.16,0.046,0.659,0.0,0.171,220210,4,1,3,23
FAIkk8uWgVRi0DQ8lzCaGz,Hollow Ghost,Nadia Marsh,rock,energetic|sad,0.502,0.793,0.565,122.3,-7.2,0.053,0.0,0.051,0.034,232367,8,1,3,56
7gZGtGKEtjipu3rZntdtUA,Burning Star,Leo Marsh,metal,aggressive,0.581,0.729,0.192,138.5,-3.98,0.02,0.122,0.0,0.11,218365,2,0,4,41
gQTNFXmIJfHjDpa2QBotov,Faded Rain,Zara Quinn,folk,melancholic,0.475,0.266,0.547,95.2,-7.44,0.122,0.74,0.0,0.384,197746,4,0,3,31
rfZUlp3bhTzdtNV8HBa08p,Restless Shadow,The Citys,jazz,happy|sad,0.393,0.335,0.701,130.7,-11.65,0.079,0.572,0.287,0.174,222077,1,0,4,34
pgWSFVgL0DWPJAcXVg4OWy,Silent Ocean,Kai Ryder,indie,uplifting,0.713,0.598,0.692,91.1,-12.34,0.139,0.159,0.05,0.238,221387,4,1,3,45
JHR31CHVaEiXDMWdToDh8A,Electric Light,The Citys,jazz,tense,0.596,0.259,0.608,111.2,-9.77,0.083,0.429,0.289,0.084,225878,8,0,3,89
1ocC4AJ3g55alZsJaRUTJx,Distant Storm,Zara Cross,r&b,energetic,0.688,0.569,0.437,106.6,-9.79,0.098,0.377,0.0,0.144,194756,3,1,4,45
zQEbyZCRRweBNShpK267xS,Silent Dream,Leo Wells,jazz,tense|aggressive,0.451,0.313,0.574,88.3,-8.56,0.139,0.473,0.521,0.128,222064,6,1,5,31
I3oKisI2sGeobat6gVBMZZ,Broken Horizon,Rio Cross,pop,happy|playful,0.806,0.633,0.603,138.5,-7.16,0.022,0.165,0.055,0.139,221457,3,0,5,29
ub0h4Wr6FAqXjFG0ZLYB29,Electric Road,Toma Lark,country,tense|playful,0.437,0.567,0.667,118.4,-7.43,0.024,0.173,0.0,0.034,-1000,5,0,4,36
jy28OcWQZMDkoUybjsYsBW,Distant Fire,Iris Shaw,rock,happy,0.484,0.934,0.745,125.4,-5.0,0.065,0.372,0.0,0.246,171100,5,1,4,35
oHbXl4Cs0e1tG2uTDQlydk,Faded Skyline,Nadia Cade,rock,playful|energetic,0.58,0.814,0.628,144.6,-5.92,0.003,0.0,0.0,0.317,212861,7,0,4,59
nUJ96zEASiwMin5HBUG1EM,Golden Light,Ava Ryder,reggae,melancholic|energetic|sad,0.76,0.756,0.208,98.5,-5.95,0.119,0.099,0.09,0.055,274723,11,0,4,82
8qXaumRPVuACdVEGM4DFTv,,Nova Vance,classical,tense|melancholic,0.339,0.046,0.442,102.3,-15.83,0.0,1.0,0.945,0.02,223455,11,0,4,27
We1D1xP4FBMh9FgBkdXskN,Sweet Ocean,The Fires,hip-hop,melancholic|energetic|aggressive,0.676,0.727,0.359,113.2,-3.55,0.233,0.259,0.0,0.292,240938,7,0,3,70
lRzrF1edBIb3eCD44Wb6nZ,Broken Ghost,Iris Cross,rock,dreamy|playful,0.653,0.543,0.749,120.8,-2.67,0.011,0.11,0.077,0.437,211317,8,0,3,87
Bp6JaIo9KcVzW7uqdk4wNU,Radiant Star,Rio Voss,jazz,romantic|energetic,0.495,0.329,0.499,109.8,-8.98,0.0,0.408,0.369,0.058,243107,9,1,4,28
CzPv0kD3kJPtwnLFqNVOLx,Midnight Storm,Zara Wells,latin,tense|aggressive,0.65,0.706,0.972,112.0,-5.95,0.073,0.365,0.108,0.277,206927,6,0,4,60
lXe5xX08t40pNcrqIK6cLo,Neon Skyline,Sena Voss,r&b,energetic|playful,0.483,0.701,0.44,96.7,-7.4,0.055,0.218,0.0,0.104,289719,9,0,4,35
co2zLG0JZJsSYnNmWXpm4k,Fading Memory,Jax Wells,electronic,happy|melancholic,0.698,0.807,0.619,115.6,-3.79,0.056,0.0,0.388,0.204,196018,5,1,4,53
zu63NMNi8dhjp9FzmeEDtL,Distant Fire,Ava Cade,classical,uplifting|nostalgic,0.126,0.069,0.353,121.9,-13.37,0.055,1.0,0.8,0.229,242748,7,1,5,67
8rEujQ2GO6zqyg55jSb4NB,Electric Storm,Rio Vance,folk,melancholic,0.517,0.395,0.302,89.7,-8.86,0.109,0.817,0.146,0.137,197445,5,0,4,59
ugrnUXigLOgtpQ1dH2CF6L,Endless Shadow,Mira Frost,hip-hop,nostalgic|sad,0.841,0.518,0.24,102.8,-5.83,0.212,0.207,0.0,0.191,197430,5,1,3,56
FOy1Km9n4pWkLLJBwgw3N8,Golden Skyline,Toma Stone,rock,energetic|playful|aggressive,0.412,0.799,0.638,111.4,-7.17,0.054,0.0,0.0,0.247,298034,0,1,5,39
VGrzEiQLXkxt7n3XO3uVxf,Faded Ghost,Jax Quinn,reggae,nostalgic|happy,0.704,0.575,0.512,89.5,-9.53,0.072,0.153,0.037,0.0,203827,6,0,3,22
Ykp7rfsKKlMaYaMSPAzk1S,Endless Heart,The Ghosts,rock,energetic,0.391,0.777,0.649,139.3,-3.28,0.056,0.0,0.0,0.089,206625,4,0,3,85
VWfKopxWmINlikt1Dff8Lo,Burning Horizon,Finn Vance,blues,melancholic|uplifting,0.606,0.625,0.223,88.0,-8.32,0.019,0.687,0.201,0.162,276639,9,0,3,52
DlmrBfC0BQj2oRhn34mYAh,Midnight Bloom,Nova Wells,classical,sad|energetic,0.202,0.321,0.671,96.5,-13.01,0.045,0.785,0.82,0.096,232773,8,1,3,62
2SnYqMslNc0r4BZeEu2vgG,Sweet Storm,The Dreams,rock,uplifting|energetic,0.51,0.726,0.627,127.9,-8.77,0.0,0.131,0.0,0.183,186029,6,0,4,57
CKWakw3sXIxVoy1WiAJKcr,Endless Skyline,Finn Ryder,indie,uplifting,0.652,0.776,0.476,134.3,-5.92,0.087,0.453,0.027,0.168,251124,5,0,5,56
LXoEIeqRBdtF2POAVgsoDG,Bitter Fire,Iris Cross,pop,dreamy|happy|tense,0.56,0.579,0.539,110.4,-1.7,0.058,0.298,0.0,0.193,210628,9,0,3,30
x0HVMKc8djCE7SkK1haXHt,Crystal Heart,Toma Cade,blues,chill,0.313,0.257,0.483,101.9,-10.06,0.015,0.42,0.034,0.163,265530,1,1,4,51
PCQnb0zESY45hJ7ilVlAA4,Restless Wave,Nova Vance,electronic,uplifting|chill,0.685,0.649,0.69,144.3,-4.11,0.0,0.0,0.397,0.226,189859,0,1,4,36
ZOu2b2QOtKii1hSDdqP2JB,Broken Star,Iris Vance,reggae,aggressive|energetic|happy,0.711,0.37,0.667,91.5,-9.83,0.082,0.207,0.0,0.21,158046,11,1,4,83
0I7kFhJjASu94XnXZoDfDV,Midnight Star,Ezra Ryder,rock,aggressive|chill,0.535,0.742,0.602,137.9,-7.95,0.122,0.304,0.0,0.104,248598,9,0,5,79
NACbyMleNv0ICmaxqMHk9r,Lonely Star,Talia Voss,pop,dreamy,0.75,0.828,0.237,142.8,-6.34,0.027,0.068,0.044,0.079,-1000,10,0,3,38
Rhv4PHL3WW56dgyP2q4XL6,Silent City,The Horizons,latin,nostalgic|tense,1.0,0.825,0.537,92.0,-6.12,0.0,0.19,0.0,0.147,185595,10,1,4,57
kM8AJlP3Xs1t1HuW8bQ2bD,Silent City,Wren Quinn,rock,uplifting|happy|aggressive,0.221,0.842,0.703,140.4,-5.4,0.064,0.078,0.011,0.133,207668,10,0,4,51
pNhDdOWZl7AmR54qrrnuZM,,Wren Knox,pop,happy,0.758,0.508,0.693,136.7,-8.55,0.087,0.305,0.125,0.25,209488,0,0,3,47
J6rKCz007TdpNyPWCai6Ws,Lonely Ghost,Ezra Cross,pop,aggressive|dreamy,0.691,0.55,0.485,134.8,-7.3,0.096,0.0,0.0,0.193,217022,2,0,4,43
Ijhw3TKCFpHxr8TzAjm9io,Hollow Heart,Iris Wells,country,uplifting|happy,0.562,0.543,0.851,117.2,-11.21,0.058,0.265,0.0,0.168,216759,11,1,5,65
yAze9D87KLAlm5wyNL648M,Silent Wave,Toma Voss,metal,chill|uplifting,0.318,1.0,0.639,133.6,-4.56,0.0,0.0,0.063,0.198,259878,2,0,4,35
H83Zq5M0pgumMHVmWMfjiz,Midnight Horizon,The Dreams,r&b,chill|uplifting,0.625,0.58,0.336,87.6,-7.01,0.106,0.0,0.003,0.096,205488,8,0,3,59
HZKFuj5O1IEicLNIBPu1Qy,Fading Skyline,Mira Stone,folk,chill,0.362,0.088,0.626,100.5,-8.92,0.0,0.916,0.099,0.046,148525,4,0,4,43
5Nzi68K80XI60cP2xzIi4a,Broken Garden,Rio Vance,indie,uplifting|aggressive|playful,0.571,0.526,0.459,116.7,-5.27,0.008,0.406,0.199,0.16,159278,9,1,5,22
o9eQmEQNu2zgadFFFmPkeF,Distant Heart,Nova Quinn,country,happy,0.251,0.405,0.746,103.3,-6.35,0.0,0.559,0.168,0.225,216275,4,1,4,53
2CsJMaXrFBbCV9IA3iXoue,Midnight Garden,Nova Reyes,classical,uplifting|playful|dreamy,0.349,0.349,0.235,87.8,-19.63,0.079,0.692,0.703,0.254,238934,4,1,4,75
wGawwIVfUVZgu51CqrTZNz,Distant Memory,Leo Cade,blues,dreamy,0.472,0.339,0.29,75.0,-9.84,0.049,0.512,0.018,0.111,236003,4,0,5,54
7YTIjlfZIbRnLyzXkX8VUc,Lonely City,Toma Cade,blues,uplifting|dreamy,0.309,0.412,0.408,95.9,-9.35,0.02,0.612,0.156,0.346,238829,0,0,5,55
Aimd7mMDtq2bG6G5dWX1BF,Golden City,Toma Knox,pop,uplifting,0.621,0.525,0.749,133.5,-0.97,0.118,0.162,0.122,0.128,257007,9,0,4,41
ZyyggvIrJvJdvkZzplQhhM,Burning Heart,Iris Quinn,pop,happy|energetic,0.592,0.839,0.569,99.4,-6.52,0.023,0.0,0.0,0.0,209308,1,0,4,58
syVe0NKvUpKrA4YFZyAi3A,Neon Memory,Nadia Vance,r&b,chill|happy,0.59,0.377,0.586,108.5,-8.91,0.0,0.158,0.0,0.249,169410,10,0,4,74
pczzpB1axciUH4PfPOBr1a,Radiant Star,Ava Hale,indie,uplifting,0.646,0.403,0.664,99.8,-8.22,0.027,0.325,0.16,0.172,184066,5,0,4,58
KP0lzcdNTIBci39Dw608F7,Fading Road,Talia Marsh,hip-hop,chill,0.934,0.721,0.446,112.3,-8.53,0.265,0.036,0.118,0.162,170855,5,1,5,18
Hns412sWvzzk3kMYRxjhFN,Restless Heart,Finn Cade,indie,chill,0.726,0.397,0.429,115.8,-7.42,0.0,0.231,0.0,0.1,251578,6,1,4,62
exGxbex9mRaeCoRUO8fBFZ,Electric Road,Cole Shaw,latin,aggressive,0.616,0.819,0.769,110.1,-6.93,0.156,0.091,0.0,0.209,249509,6,0,4,56
LduUDhK7VfWP7HOKIzB9V7,Fading Ghost,Finn Lark,hip-hop,nostalgic|melancholic|energetic,0.953,0.648,0.559,91.2,-5.8,0.167,0.104,0.117,0.0,210676,1,1,4,26
qp2aZPgKlkbMxBFpnm20jS,Radiant Garden,Mira Hale,classical,chill|happy|nostalgic,0.268,0.113,0.316,118.2,-19.98,0.1,0.762,0.563,0.187,109794,11,1,4,47
7TkoUI3vPjcipRlbKgqSae,Hollow Bloom,Jax Ryder,hip-hop,happy|playful,0.701,0.561,0.729,110.6,-8.19,0.15,0.24,0.0,0.06,224296,7,0,5,56
7CuBKSMNemJ9ohbaT1zYsp,Velvet Shadow,Finn Marsh,r&b,melancholic,0.562,0.362,0.139,96.0,-8.58,0.098,0.15,0.199,0.316,253791,11,1,4,50
JxdpyZcvNukNGYtiOsfU0c,Restless Rain,Mira Knox,electronic,happy|uplifting,0.695,0.794,0.557,154.9,-6.54,0.026,0.185,0.257,0.199,124694,7,0,4,51
wO2YZ8z49Yq8AUesKCruMF,Faded Echo,The Echos,country,dreamy|nostalgic,0.351,0.584,0.442,117.6,-2.71,0.017,0.344,0.0,0.097,225094,0,0,4,53
0AX3BsniiVoLq5ygigkTJL,Sweet Dream,Leo Lark,blues,melancholic|aggressive,0.583,0.662,0.395,91.8,-9.03,0.053,0.484,0.415,0.0,217643,4,0,4,41
7OkvzTDVGSFe2GXGHj69in,Endless City,Reo Cross,jazz,uplifting|playful,0.685,0.419,0.618,74.5,-10.03,0.041,0.7,0.281,0.197,265146,8,1,4,33
bWRuGBRCNrKXYym4RIpa2N,Endless Shadow,Leo Cross,jazz,uplifting,0.714,0.533,0.625,107.8,-14.84,0.058,0.505,0.332,0.293,178533,9,1,4,58
4Fwg9lqEBraadyHCvHYZAZ,Bitter Shadow,Kai Frost,hip-hop,aggressive,0.647,0.709,0.546,123.2,-6.92,0.125,0.151,0.0,0.083,232911,7,1,4,29
A6IBbGXo1u0E3cUeCb9pAm,Golden Bloom,Talia Marsh,classical,melancholic|aggressive,0.479,0.248,0.521,98.5,-17.11,0.0,0.952,0.882,0.139,218632,3,0,5,44
0MEMF32605K4Fi1rvjJrhn,Distant Ghost,Zara Vance,hip-hop,chill|happy,0.927,0.702,0.478,91.5,-2.19,0.191,0.0,0.002,0.143,229910,4,0,5,48
4vL1OWJciQBakTNqrjP3Z2,Golden Memory,Cole Marsh,electronic,uplifting,0.55,0.655,0.704,158.3,-5.51,0.104,0.052,0.21,0.158,151979,9,1,3,6
5BVr6RHUkmaGHWUi1MuYPH,Burning City,Talia Blake,blues,sad|uplifting,0.528,0.459,0.383,106.3,-10.44,0.011,0.54,0.313,0.041,205966,9,1,3,40
Sayzl1LnQ9P6RfxfZH75ZW,Broken Storm,Mira Stone,country,playful|tense,0.513,0.719,0.642,105.0,-8.41,0.0,0.325,0.0,0.198,202267,1,1,4,68
bj4koER0KdcT0YWBu0r3ZT,Sweet Storm,The Stars,blues,nostalgic|playful,0.394,0.538,0.256,96.8,-8.23,0.082,0.36,0.274,0.139,187147,7,0,4,10
VnDGewLeuFMdJLtxGMWTOy,Neon Ghost,Sena Ryder,metal,aggressive|romantic|tense,0.196,0.859,0.454,129.6,-4.45,0.043,0.0,0.007,0.128,248412,8,0,4,8
j7KPYIHPy2PYWgGXi0ZbP0,Restless Horizon,Nadia Cross,pop,happy,0.652,0.539,0.717,111.1,-1.46,0.025,0.314,0.0,0.037,181002,5,0,5,63
5D6cpTucAFuDGNA3HYU3om,Crystal Ocean,Ava Knox,metal,energetic|sad,0.296,0.993,0.477,127.5,-2.28,0.065,0.135,0.222,0.23,199059,6,1,5,16
4VoHrT0rqctxGIngetet4E,Golden River,Rio Lark,latin,sad,0.665,0.493,0.808,90.6,-5.2,0.006,0.279,0.0,0.228,193865,10,0,5,18
d34joOtZXOrwBGsqAEKZsb,Lonely Light,Finn Stone,reggae,happy,0.722,0.609,0.646,103.6,-9.24,0.072,0.146,0.0,0.162,162217,7,1,5,13
9JXVnTciK1fvJx6TQtPk0o,Lonely Skyline,Nadia Frost,electronic,melancholic,0.873,0.717,0.249,125.7,-2.58,0.105,0.082,0.268,0.04,215491,2,0,4,47
UhwVOKwIsPf6OFrV777NhB,Broken Storm,The Horizons,folk,nostalgic|sad,0.592,0.34,0.314,118.3,-9.58,0.071,0.518,0.0,0.23,181274,4,1,4,59
SFZCsbViLZU3iIzsQOpmX7,Midnight Shadow,Cole Vance,folk,dreamy|sad|uplifting,0.578,0.436,0.756,147.0,-9.41,0.144,0.874,0.001,0.228,164431,6,0,5,44
Z86ciY21iiRSorNLIce5nU,Endless Light,Finn Knox,electronic,uplifting|happy,0.874,0.666,0.583,138.4,-5.16,0.063,0.228,0.489,0.148,281270,3,1,4,44
xB4ti3Zy0dhJypFWiyneKL,Distant Ghost,Wren Frost,r&b,dreamy|melancholic,0.759,0.375,0.35,107.0,-7.59,0.072,0.388,0.0,0.189,240754,5,0,4,38
eUUn17Y9rXs7Rq4JzEjlI6,Sweet Memory,Ezra Knox,r&b,playful|happy,0.764,0.324,0.668,103.0,-7.01,0.116,0.248,0.0,0.012,228909,2,1,4,28
unei3SasaLuspCFPBBgGmd,Bitter Ocean,Kai Blake,classical,playful|sad|energetic,0.268,0.442,0.401,101.8,-17.24,0.105,0.763,0.643,0.266,255701,9,1,5,18
cNQzOHuBtivWD1dAPJP1aj,Hollow Wave,Rio Reyes,rock,playful|sad,0.483,0.672,0.866,120.8,-6.33,0.131,0.1,0.178,0.259,164754,8,1,3,47
sVggsYjbzAEcguequVLKjb,Electric Ghost,Rio Hale,indie,sad|nostalgic,0.591,0.665,0.593,128.0,-3.67,0.0,0.382,0.156,0.117,181282,11,0,4,54
hWnqItnoKgmoPlxlHy9hYn,Neon Memory,Talia Lark,jazz,dreamy|chill|energetic,0.467,0.759,0.657,122.1,-8.3,0.107,0.596,0.628,0.178,204921,10,0,3,37
WDOQEO530prQKJOOxlNE1o,Distant Ghost,Nova Lark,hip-hop,playful,0.649,0.65,0.569,100.5,-6.76,0.26,0.0,0.0,0.079,228549,11,0,5,59
tgrEYxopz2LSxks4CX8r7W,Burning Light,Rio Lark,country,uplifting|dreamy,0.522,0.476,0.698,113.1,-9.48,0.108,0.418,0.0,0.297,248256,9,1,4,27
EfkPD3PS7A8mVOJ7ourn8Q,Fading Light,Zara Wells,indie,dreamy|happy,0.606,0.522,0.33,111.5,-8.5,0.101,0.16,0.0,0.262,171358,6,1,5,50
3oR8Gfgz5YGPmSDfbpbFZn,Restless Shadow,Reo Quinn,latin,playful,0.845,0.856,0.844,96.6,-6.49,0.0,0.317,0.144,0.018,158930,6,0,4,36
tYXCzluPr1jVL1Oky1SswW,Burning Echo,Sena Blake,jazz,sad|nostalgic,0.377,0.372,0.361,95.2,-8.41,0.122,0.572,0.263,0.105,206037,1,1,4,50
DfNACRbAR4JonvoMhcg9yg,Neon Ocean,Ava Blake,metal,tense|energetic|melancholic,0.243,0.831,0.257,138.2,0.0,0.125,0.08,0.317,0.221,232238,6,1,5,63
0KIZSqfUd9e3BFMnceq6If,Electric Ghost,The Rains,indie,tense,0.375,0.446,0.594,124.5,-12.16,0.071,0.403,0.087,0.223,164319,3,1,5,49
4NMcpsjh92XmqG5V7vtJq4,Silent Heart,Sena Reyes,pop,sad|aggressive|playful,0.606,0.752,0.421,132.3,-4.76,0.085,0.431,0.0,0.059,197536,8,0,3,50
gLRt720bit5DQ3ak7HJZPf,Fading Dream,The Stars,rock,tense|chill|energetic,0.217,0.826,0.465,126.9,-7.28,0.111,0.045,0.01,0.277,149496,7,0,4,70
Y9fc6OFtNhQyhYKskpPjhw,Fading Heart,The Memorys,r&b,playful,0.504,0.543,0.426,73.5,-5.6,0.027,0.294,0.0,0.222,231455,1,0,5,35
OxsFUZe7TDLIMTNrHH66wB,Burning Bloom,Rio Cross,electronic,aggressive,0.66,0.888,0.298,130.1,-9.38,0.033,0.0,0.368,0.0,337201,2,1,4,45
DjyziWPxzxbqy3aEbQcfs2,Wild River,Ava Cade,metal,nostalgic|energetic|tense,0.395,1.0,0.336,164.8,-6.58,0.072,0.0,0.211,0.242,131591,2,1,3,43
AkmGUhhw3YQkiojJjllJjs,Midnight Star,Wren Marsh,reggae,aggressive|uplifting,0.495,0.624,0.659,73.2,-10.85,0.097,0.241,0.0,0.01,109650,1,1,4,42
Qb028Xumu9X8C7jkXPHLi7,Midnight Light,Cole Knox,metal,melancholic,0.397,0.898,0.357,127.6,-5.42,0.072,0.222,0.206,0.082,229273,1,0,4,39
iYWGW6g7PqsEJAZDsU4OiJ,Golden Skyline,The Citys,r&b,happy|energetic,0.621,0.496,0.475,106.2,-5.85,0.085,0.188,0.249,0.31,143821,3,1,3,14
765p0UzMKau0vJu9w6FYxL,Faded Rain,Ava Ryder,classical,uplifting|dreamy,0.141,0.0,0.455,96.0,-19.59,0.0,0.654,0.554,0.088,206043,10,1,4,37
oCWrxC5cfzujCAf7oAQJet,Faded Star,The Oceans,blues,uplifting|melancholic,0.179,0.601,0.357,119.3,-13.46,0.049,0.481,0.074,0.062,231763,11,0,4,34
sRlpVj5qlntGaXcrfDTith,Crystal Road,Nadia Blake,electronic,melancholic|chill,0.836,0.66,0.52,131.8,-6.7,0.033,0.0,0.238,0.314,127343,5,0,5,45
Mswl7o2fuOI6ZiHyocrb61,Silent Bloom,Jax Reyes,jazz,sad|melancholic|playful,0.59,0.269,0.641,110.1,-8.99,0.064,0.567,0.082,0.126,225449,3,0,4,31
nE21azoi0wWcnh1oLkGctI,Distant Horizon,Kai Wells,metal,dreamy,0.325,0.941,0.411,120.2,-5.61,0.099,0.0,0.216,0.097,216448,6,1,5,57
1vyTTRrSFeGVxwMtaUCLNZ,Silent Memory,The Oceans,pop,sad|energetic,0.77,0.705,0.606,134.1,-4.73,0.069,0.295,0.045,0.17,217991,11,1,4,54
s8WwmRNS6g6fQCFBATBvdw,Neon Garden,Finn Reyes,country,happy|melancholic,0.589,0.471,0.463,121.6,-5.98,0.04,0.51,0.0,0.308,237728,11,0,5,26
CbyO0EOBnvpijmRFhIwLje,Silent Ghost,Zara Stone,reggae,aggressive|nostalgic,0.859,0.646,0.568,92.6,-8.16,0.043,0.42,0.011,0.176,226179,1,1,4,23
SSenjqBwMQOG2yyNniEW9I,Wild River,Toma Hale,rock,aggressive|uplifting|playful,0.371,1.0,0.695,155.5,-4.53,0.063,0.023,0.001,0.338,219308,8,0,4,30
4o34xeZjFlru8wo9Z6pF81,Distant Ghost,Nadia Knox,classical,chill|romantic,0.513,0.086,0.493,82.5,-15.57,0.069,0.951,0.832,0.056,264518,6,1,4,8
AuyI7v2hj0Rd3AXiWC4ATF,Neon Bloom,Wren Vance,country,uplifting|sad|dreamy,0.651,0.602,0.702,107.9,-6.06,0.036,0.39,0.0,0.281,174970,9,0,5,91
2SQUSas6wFUKD24ixh3HsS,,The Memorys,jazz,sad|romantic,0.531,0.365,0.437,97.1,-9.7,0.041,0.492,0.419,0.169,182626,7,1,5,75
T7zFzXUCazmAOoQi23YZHB,Velvet Horizon,The Shadows,folk,happy|playful,0.432,0.506,0.197,111.0,-6.63,0.116,0.995,0.033,0.045,270463,4,1,3,31
8YGk8SIMzFUVOfSnya2vOR,Wild Bloom,Finn Marsh,pop,melancholic,0.849,0.529,0.424,129.8,-5.63,0.189,0.13,0.006,0.085,207753,3,1,4,36
0P43aeg5vszhEwY5HTS5TP,Golden Star,Sena Cross,classical,chill|sad,0.195,0.334,0.39,104.5,-19.04,0.0,0.889,0.762,0.032,257879,3,1,3,59
GdmcNOag7zH7uysChF10CJ,Wild Heart,The Blooms,jazz,sad,0.583,0.434,0.464,109.7,-10.49,0.104,0.67,0.252,0.006,206804,4,0,4,38
ZHBhfKKE01yCwLVTHmQmkA,Broken Garden,Wren Vance,r&b,playful|melancholic,0.748,0.544,0.238,89.0,-10.88,0.082,0.031,0.112,0.299,197516,8,1,4,48
jgD5XSEvJceRvI0r7BBJFM,Velvet Horizon,Sena Vance,classical,tense|chill,0.342,0.355,0.256,106.1,-16.59,0.099,0.851,0.686,0.101,237229,3,0,4,55
ui3Hx8tBg9paZID0m86aI6,Faded Garden,The Horizons,hip-hop,tense|energetic,0.852,0.759,0.403,81.7,-9.01,0.208,0.0,0.026,0.236,167744,11,0,4,17
Fc9DHnWIRPtCHUrGmZaoqH,Golden Ocean,Reo Shaw,blues,sad|uplifting|nostalgic,0.519,0.57,0.237,74.9,-5.94,0.118,0.526,0.146,0.127,248823,11,1,5,56
cMNURyH2pmsXrbbNTxjk70,Fading Shadow,Nadia Frost,indie,tense|melancholic,0.512,0.78,0.3,103.5,-8.12,0.047,0.263,0.0,0.047,220564,7,1,4,24
YOLhf68vcVSgcezT16jAab,Bitter Heart,The Oceans,indie,dreamy|nostalgic,0.644,0.758,0.277,131.8,-7.98,0.061,0.229,0.106,0.11,172240,3,1,3,46
zEKf0qyp5TG7AOy2sR1pZj,Midnight Echo,The Gardens,classical,tense|aggressive,0.192,0.054,0.277,94.0,-15.3,0.049,0.988,0.76,0.058,257674,1,1,5,28
QjbIzQdftQVyYbufLbJXvr,Velvet Shadow,Leo Cade,classical,dreamy|nostalgic,0.388,0.365,0.381,125.1,-11.91,0.0,1.0,0.778,0.098,215255,0,0,3,32
UcLdH0MLpeJCHhUaZ8t20I,Golden Skyline,Rio Lark,indie,sad|melancholic,0.369,0.495,0.058,110.3,-9.95,0.0,0.283,0.213,0.052,273261,1,0,3,22
GYZfiiROBHew23WKtXD5Sq,Endless Horizon,Rio Reyes,metal,happy,0.406,0.732,0.584,142.9,-4.0,0.113,0.097,0.189,0.084,228582,6,1,4,16
LhVtiQBMoEAU3wPbWUgzZF,Hollow Garden,Leo Knox,classical,aggressive|nostalgic|dreamy,0.264,0.128,0.12,116.5,-17.82,0.026,0.787,0.624,0.151,170160,2,0,5,52
klBBBCG1SGaKSSmCPzf8z0,Crystal Skyline,Toma Vance,reggae,chill|uplifting|nostalgic,0.731,0.472,0.793,87.1,-8.67,0.077,0.179,0.0,0.034,147069,10,0,4,55
bub7e6T87shXCg58XyvEJL,Velvet Wave,The Shadows,metal,nostalgic|aggressive,0.366,0.837,0.332,127.5,-3.92,0.154,0.0,0.215,0.12,208439,3,1,5,48
WuBQD0mBafmxYH09o7ySn9,Electric Shadow,Ava Reyes,rock,nostalgic|happy|energetic,0.374,0.772,0.378,139.9,-2.59,0.085,0.0,0.004,0.151,211301,9,0,4,41
k4caY8FOmb8iZqYl5yPTBi,Wild Wave,Rio Knox,metal,playful|dreamy,0.586,0.901,0.318,144.5,-3.23,0.065,0.0,0.0,0.214,156310,10,0,4,22
FYnxPtq8xoqvUeryPB5JIQ,Hollow Ocean,Zara Hale,classical,uplifting|tense,0.091,0.257,0.63,111.8,-19.75,0.002,1.0,0.78,0.273,179987,7,1,3,40
upjb3QZDExHEa7G5MspkX4,Hollow Bloom,Talia Stone,reggae,nostalgic|dreamy,0.552,0.545,0.542,77.8,-8.77,0.088,0.38,0.009,0.238,172336,6,1,5,45
adDmrl6WMWmKcSDCo6VF6j,Faded Road,Cole Vance,metal,melancholic|happy,0.312,0.676,0.382,129.9,-3.77,0.015,0.027,0.083,0.125,162062,8,1,4,13
nvo4ei6DMqXRRRRo0oWFN2,Crystal Echo,The Rivers,country,happy,0.594,0.65,0.746,103.8,-10.42,0.032,0.267,0.11,0.086,182526,8,0,4,69
FoHmJTRwwsv9fqOWBcZM06,Broken Wave,Leo Reyes,folk,dreamy|nostalgic|chill,0.432,0.373,0.591,124.4,-9.42,0.034,0.746,0.0,0.013,239138,2,1,3,36
yg1i2fQu1Ex9BUUW3VkWBq,Electric Skyline,Ava Ryder,classical,uplifting,0.164,0.18,0.66,111.1,-19.2,0.0,0.813,0.628,0.17,249400,3,1,4,58
dtvcTvUN0LIj60i6RTUACo,Electric Skyline,Sena Ryder,latin,nostalgic|uplifting,0.733,0.601,0.908,109.7,-1.42,0.107,0.219,0.165,0.161,285553,3,1,3,23
2RjJlYUpgpqiExXxCyDlMN,Broken River,Ezra Vance,reggae,uplifting|sad,0.755,0.517,0.642,98.4,-6.88,0.076,0.0,0.047,0.196,191781,4,1,3,35
ubAjRLh8R7DMiy5Y9vZe6C,Velvet Skyline,Finn Marsh,rock,tense,0.314,0.775,0.482,120.2,-5.09,0.049,0.01,0.136,0.291,228814,2,1,4,66
hXbwiKGRCFaCPsw2MVN1Uf,Distant Echo,The Fires,indie,happy|tense,0.667,0.464,0.498,107.5,-9.54,0.042,0.286,0.053,0.134,202702,7,1,4,57
CWzdpPXdraMXUYnrARSDRw,Fading Dream,Mira Voss,hip-hop,melancholic|sad,0.957,0.658,0.305,114.0,-10.46,0.132,0.29,0.015,0.147,180581,5,0,4,25
gpIQJkxYplcXJVmRUe4WRy,Bitter River,Finn Voss,electronic,nostalgic|energetic|melancholic,0.641,0.866,0.306,133.2,-6.57,0.062,0.0,0.365,0.231,261692,2,0,3,54
ifqSTgXd9E6aDhBprJx3Yb,Sweet Bloom,Jax Hale,folk,happy|aggressive|dreamy,0.376,0.193,0.363,88.8,-12.92,0.073,0.314,0.088,0.111,159348,6,1,4,49
lDBFfpCCURZhSWRGGAWj2B,Lonely Wave,Leo Marsh,latin,tense|aggressive,0.807,0.658,0.669,85.9,-1.04,0.01,0.18,0.191,0.204,187724,6,0,5,32
W9sQy9ettYz4ylFBnUnas8,Electric Dream,Finn Blake,reggae,energetic|dreamy,0.705,0.577,0.583,98.7,-6.29,0.014,0.327,0.173,0.079,337279,2,0,4,27
IKyLG5E7bnyJJX9oabrIoF,Radiant Memory,Rio Reyes,classical,uplifting|sad,0.046,0.307,0.615,87.7,-18.52,0.099,1.0,0.878,0.083,138851,6,1,4,50
LgfICkiGkrEhHmbfIhCSLX,Burning Heart,Reo Lark,hip-hop,melancholic|dreamy|nostalgic,0.785,0.465,0.57,89.2,-4.41,0.216,0.076,0.0,0.156,229387,4,0,4,43
dsbrp0E0cufnydb1k2mvxE,Velvet Road,Rio Blake,reggae,energetic|sad|uplifting,0.518,0.424,0.414,-5.0,-10.3,0.088,0.128,0.064,0.171,227838,1,0,4,38
2STLPL4LdzH8kSdhWnP0aF,Broken Light,Cole Hale,classical,sad|chill,0.365,0.136,0.582,106.4,-18.87,0.108,1.0,0.693,0.022,218862,1,0,5,52
ERkMwVsxHXvGovSA5903pR,Radiant Wave,Leo Marsh,indie,playful|sad,0.48,0.642,0.818,91.6,-7.58,0.029,0.386,0.015,0.265,215330,11,0,4,38
57g0TlTmzZchSIzoKMqwqg,Velvet Star,Rio Blake,folk,aggressive|tense,0.599,0.567,0.554,118.5,-6.93,0.089,0.438,0.272,0.144,179764,1,1,4,73
4YLIDiOr6UcJVNM3lSgDEO,Velvet Road,Nova Wells,metal,melancholic|happy|energetic,0.211,0.912,0.668,120.6,-5.05,0.071,0.084,0.0,0.012,190255,10,1,4,27
8rgSNH4Y1UoZZdAR6plUpB,Crystal Rain,Leo Blake,metal,energetic,0.125,0.952,0.186,150.3,-4.19,0.101,0.07,0.19,0.374,221322,4,0,4,25
AwS58fhQVGBQevAraNZKsg,Fading Garden,Toma Reyes,latin,romantic|chill,0.644,0.94,0.647,100.5,-6.77,0.043,0.171,0.197,0.329,215119,9,1,4,42
rlVKLlcO9lpEyTyBLQ7BMl,Neon Wave,Rio Cade,blues,melancholic,0.384,0.373,0.37,92.0,-7.68,0.043,0.559,0.123,0.245,169287,1,0,4,37
ayBRlGVmrAmmZtRHIMo8pq,Velvet Garden,Zara Cade,rock,nostalgic|energetic|happy,0.596,0.885,0.369,126.3,-6.29,0.034,0.0,0.0,0.1,220684,10,0,4,34
K3wkW2JO57HZNxMr46E1O3,Midnight Memory,Finn Stone,country,energetic|uplifting,0.569,0.438,0.571,104.6,-1.36,0.018,0.469,0.009,0.064,202680,7,1,4,24
7rsVUNPzQyH9BBCLINLqDb,Hollow River,Ava Wells,blues,sad,0.642,0.529,0.283,99.7,-11.88,0.145,0.659,0.187,0.155,225872,2,1,4,27
UuaPveIUGB8bRgyFQsqK4U,Neon Echo,Sena Frost,jazz,uplifting|chill|playful,0.31,0.219,0.887,124.3,-9.25,0.0,0.738,0.332,0.249,197015,5,1,4,54
YJBeE1SILk5vZCht9c2ivd,Lonely Star,Reo Wells,jazz,dreamy|playful,0.39,0.282,0.844,94.2,-8.87,0.069,0.391,0.134,0.08,208251,11,1,4,50
bU1fbXf2WjCJKyMvf9ZNPn,Midnight Rain,Zara Frost,jazz,nostalgic,0.289,0.381,0.375,127.3,-14.78,0.023,0.366,0.301,0.043,243192,0,1,4,36
OMqzGXMyVVTpogIeR9jmox,Endless Light,The Hearts,r&b,nostalgic|tense,0.75,0.358,0.496,97.3,-5.32,0.133,0.203,0.0,0.342,214537,4,1,4,31
X2xNrRsPp8s1GTviLw2mCV,Endless Fire,Ava Voss,jazz,romantic|melancholic,0.479,0.511,0.396,87.5,-15.57,0.137,0.588,0.186,0.069,226847,0,1,4,42
dNLdYcPTcK2rVcYAxzwUGj,Lonely Rain,Wren Voss,pop,uplifting|romantic,0.84,0.643,0.685,113.2,-5.29,0.022,0.316,0.0,0.097,210270,7,0,4,52
VfedVp0tLWQx0AefMSWMGK,Faded Ghost,Nova Reyes,electronic,dreamy,0.679,0.843,0.569,121.4,-1.28,0.075,0.265,0.469,0.296,180629,0,1,4,100
FQarUDULAzQP2Y1yJ4jTNb,Distant Shadow,Wren Frost,classical,melancholic,0.385,0.051,0.446,96.1,-17.42,0.053,0.573,0.889,0.038,199249,10,1,5,49
Bl6jeqdwen4fIyyctFtC3p,Velvet Star,Nova Ryder,metal,tense|melancholic|energetic,0.574,0.979,0.281,140.2,-5.33,0.004,0.0,0.176,0.315,172131,5,1,4,33
EPo1wfI6VRSW3AAt733FEt,Electric Echo,The Echos,r&b,happy|dreamy,0.498,0.469,0.571,87.3,-8.75,0.166,0.267,0.076,0.172,231935,11,0,5,36
Muv4NZNdZKHtT4RYe6kJyv,Distant City,Leo Cade,pop,aggressive|uplifting|energetic,0.791,0.762,0.708,114.2,-6.49,0.056,0.454,0.223,0.185,269046,8,1,4,36
3ymqiTM0lt6kgSM4xKDV1p,Golden Wave,Leo Quinn,electronic,romantic,0.59,0.831,0.476,131.1,-5.31,0.126,0.084,0.495,0.043,201095,8,0,4,0
ZtsaCCIfQTg5dN4VAxNJtQ,Crystal Road,Finn Voss,hip-hop,chill|nostalgic,0.673,0.664,0.554,94.9,-6.49,0.245,0.135,0.002,0.09,185588,0,0,4,47
6UZgbAg6SVyPySNfbd5W41,Bitter Shadow,Talia Marsh,rock,aggressive,0.577,0.841,0.308,145.9,-1.42,0.102,0.181,0.197,0.045,207696,4,0,5,50
rFKZ7TfVaawKoiQZOO778O,Distant Garden,The Shadows,hip-hop,happy|energetic|sad,0.627,0.72,0.661,89.5,-4.22,0.178,0.263,0.0,0.093,183247,9,1,4,57
svl5TZcvRG47ZPbT7j6O8H,Burning Horizon,Kai Stone,pop,energetic,0.715,0.821,0.545,110.5,-3.03,0.122,0.251,0.0,0.281,126222,2,1,3,28
ULGvBz9Sqncg5yvO1wBZio,Bitter Star,Zara Shaw,blues,aggressive|dreamy|nostalgic,0.458,0.468,0.46,88.9,-6.58,0.046,0.216,0.221,0.408,201785,0,0,4,64
ya7rE1LrQWC54fWKNanGbn,Crystal River,Talia Lark,metal,melancholic|nostalgic,0.276,0.837,0.273,156.4,-3.33,0.08,0.08,0.269,0.114,145242,1,0,5,22
nOd0KvUoiQUzFaZJq3GWHz,Bitter Light,Wren Cade,metal,melancholic|energetic,0.388,0.945,0.332,143.9,-2.24,0.074,0.0,0.0,0.131,234589,3,1,3,64
xncB5GGvBIUtR81BF6AOFG,Midnight Bloom,Talia Lark,latin,romantic|chill,0.767,0.609,0.511,118.1,-0.93,0.038,0.043,0.0,0.0,216233,3,0,4,35
SNFrITD9rf9ReTOsHyR47k,Hollow Storm,Leo Blake,jazz,aggressive|chill,0.298,0.298,0.467,126.9,-8.51,0.088,0.563,0.32,0.271,178476,11,1,5,13
K9nwVG0ld1hzYm1cfWVuKE,Silent Skyline,Mira Marsh,country,tense|nostalgic,0.353,0.485,0.703,89.0,-4.95,0.019,0.379,0.0,0.081,191040,11,0,3,36
6tJae12v3oCVpxY4HzzVFg,Distant Road,Finn Vance,electronic,energetic,0.66,0.946,0.573,120.9,-6.9,0.055,0.178,0.203,0.132,204482,1,0,4,58
7S2YtNKegMSjTH0wACVO7R,Silent City,Kai Quinn,country,playful,0.554,0.794,0.68,111.5,-14.63,0.042,0.232,0.029,0.11,251982,11,0,4,66
Aqn8MxzEPGrsVzaCJNX1b1,Restless Road,The Waves,classical,uplifting,0.489,0.214,0.577,87.3,-15.6,0.003,0.724,0.715,0.0,238244,8,0,3,61
NIlHWRWpHXPvQKErCCBwyX,Crystal Wave,Reo Vance,rock,chill|dreamy,0.439,0.688,0.59,124.2,-7.95,0.078,0.278,0.115,0.019,228799,1,1,4,56
rXN25dFz88Spt3hwnxLDDh,Golden Heart,The Roads,jazz,romantic|tense,0.388,0.249,0.467,108.7,-13.86,0.071,0.452,0.427,0.097,250227,9,0,4,39
qgovrP9UOFtgzIv4PxDnNQ,Crystal Shadow,Mira Frost,latin,aggressive|happy,0.577,0.628,1.0,111.4,-6.7,0.034,0.203,0.066,0.138,192119,8,1,4,60
OhXmAkpnVVPY9OtCatbDgq,Burning Wave,Iris Blake,latin,tense|melancholic,0.727,0.559,0.835,93.8,-11.22,0.069,0.172,0.018,0.234,238627,0,0,5,47
xTXzchDbmM0ygbeDwNRbQ2,Golden River,Kai Cade,metal,melancholic|uplifting,0.307,0.682,0.369,136.1,-1.42,0.045,0.068,0.019,0.023,263312,3,1,4,44
mYBFpx4RYwTHMAcFdDiiII,Velvet Fire,Sena Voss,r&b,tense,0.47,0.45,0.53,100.0,-6.3,0.043,0.366,0.0,0.15,176868,3,1,4,32
ETXUKACX04e8SrH9bmTX25,Midnight Heart,Rio Frost,metal,nostalgic|melancholic|sad,0.453,0.996,0.355,144.5,-5.67,0.0,0.181,0.139,0.0,220945,10,0,4,65
B8LgfZiRi9mYZkeqOQku3k,Burning Dream,Reo Marsh,blues,tense|nostalgic,0.523,0.462,0.456,94.3,-6.75,0.026,0.423,0.274,0.084,197987,1,0,5,60
hHgZXSIQ2W5Svfny6CmG9b,Crystal Shadow,The Stars,country,dreamy,0.44,0.75,0.563,104.0,-8.77,0.036,0.238,0.048,0.2,162777,4,1,3,71
Hpmpurd5ghlCkIn6yamaGE,Burning Rain,Reo Cross,electronic,playful,0.443,0.881,0.386,138.2,-5.54,0.118,0.105,0.519,0.236,233964,2,0,3,59
9gFjcsIH2HzJdQtgGy0Koc,Lonely Skyline,Ezra Lark,folk,chill|romantic,0.419,0.285,0.362,98.5,-9.7,0.057,0.859,0.084,0.146,174602,1,1,4,55
0QhT9MCRdhJeV3xJKgmzIj,Faded Ghost,Ava Shaw,metal,energetic|playful,0.308,0.821,0.206,123.6,-0.16,0.071,0.313,0.103,0.15,286498,0,1,3,46
TGDxYrGaj317MomXxIoWG0,Fading Echo,Nova Vance,electronic,aggressive|energetic|tense,0.783,0.863,0.546,128.1,-7.24,0.102,0.247,0.237,0.307,227434,9,0,5,52
fKvxG8OLTEKLa7ovZW3MDg,Restless Garden,The Gardens,blues,energetic,0.539,0.502,0.527,113.0,-9.32,0.069,0.428,0.187,0.171,229085,0,0,4,57
LunpCyJqhWJDW1zDD3QB2d,Midnight Ghost,Ezra Lark,classical,dreamy|chill,0.252,0.139,0.537,108.2,-17.15,0.105,1.0,0.855,0.11,165504,4,0,5,90
Ir5I2cLtS3CUZn1hIfwyb2,Crystal Rain,Kai Shaw,rock,tense|dreamy,0.413,0.696,0.559,142.2,-10.12,0.105,0.207,0.12,0.136,179412,7,1,4,45
vDjGKYDjkyRKnsGvr8RbWn,Faded Horizon,Talia Cade,jazz,dreamy|happy,0.502,0.44,0.403,72.3,-10.21,0.018,0.603,0.338,0.165,183546,11,1,4,50
4C4DCMxDcWPnKK50AjyoFD,Faded Skyline,Iris Reyes,country,happy,0.434,0.66,0.323,106.5,-8.47,0.079,0.155,0.203,0.219,245331,8,1,3,16
komR8XpdYjnNL7oqrybYz0,Midnight Ghost,Talia Voss,r&b,romantic,0.481,0.521,0.003,88.2,-6.72,0.074,0.336,0.127,0.051,271951,2,1,4,38
H40JvsIEX8vpgh9LOWWZHY,Midnight Fire,Cole Stone,classical,melancholic|happy,0.256,0.186,0.165,105.9,-18.46,0.085,1.0,0.771,0.086,253187,0,0,4,55
zbRlcoUL8ikhp4e6Ec55fN,Crystal Star,Finn Hale,electronic,romantic|aggressive,0.648,0.902,0.475,111.7,-1.63,0.0,0.448,0.337,0.175,263234,10,1,5,37
QKztthBapmWlIJGaEabufS,Golden Skyline,Ezra Lark,reggae,happy,0.712,0.48,0.782,73.5,-8.01,0.089,0.134,0.136,0.115,250302,6,0,5,54
iQ3Sed34rzAi3DuPVbXgwk,Burning Wave,Talia Quinn,pop,energetic,0.576,0.693,0.671,139.8,-2.92,0.029,0.078,0.0,0.223,209546,8,1,5,64
ITPaBdYf3qvCMjoizFerVQ,Sweet Road,Leo Shaw,indie,happy,0.44,0.632,0.615,87.3,-7.93,0.028,0.275,0.074,0.063,197932,7,0,4,39
UUwipoTjKC1a1rKP2mWELv,Bitter Skyline,Leo Lark,pop,nostalgic|tense,0.622,0.623,0.409,135.6,-6.07,0.086,0.0,0.028,0.159,233946,1,0,5,49
ZD0pLAkyiwMfH7IpSeltPK,Restless Storm,Finn Shaw,rock,energetic|tense|chill,0.425,0.835,0.421,135.1,-1.63,0.071,0.001,0.035,0.031,296027,4,0,4,59
o5H3RPc1kN6KdWZor7IPbP,Fading Shadow,Finn Cross,folk,dreamy,0.398,0.292,0.699,116.6,-11.83,0.129,0.68,0.185,0.383,182537,5,1,4,60
7coAYModMWfT9r71Od6gRv,Silent Storm,Leo Shaw,metal,tense|aggressive,0.362,1.0,0.227,152.3,-4.86,0.089,0.088,0.117,0.022,261970,11,0,4,27
NHVrCZtkkKIOp1Y9WPWuNA,Hollow Garden,Nova Frost,rock,nostalgic|happy,0.62,0.784,0.93,133.8,-10.99,0.02,0.008,0.188,0.059,253620,3,0,4,64
Ae31PttjCGFp1VTuuqQ8dT,Fading Skyline,Leo Cade,hip-hop,melancholic|tense,0.853,0.828,0.566,91.3,-6.83,0.213,0.209,0.0,0.19,267146,0,0,3,9
VXQL3lYSwlGEJSovDmp0Z0,Bitter River,Rio Vance,indie,chill|uplifting,0.645,0.282,0.651,99.9,-10.0,0.048,0.395,0.012,0.218,167505,4,1,4,32
dpowcu6ezdip0iug0bFTfx,Distant Road,Reo Cross,blues,uplifting|dreamy,0.433,0.415,0.557,99.5,-9.76,0.115,0.486,0.211,0.147,271664,8,1,4,40
oGZ0c8FXHeLf2p0U4w5bwT,Lonely Rain,Talia Reyes,jazz,happy|dreamy|playful,0.37,0.547,0.81,121.3,-11.83,0.121,0.643,0.136,0.208,255687,1,0,4,75
2eQQ3IQx58TBpuia3XaDB8,Broken Road,The Shadows,classical,chill,0.116,0.478,1.8,92.9,-21.6,0.053,0.808,0.822,0.252,210022,0,1,3,44
cgcf6sWWAUg2dUnMjF1GHG,Sweet River,Sena Cross,reggae,tense|nostalgic,0.636,0.474,0.501,79.0,-9.57,0.089,0.113,0.185,0.18,237043,0,0,5,95
yvzWJIWkyElHcaE8jTFk0a,Sweet River,Ezra Shaw,folk,uplifting|romantic,0.663,0.537,0.431,102.2,-12.27,0.05,0.725,0.233,0.0,204567,6,0,4,24
PqwsMJnAD5fqyEqKc8ByHG,Hollow Storm,Toma Lark,classical,nostalgic|sad|chill,0.173,0.23,0.464,99.3,-18.59,0.044,0.659,0.781,0.143,179912,8,1,3,57
ciwH19wBvWYnpXETEEYpbR,Velvet River,Toma Knox,country,uplifting,0.721,0.6,0.679,121.8,-6.03,0.05,0.083,0.047,0.284,231933,7,0,5,48
bQdvsLcGVUcQKL6J1nK2Fz,Endless Memory,Reo Marsh,hip-hop,aggressive,0.741,0.681,0.439,113.3,-2.48,0.246,0.064,0.144,0.266,239999,4,1,4,59
rgCKK9PAurAWyjGNFSmwgH,Radiant Ghost,Wren Marsh,,tense|uplifting|sad,0.763,0.854,0.563,113.8,-4.5,0.064,0.33,0.026,0.16,238083,4,0,3,0
HKVc0qg7H2OkX3G46aveAz,Hollow Heart,Leo Quinn,hip-hop,melancholic|romantic,0.767,0.673,0.53,111.4,-5.91,0.104,0.159,0.304,0.189,233344,5,0,4,43
kZqSJjqII1zmUep3DpDetx,Golden Memory,Leo Cross,reggae,aggressive,0.674,0.643,0.624,82.5,-9.92,0.082,0.221,0.0,0.014,224070,8,1,4,43
0LZZNiUu28y9QRMj4tUFAJ,Sweet Echo,Kai Voss,metal,sad,0.42,1.0,0.038,140.1,-1.24,0.081,0.068,0.0,0.152,207057,1,0,3,91
LQattCcGxAaKVrYdZ5yDgs,Bitter Storm,Nova Vance,latin,happy|tense,0.851,0.724,1.0,101.9,0.0,0.069,0.0,0.0,0.286,185761,3,0,4,30
on27CqqNOLN6HCaM8opMgT,Lonely Ghost,Ezra Reyes,classical,tense|aggressive,0.202,0.26,0.301,101.2,-20.75,0.03,0.869,0.857,0.054,213420,11,1,3,51
fbIMzPvsAYgkuozcy7sbdr,Endless Rain,Nadia Shaw,jazz,playful|aggressive,0.705,0.498,0.64,96.9,-10.91,0.078,0.56,0.307,0.131,205314,7,1,4,77
aWeCF89W3oPEuK6tMmZm07,Golden Storm,Leo Reyes,folk,sad|dreamy|romantic,0.569,0.205,0.292,91.6,-10.29,0.09,0.6,0.023,0.105,218237,0,1,4,40
HtQKUAS7vx8koKgEXRb0nU,Lonely Ocean,Ava Cross,pop,uplifting|nostalgic,0.797,0.646,0.935,127.9,-1.21,0.029,0.2,0.009,0.082,261235,7,1,4,48
3tWBS6jrGFTUj76mYVZJ0w,,Rio Marsh,metal,uplifting|aggressive,0.577,0.972,0.541,135.6,-3.7,0.056,0.123,0.09,0.036,229354,7,0,5,32
gE3o0uDMih4ThyivbzSZLJ,Radiant Echo,Cole Ryder,rock,chill|energetic|uplifting,0.497,0.848,0.649,118.2,-3.74,0.025,0.05,0.0,0.067,187747,0,1,3,28
S1gUIzz9VL9jxuiM12Pdvb,Radiant Skyline,Kai Vance,indie,dreamy,0.665,0.532,0.485,107.6,-10.11,0.0,0.555,0.034,0.167,222661,4,0,4,76
8f2oadRVJGiPWmH2tQy1KN,Golden Star,Reo Marsh,latin,dreamy|energetic,1.0,0.643,0.576,109.3,-4.65,0.069,0.0,0.112,0.094,201624,4,1,5,39
eMiieXHJi4ibAnWfHUz0sh,Restless Ghost,The Memorys,pop,happy,0.665,0.642,0.717,130.6,-6.47,0.011,0.309,0.147,0.049,141589,5,1,4,67
YKQeTKUoQlviY5Ij44OZzZ,Endless River,Rio Shaw,country,uplifting,0.546,0.61,0.457,115.6,-4.07,0.024,0.202,0.0,0.327,246314,6,1,3,50
BGh34hetYoocBqbMTHbuJF,Restless Dream,Wren Frost,classical,dreamy,0.242,0.291,0.376,84.7,-20.8,0.056,0.937,0.871,0.302,196870,11,1,5,95
l4U9zzUbnjmuGteIYalNuw,Radiant Wave,Reo Shaw,country,dreamy|playful,0.527,0.481,0.43,107.3,-7.7,0.078,0.37,0.0,0.241,266598,4,1,4,35
eeERnz97DanTHBj9wz9PD3,Hollow River,The Oceans,latin,tense|happy,0.812,0.553,0.612,86.1,-7.52,0.176,0.09,0.128,0.255,227383,7,1,3,30
13kZhc4ERTHHmfkOCoTBwW,Fading Star,Jax Vance,electronic,sad|happy|aggressive,0.74,0.784,0.646,145.8,-6.4,0.059,0.09,0.351,0.287,202381,10,0,5,0
ekNUUuwvfRTbb9x4fcGhNt,Sweet Fire,Mira Wells,pop,energetic|happy,0.764,0.588,0.575,134.5,-3.9,0.097,0.0,0.062,0.266,139289,10,1,4,62
ZnKhBXKj29Jb3Mh3ATzohB,Hollow Bloom,Toma Knox,electronic,happy|energetic,0.372,0.976,0.574,130.7,-5.18,0.059,0.133,0.543,0.273,181355,10,0,4,52
bgvUPgFAtjL8A1SkHaLisg,Electric Ocean,The Horizons,pop,uplifting|playful|romantic,0.825,0.647,0.721,108.1,-3.79,0.055,0.144,0.307,0.261,264381,4,1,5,49
DPCOtpw6rVd9S2TtFzl8vV,Velvet Bloom,Leo Reyes,indie,nostalgic,0.535,0.472,0.457,121.2,-8.45,0.09,0.428,0.065,0.001,120513,0,1,5,51
Lbpbq69wZ5I5ZGaTWLEh1I,Hollow Dream,Ezra Marsh,latin,uplifting|playful,0.733,0.757,0.812,109.4,-3.03,0.0,0.04,0.015,0.117,191933,7,1,5,53
2fgRmYCLZJobTtWvDAjC3q,Crystal River,The Ghosts,classical,melancholic,0.403,0.222,0.405,84.0,-17.07,0.1,0.783,0.781,0.185,165401,7,1,4,17
THMXyda6GmrDBRVeiQGOK4,Bitter Wave,Rio Vance,blues,chill|nostalgic|dreamy,0.454,0.358,0.545,96.7,-10.15,0.0,0.143,0.214,0.337,224812,3,0,4,53
onHRFVI4HRw41jGxUP98J3,Radiant City,Leo Ryder,indie,playful|romantic,0.555,0.779,0.33,103.9,-10.82,0.029,0.219,0.0,0.0,146599,11,1,3,78
uDR5PQq3Ztrh29cCzL51kV,Hollow Shadow,Wren Stone,indie,chill|melancholic,0.426,0.559,0.736,123.8,-8.45,0.001,0.366,0.09,0.078,292267,11,1,4,40
K9BxG2uCGWo7RFvAQZJeyE,Bitter Rain,Sena Stone,classical,melancholic,0.358,0.248,0.177,91.0,-22.92,0.006,1.0,0.791,0.185,268195,5,0,4,56
POaFGInyLkjmmTTGusap5m,Hollow Wave,Wren Marsh,indie,dreamy|happy,0.377,0.648,0.984,109.8,-11.08,0.081,0.311,0.056,0.138,265095,3,1,3,31
MSdmi9iprEFesBYNv4cLpT,Distant Road,,hip-hop,happy|aggressive,0.783,0.852,0.836,89.1,-5.57,0.252,0.018,0.0,0.092,269948,5,0,4,36
f9OjERUWYa1AubCVzg5jk3,Silent Star,Ava Frost,r&b,chill|romantic|dreamy,0.601,0.499,0.549,105.4,-8.46,0.052,0.316,0.005,0.261,162030,1,0,5,66
ZRt7YnoPiFA2mKUMdqR0Ac,Midnight City,Rio Cade,electronic,dreamy|playful|nostalgic,0.586,0.532,0.409,120.1,0.0,0.102,0.146,0.497,0.171,249979,0,1,4,20
P86Db6Ue9vRglcdnL2nqtN,Golden Storm,Reo Quinn,country,aggressive,0.562,0.669,0.477,121.1,-4.4,0.028,0.442,0.187,0.214,233561,9,0,4,46
bEfkl6Ac3d5Ji4jGoPDCVr,Neon Storm,Wren Stone,indie,romantic|melancholic,0.705,0.628,0.401,100.4,-11.66,0.0,0.119,0.166,0.147,191618,6,0,3,63
KJd5sqATAxGLuiV4rFAa2K,Hollow Horizon,Talia Shaw,r&b,dreamy|energetic,0.652,0.562,0.144,97.5,-6.12,0.01,0.249,0.003,0.0,214844,1,0,4,40
X3dBfj5NGGMD96jItjzHdY,Radiant Shadow,Mira Cade,blues,dreamy,0.525,0.45,0.24,96.9,-14.44,0.064,0.54,0.061,0.143,258074,11,1,4,35
eS19PzytE3K1xOejDLHm5h,Neon Fire,The Oceans,latin,playful|dreamy,0.923,0.656,0.753,107.1,-6.24,0.008,0.335,0.038,0.139,182222,6,0,4,72
URzF35gxkcEDPgU8dE0sds,Lonely Memory,Toma Frost,jazz,uplifting|melancholic|happy,0.605,0.46,0.745,118.5,-12.34,0.002,0.572,0.443,0.143,214584,11,0,4,69
UlaxdjwQsKEkRW7OoTRNlc,Broken Horizon,Jax Knox,jazz,playful|tense,0.501,0.248,0.667,132.0,-9.98,0.074,0.524,0.34,0.135,142880,7,1,3,52
jyQRRNWVqQPkdsfzshwXUn,Endless Rain,The Oceans,r&b,nostalgic,0.634,0.632,0.372,88.4,-5.73,0.021,0.0,0.178,0.013,177644,7,1,4,50
IhVR5yX6a1HuvFXfZYDtMQ,Golden Ocean,Nadia Reyes,electronic,energetic|uplifting,0.657,0.801,0.852,140.3,-8.25,0.074,0.305,0.329,0.054,152353,9,1,4,29
pujCVLgg5hfS9d6SHxZS3e,Sweet Fire,Finn Lark,reggae,nostalgic|happy,0.98,0.657,0.702,107.2,-9.25,0.012,0.08,0.143,0.148,224280,9,1,4,52
jQ2AqjwN98FQ7iav2vsI0k,Faded City,Reo Blake,classical,playful|nostalgic,0.406,0.307,0.313,105.5,-20.5,0.035,0.797,0.8,0.014,187702,0,0,4,8
Y4lfqBfDlFvIdZrwZjN15l,Hollow Storm,Finn Shaw,latin,playful|chill|energetic,0.736,1.0,0.692,114.1,-3.95,0.061,0.442,0.001,0.151,259112,1,1,5,71
46aSv9MBlSDvQeSLnqy5pH,Radiant Horizon,The Fires,reggae,nostalgic|melancholic,0.611,0.543,0.814,89.0,-6.78,0.0,0.234,0.094,0.0,205776,11,0,4,19
NqHb3u9ogyciTiCO7tppdn,Endless Skyline,Reo Reyes,electronic,uplifting|energetic|chill,0.533,0.88,0.456,104.0,-8.8,0.109,0.111,0.607,0.185,231082,3,0,4,65
WZd5zAeuS4twN3GvGzyowB,Crystal Rain,The Horizons,blues,uplifting|melancholic,0.472,0.538,0.289,108.3,-6.85,0.079,0.674,0.0,0.3,137543,8,1,5,47
HWtlIG4kS1IsC4cvjcpfQo,Neon Bloom,Iris Reyes,reggae,sad|happy,0.729,0.609,0.958,87.8,-8.66,0.066,0.124,0.0,0.319,180713,9,1,4,18
EjHDVybUpjaG6ECJo1rCf9,Midnight Light,Toma Voss,pop,energetic|uplifting,0.599,0.683,0.754,112.4,-1.26,0.135,0.032,0.107,0.079,194220,8,1,4,41
vHwTLEnd8iXDoVOQ0ikJw0,Endless Horizon,Jax Ryder,blues,dreamy,0.588,0.303,0.625,96.4,-10.46,0.075,0.436,0.041,0.034,150862,7,1,3,61
ggAEJI29exYLAOY3sz3PDo,Bitter Ghost,Wren Cade,hip-hop,chill,0.787,0.597,0.619,97.3,-10.34,0.211,0.253,0.0,0.28,130451,7,0,4,58
D6SCbaQ2B5kpRNq8uL1LR1,Wild Skyline,Kai Knox,jazz,happy|melancholic|chill,0.226,0.374,0.53,110.0,-10.4,0.089,0.773,0.214,0.3,130557,2,1,5,30
opwBJNdu54JXecIRb8hx0n,Velvet Storm,Sena Lark,pop,romantic|sad|uplifting,0.633,0.898,0.784,118.5,-2.51,0.047,0.434,0.089,0.08,259267,6,0,5,37
Kxxb5vu5PpSOyiKTOfChtG,Distant Rain,Toma Voss,r&b,playful|dreamy,0.753,0.677,0.569,106.2,-8.78,0.02,0.257,0.0,0.107,165130,4,1,4,35
g3eNOTlft16xFsTsujdZnc,Silent Garden,Talia Shaw,hip-hop,happy|tense,0.843,0.638,0.279,112.2,-5.46,0.17,0.0,0.172,0.043,238683,1,1,4,43
BosP1YYbKqflZTf0J5cxT1,Neon Ocean,Wren Cross,reggae,energetic,0.886,0.779,0.741,81.8,-8.18,0.038,0.474,0.014,0.302,323391,4,0,4,0
ZtV9UoqZGTxEemnMXRNBSl,Endless Light,Nova Quinn,blues,chill|tense|sad,0.233,0.187,0.445,80.4,-13.49,0.037,0.729,0.264,0.241,288520,1,0,4,67
dJIPHTeLyRAtZxkmh0KgRK,Faded Heart,Nova Hale,rock,chill|playful,0.621,0.968,0.323,114.3,-5.29,0.059,0.0,0.013,0.101,291729,8,0,4,8
fa2PnSJ5KfNh4GYWEscu03,Midnight River,Sena Quinn,indie,tense,0.351,0.583,0.407,116.6,-13.65,0.019,0.27,0.124,0.068,322808,11,0,4,42
wT3PDjoe0yWVnhzb1mQF9P,Bitter Dream,The Hearts,electronic,tense|dreamy,0.69,0.993,0.367,124.8,-2.77,0.025,0.0,0.396,0.123,223760,11,1,4,27
Mrz6M319zzRMp3TiXpnSDd,Midnight Garden,The Roads,r&b,tense,0.804,0.816,0.391,84.5,-8.59,0.062,0.443,0.0,0.115,179161,0,1,5,58
SHJmN4PkpDvMUa1KFljH24,Crystal Star,Mira Frost,metal,tense|aggressive,0.135,0.908,0.343,144.3,-4.13,0.094,0.067,0.02,0.314,227784,5,1,4,38
IJ6nJTFmz4K1Omj8pIbcqS,Lonely Light,Cole Stone,blues,romantic|tense|melancholic,0.631,0.577,0.536,92.7,-8.74,0.069,0.648,0.253,0.234,259901,3,1,4,18
wGtaGghVXrqZfxClIhTtTn,Burning Dream,The Stars,indie,sad|chill|playful,0.362,0.574,0.589,108.7,-9.46,0.074,0.413,0.107,0.045,287932,9,1,4,36
VzGpyGWq728X2oFCfrZbms,Wild Road,Wren Frost,blues,tense|happy|energetic,0.486,0.487,0.538,78.9,-6.55,0.069,0.674,0.237,0.06,206975,5,1,4,29
U9XCV3ZnyZHoIxQY3d8Lu1,Endless Horizon,Sena Ryder,pop,nostalgic,0.731,0.607,0.807,128.7,-4.46,0.089,0.09,0.111,0.0,204819,7,1,4,34
0HOqJrm3V9E0DcaSAlZF7K,Crystal Wave,Leo Stone,metal,melancholic|aggressive,0.238,0.79,0.282,135.6,-4.76,0.0,0.144,0.045,0.231,209905,0,0,4,87
9ahA97V447T3ePCnrtDLQY,Fading Road,Rio Lark,jazz,tense,0.41,0.323,0.439,81.0,-10.97,0.003,0.492,0.473,0.061,115644,6,0,4,32
DJ98giRTNsOPvCz8eVVpc2,Wild Wave,Ezra Reyes,indie,sad|dreamy,0.668,0.57,0.605,113.2,-11.89,0.045,0.413,0.183,0.001,210009,1,1,3,39
KJhQnd6iA4uyrOD8TEg0fv,Bitter Star,The Dreams,folk,playful|dreamy|melancholic,0.574,0.174,0.446,137.6,-8.79,0.002,0.878,0.337,0.077,179594,10,1,4,63
L2GpdWKDxZtlUXt36Fn9U0,Bitter Star,Wren Quinn,metal,romantic|tense,0.264,0.852,0.693,134.7,-5.08,0.043,0.18,0.046,0.17,243192,6,0,3,38
UXJ1bJkWkzEKLdNAQzAUbj,Sweet Light,Sena Hale,r&b,romantic|aggressive,0.801,0.472,0.578,96.1,-12.35,0.021,0.0,0.0,0.089,187994,2,1,3,63
ycmxgUJnEY4npNgG9qP4RH,Lonely Skyline,The Hearts,country,energetic,0.717,0.559,0.377,107.4,-11.6,0.119,0.398,0.063,0.442,140586,11,0,4,51
BEzxRrfXMGkGgCLrFEKwa2,Golden Echo,Mira Marsh,hip-hop,sad,0.664,0.487,0.372,104.5,-7.89,0.137,0.107,0.0,0.037,278987,4,1,4,27
aN6TWcDWX0qXWcUyovfBGv,Silent Shadow,,hip-hop,happy|chill,0.829,0.353,0.779,106.7,-8.55,0.237,0.116,0.093,0.127,258096,7,0,4,85
nqijI8wSzkX8XHoDi5Y120,Lonely Garden,Jax Lark,reggae,sad|energetic,0.763,0.743,0.267,98.1,-5.23,0.0,0.056,0.249,0.0,268655,6,0,4,59
armmo4WmRhOOI4ZGnIrxzO,Broken Shadow,Reo Vance,electronic,romantic|aggressive,0.817,0.735,0.226,140.2,-3.97,0.036,0.025,0.161,0.122,239654,0,0,4,90
ttU1SjgxFQSIYoDNQkBsbu,Velvet Shadow,Iris Hale,metal,melancholic|aggressive|energetic,0.213,0.872,0.174,134.6,-1.41,0.04,0.0,0.077,0.136,219812,10,1,4,23
fSxbpkgMGxWL0RA9wZxXfR,Midnight Shadow,Nadia Wells,indie,nostalgic|dreamy|melancholic,0.687,0.692,0.456,107.4,-9.27,0.0,0.15,0.041,0.209,127620,10,0,4,53
Nf4UaoHvltj2EykjguwKWz,Lonely Storm,Finn Voss,folk,uplifting|nostalgic,0.434,0.321,0.435,116.9,-8.25,0.083,0.665,0.063,0.013,189945,6,0,4,27
cdjV2fbQjVZ8D8nyQyoRVk,Distant Ghost,Iris Hale,jazz,energetic|dreamy,0.459,0.553,0.559,107.4,-8.69,0.073,0.398,0.473,0.007,229360,8,1,4,66
VCn2VjAtt7WCXXJ4KOSmQE,Bitter Ocean,Talia Reyes,jazz,playful|tense,0.615,0.335,0.364,117.1,-9.88,0.061,0.47,0.463,0.247,253176,4,1,4,38
WF0pTrAB9K1tq6FYnS99oI,Endless Star,Wren Marsh,metal,uplifting,0.21,0.823,0.172,132.5,0.0,0.04,0.0,0.107,0.008,181993,0,1,4,25
wcM0zGuNnGczkVudjpcG3K,Faded Ghost,Jax Ryder,country,chill|playful,0.302,0.654,0.683,105.3,-7.17,0.006,0.401,0.0,0.0,164916,8,0,4,39
v3tANsyBa5tLZdnEzqCrDB,Faded River,Nova Wells,classical,energetic,0.518,0.249,0.603,102.2,-16.93,0.052,0.655,1.0,0.17,219091,0,0,4,66
Y1thuHMonnxi2IATTQzag0,Lonely City,Ava Vance,rock,melancholic|tense,0.514,0.767,0.557,116.8,-6.9,0.103,0.0,0.099,0.188,153895,11,0,5,49
dyV6PZfMsMKXLhm6zOYUxc,Distant Road,The Rivers,r&b,nostalgic|uplifting,0.629,0.551,0.62,102.5,-7.19,0.047,0.441,0.171,0.24,114619,1,1,5,55
27xbF66SgMBfj9Lon0ieWm,Wild Wave,Mira Cross,reggae,happy,0.569,0.604,0.699,91.6,-10.15,0.007,0.082,0.0,0.267,277413,11,0,5,86
eS658l5AYViUcPo6dyL1x8,Broken Light,Nova Quinn,blues,happy,0.286,0.506,0.696,80.4,-8.92,0.043,0.809,0.272,0.197,167632,6,1,3,52
L3VGXFLU6idBYjohYs0QvM,Hollow Star,Zara Blake,country,nostalgic,0.714,0.601,0.29,106.5,-8.77,0.0,0.266,0.0,0.169,274871,9,0,4,61
HhzYrXg8S4JXaqqVYZA1c4,Sweet Dream,Reo Blake,indie,happy|tense,0.589,0.507,0.547,124.4,-7.88,0.089,0.374,0.0,0.161,276511,3,1,3,58
DqvzBMJoRNOI61wKPcFqjM,Wild Dream,Ava Stone,blues,melancholic|nostalgic,0.461,0.576,0.344,92.9,-11.75,0.098,0.608,0.171,0.212,154176,8,0,4,59
gz829sFiHOzhEsRTy4HuL6,Midnight Shadow,Nadia Marsh,folk,playful|sad|dreamy,0.287,0.231,0.556,106.0,-13.08,0.0,0.711,0.171,0.198,150094,5,0,3,19
xyk1FVF0Rscke5x07F8inf,Silent Road,The Skylines,country,aggressive,0.675,0.695,0.585,127.0,-3.84,0.125,0.361,0.08,0.048,244640,10,1,4,38
aOx6U5ovmXfmUhGrx6AbvN,Radiant Memory,Mira Voss,indie,sad|dreamy,0.5,0.526,0.525,98.5,-8.99,0.0,0.104,0.074,0.029,196717,0,1,4,47
I7YFGoqS6Z2mR1OD41ELWI,Silent Rain,The Shadows,rock,playful,0.551,0.802,0.736,137.2,-6.15,0.0,0.345,0.038,0.171,183932,11,0,4,68
3tkAwDHXNWZBZnRvxGECsX,Distant Shadow,Ezra Marsh,country,dreamy|playful,0.384,0.611,0.564,134.4,-8.83,0.109,0.496,0.097,0.08,156796,0,1,4,44
vxoJVHlG9EkaqCzEBy6yTc,Sweet Shadow,Reo Stone,blues,dreamy|nostalgic,0.377,0.376,0.373,88.8,-5.02,0.132,0.592,0.098,0.298,203690,2,0,4,59
XWTizigQPcE1sT58fqY9qo,Midnight River,The Ghosts,r&b,chill,0.676,0.656,0.556,99.8,-3.84,0.095,0.359,0.066,0.007,185882,3,0,4,57
xoo0p4rYL7CkNB1NDbfbWc,Velvet Rain,Ezra Knox,jazz,tense|uplifting,0.401,0.526,0.649,127.7,-13.2,0.167,0.441,0.235,0.181,267386,9,1,3,56
KLjFMqnDB6oGiF5sL3c86n,Velvet River,Jax Voss,classical,chill|happy,0.131,0.324,0.231,94.8,-18.16,0.115,0.73,0.66,0.101,274436,2,0,4,55
aDbozyA3WwzaaR9Cy9Tik2,Sweet Shadow,The Skylines,r&b,sad|nostalgic,0.781,0.511,0.285,70.5,-5.3,0.018,0.0,0.0,0.187,166314,4,1,4,41
2a6tUXxPL1BKkQWc5zzQ9z,Golden Fire,Rio Blake,electronic,energetic|uplifting,0.581,0.87,0.362,104.9,-4.47,0.062,0.173,0.238,0.097,209926,9,0,4,80
hb3yVpDJRfEWTbtJTU8oYy,Wild City,The Lights,jazz,melancholic|playful,0.53,0.505,0.595,99.3,-8.69,0.099,0.438,0.411,0.078,288908,6,1,3,53
6SzvKFlFzDBHFEFxKnxYJB,Broken Echo,Ezra Reyes,indie,energetic|melancholic,0.627,0.701,0.482,121.6,-9.13,0.018,0.248,0.018,0.068,217666,3,1,4,0
3bcgefoNgvtH9atslVmAqF,Radiant Skyline,Talia Vance,electronic,happy,0.781,0.387,0.687,123.2,-7.65,0.084,0.078,0.253,0.196,234537,9,0,4,50
5EoHQ7byDN8KyDQoyClcLR,Burning River,The Skylines,indie,romantic,0.502,0.431,0.477,124.4,-12.72,0.096,0.396,0.0,0.011,290961,10,0,4,49
mkX4FDahhRvtRNg19DRFnO,Neon Light,The Waves,electronic,melancholic|aggressive,0.701,0.743,0.352,112.4,-0.64,0.0,0.042,0.041,0.068,184099,10,1,4,63
8S6m2Arr4FdkymjFz1FQB4,Distant Bloom,Talia Lark,reggae,uplifting|aggressive,0.634,0.673,0.481,103.1,-9.33,0.034,0.203,0.071,0.049,259039,7,1,4,36
pCFkMPaJUrR1VHNzu4oPNq,Crystal Horizon,Cole Ryder,blues,tense,0.368,0.403,0.343,108.4,-9.15,0.02,0.521,0.048,0.078,225639,5,0,4,44
VHcS6rZXbEoDnd9Z4rfwaU,Burning Echo,Talia Vance,r&b,sad|dreamy,0.857,0.385,0.427,68.3,-8.69,0.032,0.102,0.004,0.119,191408,9,1,4,35
228i5Fm0YKNEqhvMjYdT9W,Faded Rain,Nova Cross,hip-hop,happy,0.629,0.729,0.612,96.0,-2.1,0.128,0.0,0.0,0.009,226795,4,1,4,44
Hmp31bBfqqn4uC3PxrT8EH,Faded Echo,Ava Frost,folk,aggressive|energetic,0.36,0.314,0.503,112.5,-11.59,0.0,0.774,0.045,0.323,208589,7,1,4,86
z7g3nKhimFDqxMPLH9t9Rg,Velvet Memory,Zara Shaw,r&b,aggressive,0.77,0.522,0.317,90.8,-3.34,0.109,0.176,0.022,0.103,157603,1,0,5,62
Fc9DHnWIRPtCHUrGmZaoqH,Distant Storm,Wren Stone,indie,tense,0.776,0.216,0.487,135.8,-7.25,0.001,0.295,0.103,0.231,222230,6,1,3,48
FVHuVNG1r8qr4cJJQK5uVL,Velvet Horizon,Jax Cross,jazz,uplifting|aggressive|happy,0.4,0.306,0.344,132.4,-15.36,0.029,0.532,0.39,0.155,273983,6,1,4,44
mob9M05k6pw29zwqapbCMP,Faded River,Talia Cross,indie,dreamy|energetic,0.5,0.582,0.423,123.1,-6.83,0.09,0.159,0.0,0.362,235546,9,1,4,47
y7HiZ6dtH3hYScKp69d69w,Fading City,Iris Hale,hip-hop,romantic|nostalgic,0.817,0.661,0.703,115.0,-6.29,0.198,0.067,0.043,0.132,240822,10,0,3,46
kFj3RmWG3iB7r2iLw39gGv,Neon Ocean,Iris Wells,metal,aggressive,0.216,0.823,0.383,153.3,-0.68,0.024,0.154,0.0,0.282,221282,5,0,5,82
0TWsGJsLVh4T2uVbGKiPqs,Hollow Rain,The Roads,classical,romantic,0.225,0.201,0.521,109.0,-16.92,0.021,0.87,0.629,0.096,277158,7,1,3,36
CCXvtCX1COF7FrxK3lxs4T,Electric Shadow,Iris Marsh,blues,dreamy,0.353,0.213,0.58,88.3,-13.08,0.085,0.42,0.242,0.343,198922,0,0,4,44
25gBBimRKvYAQ2FhjvxLov,Midnight Skyline,Finn Shaw,electronic,uplifting|tense,0.586,0.795,0.67,102.3,-2.36,0.018,0.092,0.29,0.11,288829,9,1,4,80
rgF67O0ddvs9xvJpYswwN9,Crystal Ocean,Jax Blake,country,playful|uplifting,0.386,0.484,0.849,93.9,-6.78,0.034,0.721,0.0,0.19,245125,5,0,4,51
WTdsmfEfx6vREJuXkfOTLD,Faded Memory,Toma Cade,electronic,tense,0.498,1.0,0.373,116.5,-8.2,0.056,0.0,0.43,0.169,178237,0,1,5,64
cxxYWJmMffgx1nlckzsdcN,Velvet Memory,Finn Voss,metal,melancholic|energetic|happy,0.477,0.863,0.248,155.3,-3.76,0.119,0.226,0.176,0.123,177882,10,0,3,44
pV4r41ZiVaIotGSflslVXz,Hollow Rain,Mira Wells,folk,chill|happy,0.565,0.254,0.381,91.6,-7.15,0.084,0.613,0.462,0.17,247600,7,0,4,48
02trNKktyHCQft78qy0NnY,Faded Bloom,Rio Reyes,r&b,chill|romantic,0.524,0.453,0.371,72.8,-7.35,0.015,0.164,0.0,0.21,222746,1,1,4,27
ZHe95hQIl1iKYYjpQXPO4P,Silent Fire,Reo Marsh,jazz,nostalgic|chill,0.455,0.335,0.485,94.8,-11.32,0.056,0.901,0.151,0.029,197350,6,1,5,29
Gpd7qYvuLyRZ64uRXCQzP0,Distant Storm,Toma Vance,electronic,playful,0.8,0.803,0.733,111.7,-2.42,0.075,0.057,0.311,0.249,269895,8,1,4,29
q9Bwm4qZqlcdsjfRGBCqDT,Electric Ocean,The Memorys,classical,happy|uplifting,0.478,0.33,0.635,101.7,-21.81,0.0,0.793,0.675,0.127,319600,3,0,4,65
m6l1lTKG37E5BATnl2FQLS,Golden Fire,The Echos,metal,happy,0.428,1.0,0.325,133.8,-2.46,0.089,0.05,0.091,0.192,251521,0,0,4,27
xNMbv2iEbTlwNNBg9hZsnu,Bitter Echo,The Horizons,pop,melancholic|nostalgic|dreamy,0.874,0.555,0.202,104.1,-4.11,0.067,0.136,0.008,0.052,185382,5,1,4,15
sCp91jcspfNiCspZflABAw,Burning Heart,Sena Cade,rock,playful,0.401,0.823,0.706,154.5,-10.17,0.109,0.35,0.064,0.23,179988,3,1,3,49
haa49w5V216R7BJFcBLauD,Broken Dream,Nova Reyes,classical,romantic|dreamy|chill,0.286,0.271,0.459,109.7,-23.22,0.117,0.786,0.75,0.268,178047,6,1,3,64
33AvE0d5CLsmj3gTHocjrl,Burning Fire,Zara Lark,hip-hop,tense|melancholic,0.901,0.763,0.475,102.4,-2.67,0.208,0.156,0.0,0.29,181235,11,1,3,62
poAmWpauETXxStmDS3daK0,Sweet Rain,The Fires,hip-hop,melancholic,0.731,0.549,0.635,107.5,-7.12,0.196,0.0,0.183,0.137,226712,3,0,4,30
66O0KVEfCP12IxyHgDyMCx,Golden Ocean,Reo Voss,folk,happy|dreamy,0.522,0.317,0.446,104.7,-12.7,0.084,0.476,0.153,0.191,191686,2,0,4,6
MT0qUtcywTTZOs73w0jVvK,Velvet Ocean,Reo Cade,pop,happy|energetic,0.625,0.474,0.756,101.8,-7.3,0.049,0.025,0.045,0.082,177470,3,1,4,42
YV09ehJBG33bVhbM48YoB1,Midnight Wave,Talia Vance,hip-hop,uplifting,0.728,0.742,0.377,117.2,-1.74,0.21,0.197,0.0,0.194,202544,0,0,4,34
frQLDiSyGi49ggKvBPPXVM,Burning Rain,Reo Shaw,pop,uplifting|playful,0.776,0.674,0.751,105.3,-8.2,0.14,0.323,0.0,0.075,161643,7,1,4,65
27U1K7VQDZsUHYQNlwcdFw,Electric Light,Talia Wells,classical,energetic|uplifting,0.131,0.084,0.621,102.8,-19.3,0.004,0.72,0.463,0.296,274422,5,1,4,0
xyMLLEWhlwjXc1fNmdSy5q,Hollow Wave,The Ghosts,indie,sad|romantic,0.697,0.676,0.488,113.3,-10.39,0.03,0.513,0.24,0.379,206298,10,1,5,36
ZVUYExopv1vlBSkdiMRrXJ,Restless Fire,Leo Blake,metal,melancholic|aggressive,0.54,0.826,0.303,133.7,-5.84,0.0,0.023,0.133,0.107,270521,8,0,5,52
pKPrRUZ2Cx1WPPduu9ESQF,Restless Wave,The Rains,blues,sad,0.409,0.382,0.398,127.1,-8.57,0.034,0.423,0.189,0.17,257395,7,1,4,47
NrGcUYmyLS2xCPwAl4Nqmm,Faded River,Nadia Shaw,jazz,nostalgic,0.491,0.441,0.758,114.3,-11.45,0.038,0.581,0.387,0.041,267190,7,0,3,50
VLEqNmwr1Ljh69ag2HZeGI,Radiant Light,Leo Hale,reggae,tense|nostalgic,0.691,0.57,0.543,74.4,-6.3,0.04,0.197,0.074,0.288,258442,1,0,4,59
xzdPf31As174Rkylt18v6u,Fading Light,Ava Quinn,metal,tense,0.51,0.904,0.514,135.1,-1.73,0.045,0.119,0.076,0.116,193647,3,1,4,65
d68ZN7v17qERdUQdAdYYp7,Faded City,Nova Cross,classical,melancholic|tense|sad,0.246,0.044,0.284,107.2,-18.62,0.117,0.738,0.856,0.256,163650,3,1,4,41
c5MvBqQ1fHU96vrhmnRmBz,Distant Horizon,The Roads,electronic,chill,0.836,0.755,0.55,126.0,-5.08,0.08,0.0,0.205,0.223,243466,1,1,5,56
L3hPRgPskKL6MrGhshsaWf,Velvet City,Nadia Hale,country,chill,0.469,0.317,0.447,100.4,-7.45,0.0,0.298,0.0,0.007,189921,2,1,5,48
BNGG9HzzxNtIeSIjDl8ZMh,Lonely Ghost,Wren Blake,hip-hop,chill|uplifting,0.796,0.591,0.545,101.3,-7.06,0.1,0.334,0.0,0.215,247065,8,1,4,67
IXk49pslIq7TaUij4U4V6q,Burning Skyline,Reo Reyes,rock,playful|energetic,0.813,0.792,0.581,139.5,-5.11,0.046,0.18,0.182,0.23,228131,2,0,3,21
6UmPO7QQLWIFOT65BTz6Et,Golden Star,Reo Knox,hip-hop,happy|melancholic,0.924,0.541,0.826,108.1,-3.89,0.187,0.403,0.0,0.16,177638,4,0,5,51
iwrlBws4eBVZQILQnLlF2B,Lonely Wave,Jax Voss,classical,dreamy,0.343,0.34,0.438,83.9,-16.22,0.028,0.872,0.892,0.287,242042,9,1,4,40
rlP4ow56DXPofHNMxLpe0f,Hollow Wave,Nova Hale,hip-hop,energetic|dreamy,0.881,0.69,0.328,106.4,-3.02,0.248,0.153,0.12,0.314,174826,0,1,3,38
zmYwDyGAT9AiXepI7aZu6L,Distant Dream,Talia Ryder,indie,chill|sad,0.563,0.555,0.211,103.4,-11.33,0.117,0.407,0.021,0.0,193021,4,1,5,17
6VT76gbMAFtvgRo3Z7BozW,Distant Bloom,The Roads,classical,chill,0.165,0.156,0.383,-5.0,-17.39,0.051,0.996,1.0,0.183,200536,3,1,3,70
hiHfCe4Y3H0NPUKWow83tR,Endless Road,Leo Reyes,r&b,aggressive|chill,0.67,0.748,0.518,107.5,-8.93,0.0,0.154,0.011,0.176,171381,0,0,4,52
pd0BUXvYL4qR1bbp07IgGZ,Midnight Memory,Ezra Frost,metal,dreamy,0.619,0.721,0.467,149.3,-3.59,0.078,0.0,0.103,0.093,233822,0,1,4,44
mlWesKMKE362anQi9brmPt,Restless Fire,Sena Stone,pop,energetic|happy,0.797,0.752,0.521,118.8,-2.6,0.077,0.371,0.071,0.185,212526,10,1,5,11
tidUEWjRRiRoM9wBW3SDiQ,Broken Garden,Nova Knox,classical,romantic,0.371,0.283,0.468,101.9,-18.0,0.051,1.0,0.83,0.214,218736,11,1,5,64
crxhLquvVGA7GZ1fPVYD1U,Lonely Fire,The Stars,classical,melancholic,0.356,0.187,0.232,106.0,-21.0,0.046,0.927,0.857,0.026,190302,10,0,3,41
OupQzUicx5r0tMmXpLlCfR,Faded Road,Finn Voss,metal,nostalgic,0.534,0.785,0.132,125.0,-7.68,0.027,0.014,0.066,0.244,199921,3,0,5,61
rs7W2cCW86HTLRADDS9G3H,Sweet Wave,Jax Marsh,pop,tense,0.726,0.681,0.391,110.1,-7.39,0.045,0.192,0.029,0.35,243872,5,1,4,46
zgSCxQFISa58rg84b8StJB,Hollow Garden,The Lights,pop,playful|sad,0.521,0.642,0.435,120.2,-5.74,0.062,0.292,0.157,0.064,215925,1,0,4,37
kuDXdSsQsoYWbDpit1yQBX,Bitter Wave,Reo Ryder,country,tense,0.62,0.621,0.771,115.4,-9.69,0.043,0.008,0.106,0.163,219701,1,1,4,47
1KksDbs2Hhg77RmdfGBXsp,Silent Memory,The Fires,folk,dreamy|tense,0.364,0.365,0.385,115.8,-8.34,0.0,0.925,0.065,0.005,161593,2,1,4,44
Esb0Y9YSvnyiuf4PQjnhe0,Crystal Fire,The Dreams,rock,melancholic,0.438,0.796,0.354,119.8,-4.03,0.065,0.146,0.159,0.241,189691,3,0,4,72
kP3BY7CP8pVWx0mJqQiuXB,Electric River,Leo Lark,pop,chill|sad,0.56,0.632,0.573,116.6,-9.11,0.085,0.22,0.024,0.318,201573,1,1,4,53
NL02Qt9clZmimwJxLo0wGd,Velvet Road,Jax Vance,latin,happy|nostalgic,0.756,0.558,0.78,123.7,-3.32,0.059,0.092,0.071,0.25,207712,2,1,3,29
lrTSEFFEqsX6rKyqYLpctB,Fading Heart,The Horizons,classical,uplifting|tense|nostalgic,0.28,0.385,0.5,90.1,-22.85,0.099,0.867,0.756,0.0,169823,4,0,4,72
Lgihb42qbDk3xqZwUmMBcf,Hollow Heart,Rio Marsh,country,melancholic|romantic,0.512,0.672,0.817,120.6,-6.27,0.114,0.295,0.0,0.179,297550,8,1,4,33
VRSXLtpROMG7Hq8r8jDJKw,Silent Memory,Reo Ryder,hip-hop,dreamy|aggressive|tense,0.654,0.598,0.549,110.8,-4.77,0.223,0.0,0.0,0.295,219183,5,0,4,31
oi2j7Rr5bknM9nz3Q6iEyg,Endless Light,Talia Vance,metal,playful|chill,0.319,0.658,0.316,143.9,-2.46,0.096,0.0,0.0,0.167,233017,11,1,4,36
EXPsROvLwkY87HT8iCX75A,Restless Garden,Jax Hale,country,chill|energetic,0.571,0.491,0.723,112.6,-5.99,0.066,0.516,0.094,0.162,236597,2,0,3,45
yaFCWkeqm5OOq9SHy94KQY,Burning Road,Reo Reyes,latin,playful|romantic,0.822,0.87,0.772,85.5,-7.23,0.056,0.133,0.064,0.006,247554,2,0,4,47
DC215ogiNEm48r8fVtHvd5,Neon Storm,Cole Vance,rock,aggressive|dreamy,0.513,0.911,0.523,133.2,-3.01,0.073,0.294,0.054,0.296,180559,7,0,4,37
SuKAXcipne0uZN6X5NHUD8,Distant River,Iris Vance,pop,sad|happy,0.594,0.565,0.69,114.3,-3.18,0.13,0.32,0.0,0.0,204137,4,1,4,46
dCGOIBFPwHSYFuvRIv8aLv,Faded River,Kai Stone,reggae,sad|energetic|romantic,1.0,0.51,0.642,67.6,-11.62,0.052,0.239,0.054,0.153,277504,1,0,3,35
Sq6zjgF4yqQm7sM3m2K5sg,Hollow Ghost,Kai Shaw,jazz,uplifting|dreamy|playful,0.472,0.344,0.619,122.7,-7.98,0.12,0.693,0.221,0.207,240674,3,1,4,70
s8fGCNpPLCIN5unDEde9kr,Faded Echo,Leo Wells,indie,aggressive|dreamy,0.456,0.783,0.283,93.1,-12.82,0.103,0.19,0.073,0.202,231039,10,0,4,25
CxzYLlB5S5LiWd1XX89oQ8,Neon Garden,Wren Knox,reggae,happy,0.974,0.547,0.644,84.1,-8.02,0.064,0.363,0.189,0.286,228746,3,1,4,66
ojTtlvXyybaLIYU2a43v6F,Sweet Echo,Kai Hale,country,energetic,0.61,0.833,0.311,112.0,-6.42,0.071,0.437,0.015,0.041,162629,9,0,4,44
FZcBcbFr8yg1rYpp3CcdYr,Faded Dream,Reo Stone,jazz,energetic|melancholic,0.736,0.517,0.556,116.6,-12.88,0.037,0.763,0.259,0.136,165729,9,1,4,46
1aVuqx1GBBhHjsWIUFterk,Restless City,Rio Reyes,rock,sad|tense,0.474,0.709,0.369,109.3,-6.09,0.0,0.185,0.0,0.229,285261,11,1,4,21
aDS0hn3iQSasTr8Gq7XwAD,Restless Dream,Talia Blake,reggae,uplifting|aggressive|happy,0.626,0.55,0.681,87.8,-7.1,0.089,0.362,0.005,0.189,294181,8,0,3,31
7x0EUByz3qEzcJwiaGQV7v,Silent Wave,Wren Lark,classical,sad|chill,0.494,0.111,0.549,114.9,-15.79,0.057,0.908,0.85,0.054,188346,10,1,4,25
ScA4MkM0IDYRoPHBYRrcdy,Restless Shadow,Finn Hale,jazz,chill,0.367,0.334,0.469,105.0,-9.53,0.097,0.552,0.17,0.147,192924,0,1,3,35
qQbzwqGIuvHFuxiSswjKzg,Crystal Dream,Finn Shaw,latin,aggressive|dreamy,0.659,0.762,0.614,87.5,-15.31,0.076,0.261,0.038,0.083,251686,1,0,5,6
QnZ1ITZKwT4VIBQqeDPI7j,Crystal Ghost,Leo Blake,reggae,sad|nostalgic|playful,0.711,0.595,0.463,85.0,-13.48,0.091,0.307,0.0,0.101,185276,6,1,5,7
DmBEKU1M4df04aiP702F0e,Radiant Heart,Wren Marsh,jazz,chill,0.602,0.316,0.433,90.4,-7.77,0.098,0.741,0.249,0.118,142890,1,1,5,61
ASljcgzvBAnOYpMnRwcHjs,Velvet Shadow,Wren Voss,folk,playful,0.397,0.366,0.679,88.8,-13.19,0.029,0.938,0.154,0.281,176582,6,0,4,57
W8wdFrxaW9VMnV3p8lGd2L,Faded Bloom,Ava Marsh,pop,energetic|chill,0.524,0.666,0.814,105.9,-7.22,0.044,0.009,0.286,0.296,226184,4,1,4,40
BwvqCzeCiCwE8ovutJ7gsD,Electric Skyline,Finn Wells,latin,aggressive,0.808,0.725,0.577,112.7,-5.3,0.104,0.085,0.146,0.062,127234,2,1,4,35
4q12oOpKdBkEN2VINP4vGl,Fading Storm,Sena Reyes,folk,uplifting,0.388,0.352,0.605,111.6,-8.59,0.044,0.784,0.0,0.158,224724,0,0,4,50
A8Rllc17Tz2PURuMfcaTr1,Wild Echo,Sena Cade,pop,chill|energetic,0.749,0.915,0.573,117.1,-5.32,0.137,0.083,0.13,0.078,248841,1,1,4,73
649CzTGpukDGd2OG546C6I,Crystal Garden,The Blooms,hip-hop,sad|tense,0.849,0.649,0.307,99.9,-5.04,0.207,0.155,0.0,0.0,228611,10,0,4,45
AhEkJQt9DPbpsrZAOnolTs,Burning Ocean,Finn Stone,electronic,aggressive,0.755,0.789,0.551,133.9,-3.09,0.106,0.064,0.199,0.242,170727,7,1,4,40
KRywT0Kx6LAuYAacY7O6X6,Lonely Memory,Wren Marsh,indie,melancholic|aggressive,0.663,0.482,0.553,124.2,-2.06,0.064,0.444,0.172,0.0,195936,11,1,4,44
FzAcresj7BtndlN2EcIeoY,Restless Shadow,Toma Marsh,jazz,happy,0.33,0.383,0.714,132.9,-12.87,0.132,0.652,0.401,0.09,253848,9,1,4,34
z5iJqbDZBRPQLZvmMd6IDI,Velvet Rain,Nadia Shaw,latin,happy,0.818,0.753,0.904,96.2,-8.5,0.096,0.388,0.224,0.273,277139,10,1,5,51
4RVw5UbHuvLlvYOBkKEYly,Burning Wave,Mira Hale,r&b,chill|tense,0.547,0.496,0.111,102.2,-9.96,0.04,0.449,0.0,0.146,211378,9,1,4,21
lmXRRpqOq44BAzgcwg79tM,Burning Dream,Nadia Cade,hip-hop,melancholic,0.734,0.481,0.516,87.2,-4.88,0.184,0.006,0.222,0.0,201748,10,1,4,46
BNTuAZfoQtrd2JIoSPp3gI,Lonely Star,The Ghosts,latin,chill|romantic,0.79,0.555,0.532,100.0,-5.76,0.098,0.177,0.331,0.21,196064,0,0,5,29
7ZbeyngGWxlbaOjpLgxjne,Velvet Memory,Nadia Hale,rock,energetic,0.612,0.858,0.347,143.9,-6.73,0.075,0.125,0.0,0.012,159067,1,0,4,21
pgQXDFOuz5KSSaaSaSgPLO,Broken Storm,Wren Hale,pop,playful,0.638,0.608,0.623,133.1,-3.02,0.031,0.19,0.025,0.198,219256,9,1,5,83
DOd5TSJCaiEjI9l5c2qdcN,Lonely City,The Stars,reggae,chill|dreamy,0.727,0.577,1.0,91.0,-9.21,0.097,0.288,0.0,0.105,208357,9,0,3,28
lTCykxjP3c4kfohgBDKwUs,Neon City,Sena Quinn,folk,romantic|happy|dreamy,0.622,0.5,0.573,102.5,-6.75,0.0,0.878,0.089,0.167,245639,1,0,4,31
vmGz3qWkBCoXbkkcNKtfER,Crystal Echo,Ava Stone,rock,aggressive,0.316,0.684,0.654,146.9,-8.07,0.057,0.221,0.133,0.047,250523,2,1,3,65
oYFGqBCNFdUaJPUobPCzrQ,Fading Heart,Zara Voss,electronic,chill|nostalgic,0.849,0.848,0.51,136.9,-4.95,0.057,0.0,0.278,0.145,250062,8,1,4,64
axgfWke0mqbB5m2yIbe4NM,Golden Ocean,The Rains,rock,aggressive,0.444,0.728,0.551,136.9,-6.21,0.05,0.207,0.199,0.025,196605,11,0,4,41
z8mOQfk59YYq1dCVQMbtOt,Sweet Dream,Toma Blake,rock,nostalgic,0.624,0.855,0.523,121.5,-6.54,0.005,0.0,0.256,0.111,187265,5,1,5,23
KzVbgEcKjYgCBtve75E38D,Golden Shadow,Sena Vance,rock,dreamy|aggressive,0.556,1.0,0.543,123.5,-8.79,0.041,0.05,0.31,0.045,201710,5,0,4,48
EYpxTGFlD9kNM48mnOUvSE,Midnight Skyline,Talia Vance,electronic,melancholic|aggressive,0.672,0.914,0.587,144.0,-5.12,0.043,0.192,0.507,0.273,186791,10,0,5,42
iTpMeJUJAQDzkYjEpv3o1p,Fading Horizon,Jax Cross,country,romantic,0.704,0.605,0.793,109.8,-5.0,0.096,0.099,0.0,0.233,190001,11,1,4,37
JAl4nmxDcsrrxxZThV64P8,Fading Echo,Ezra Marsh,electronic,happy,0.725,0.989,0.671,134.6,-5.71,0.024,0.204,0.428,0.116,180970,6,0,4,64
ypGh5xekNhh6ArWFPNl5qQ,Burning Rain,Zara Shaw,r&b,chill|dreamy,0.863,0.366,0.716,86.5,-4.39,0.106,0.156,0.389,0.309,181684,4,0,4,26
eZHo2rE4Kl6R5pdv9D04Jk,Wild Road,Nova Vance,classical,sad,0.358,0.505,0.222,112.2,-17.1,0.016,0.69,0.678,0.172,203720,5,0,4,12
OAaBAVVLyhUbyZ3MOApVC6,Fading Bloom,The Shadows,country,romantic,0.762,0.808,0.559,97.7,-10.6,0.037,0.362,0.157,0.19,218435,10,0,4,50
fAca6qWdl6EkJ7ZNIAY93G,Lonely Shadow,The Skylines,r&b,melancholic,0.498,0.393,0.583,105.6,-7.61,0.081,0.231,0.0,0.109,205910,2,1,3,84
c7dPesfr1riqzaPEo1FkpT,Sweet Light,The Oceans,rock,energetic|dreamy,0.782,0.783,0.782,141.0,-5.36,0.021,0.021,0.03,0.21,169919,7,1,4,27
FEKEQ0MPI21nyCBbEtUOgc,Distant Wave,Talia Blake,blues,happy|chill,0.379,0.596,0.48,92.3,-9.56,0.027,0.411,0.324,0.153,168607,9,0,5,47
Ta2NAnwtRD66zb6Fu2fZkf,Golden Dream,Mira Cade,blues,uplifting|aggressive,0.559,0.455,0.45,92.5,-8.77,0.091,0.534,0.471,0.22,176056,10,1,4,38
kZrPpEXDWU8Lvc0CU5A6R7,Distant Road,Rio Knox,blues,melancholic|dreamy,0.301,0.229,0.097,102.1,-9.77,0.051,0.449,0.216,0.048,272088,10,0,4,32
QFZuXk2k2ELWO6lNrKRW2B,Crystal Skyline,Nadia Knox,indie,dreamy|uplifting,0.6,0.388,0.77,120.2,-6.53,0.086,0.384,0.139,0.035,203872,9,0,3,66
VuE4uo1SIveTmR8M3EyTpv,Neon Bloom,Nova Stone,metal,tense,0.351,0.856,0.444,142.8,-1.3,0.06,0.0,0.082,0.156,178436,11,0,4,40
HlPy5wM51mQnSGcsgT9NeE,Broken Ghost,The Memorys,pop,playful|tense,0.822,0.631,0.778,118.2,-3.55,0.044,0.246,0.113,0.171,175269,3,1,4,30
E6JIdUkR6ecLp7AFUU7AF8,Endless Storm,Finn Lark,folk,aggressive|chill,0.467,0.491,0.414,103.1,-13.95,0.104,0.837,0.0,0.016,240225,10,0,5,52
yNnKuxnp0dINUWimSpmP84,Broken Echo,Nova Stone,metal,aggressive|tense,0.375,0.962,0.283,123.6,-7.46,0.049,0.163,0.016,0.087,223625,1,0,4,13
kg775A9sJpVqQiDS415LDp,Golden Skyline,Kai Wells,r&b,tense|playful,0.765,0.517,0.531,93.1,-11.2,0.089,0.209,0.026,0.0,350350,11,1,4,54
XJM5fLQ40TL99t1Mw8fyRU,Crystal Bloom,Talia Lark,classical,dreamy|chill,0.175,0.265,0.484,113.8,-18.78,0.075,0.935,1.0,0.257,244584,2,1,5,57
F4aYeGLEWFMRwWch5RtyC8,Golden Bloom,Rio Wells,jazz,energetic|dreamy|chill,0.507,0.333,0.557,141.5,-8.55,0.149,0.535,0.284,0.354,203825,11,1,4,27
cRpgAgoQtaVFLNiZRVfy4r,Distant Garden,Jax Knox,pop,chill|sad,0.674,0.638,0.273,111.6,-8.95,0.0,0.133,0.0,0.202,270632,3,1,4,50
7GewwVDhSux1ARAf3AAJL5,Fading Heart,Finn Voss,reggae,chill|dreamy,0.658,0.377,0.673,85.4,-9.13,0.005,0.324,0.0,0.372,166443,10,0,4,61
zMzeLif8jPTB5KC2V5tJ1W,Burning Wave,Ezra Knox,classical,dreamy|happy|romantic,0.234,0.178,0.663,103.1,-14.74,0.032,1.0,0.975,0.183,273904,1,0,4,77
8hiEszL6TXahFyngWMfK0G,Hollow Memory,Ava Frost,electronic,energetic|aggressive,0.787,0.806,0.419,141.0,-4.23,0.032,0.0,0.394,0.164,141875,11,0,4,44
HtZeaZt4a1Tcn2VkEnbnWi,Fading City,Iris Stone,country,energetic|tense|sad,0.638,0.568,0.51,104.9,-6.16,0.055,0.447,0.026,0.034,175954,4,0,5,64
iQeJvm6P9Q3eTggP7kGWfD,Restless Bloom,The Echos,indie,romantic|aggressive,0.564,0.659,0.436,113.1,-6.64,0.063,0.389,0.0,0.158,214502,6,1,5,34
dTlQQMrb1oFxnwOSmQVgQm,Silent Fire,Mira Shaw,indie,aggressive|tense,0.443,0.645,0.452,115.3,-5.92,0.098,0.377,0.142,0.043,213932,3,1,5,47
NsYIMeGwkZUM9GpGG5k6a6,Broken Road,The Waves,metal,aggressive|melancholic,0.375,0.873,0.441,151.5,-7.68,0.059,0.0,0.1,0.114,219060,11,1,4,67
PuQrT7KQ0b429iKtJ2qLXs,Velvet Fire,Wren Shaw,electronic,tense|playful,0.91,0.739,0.537,129.5,-6.15,0.085,0.151,0.249,0.115,279561,6,0,5,81
VCGmj8nKSPVYWx97WLWmyZ,Midnight River,Ezra Reyes,rock,uplifting|happy,0.484,0.713,0.271,137.1,-4.94,0.0,0.024,0.0,0.285,183308,9,0,4,18
J8Jg8ekaW6KNBz2EBoCk8b,Velvet Storm,Talia Voss,country,aggressive|romantic,0.443,0.713,0.76,108.1,-9.8,0.173,0.277,0.0,0.211,254104,0,0,4,67
MpezqUMaL8VvrB5JPIFV9p,Golden Ocean,Zara Wells,rock,sad,0.337,0.711,0.423,147.3,-3.43,0.0,0.28,0.0,0.052,190417,0,1,4,28
uHdta2fXsyh1uMYDXUacbe,Faded Heart,Kai Shaw,hip-hop,uplifting|playful,0.833,0.486,0.869,110.3,-2.23,0.162,0.231,0.131,0.192,284001,0,0,5,41
u8KyFeHojgm9awsi7QIOqP,Neon Ocean,Leo Reyes,jazz,energetic,0.291,0.568,0.496,100.3,-8.66,0.0,0.345,0.287,0.165,266901,0,1,3,51
WXipJITCRADy2BcOy1k1UH,Faded Road,Nova Hale,classical,happy|energetic,0.452,0.059,0.273,94.9,-19.73,0.08,1.0,0.809,0.073,161896,9,0,4,53
TalyWypGk4aEhw7tJfJuho,Lonely River,The Gardens,metal,sad|aggressive,0.456,0.777,0.383,158.0,-3.45,0.118,0.183,0.053,0.048,212293,2,0,5,70
ZCrcwGNW6lpR1anAayCFHE,Electric Bloom,Jax Ryder,blues,uplifting|energetic|chill,0.291,0.406,0.417,107.5,-11.63,0.035,0.653,0.292,0.133,243122,2,1,4,47
UtZtRZ80HIj2uiUAP18MK9,Golden River,Cole Blake,latin,nostalgic,0.832,0.67,0.808,92.5,-5.63,0.107,0.144,0.094,0.121,182676,3,1,4,46
QAW32IaMImGVne3LoqBuSd,Neon Garden,Finn Cross,classical,nostalgic|chill,0.188,0.238,0.28,103.1,-18.74,0.02,0.9,0.887,0.17,104102,10,1,3,75
43vUE2H88OizmIIa0OmZk9,Wild Shadow,Nadia Blake,indie,tense|dreamy,0.644,0.481,0.388,99.5,-8.37,0.13,0.078,0.127,0.191,200637,5,1,3,35
EJWCW3SlAHgK3m6hYNjlUK,Wild Dream,Jax Voss,folk,uplifting|dreamy,0.539,0.148,0.744,86.1,-7.77,0.226,0.86,0.077,0.048,208997,10,1,4,41
5H476pfqXad4owzobm56kG,Silent Light,Wren Stone,blues,chill,0.86,0.285,0.292,86.6,-9.61,0.0,0.587,0.114,0.091,243106,4,0,5,31
HAl2IA6Iuys9OntCydRRH0,Sweet Skyline,Jax Frost,r&b,sad|uplifting|dreamy,0.582,0.323,0.329,113.2,-4.74,0.0,0.335,0.0,0.146,205031,2,1,3,37
8nS4ztMdG0ZsY4QFsKfOfB,Lonely Fire,Rio Cross,jazz,playful|happy,0.28,0.571,0.473,113.8,-7.84,0.067,0.421,0.371,0.115,227125,2,1,4,41
N6728yjk5KweW1gOaGtHBf,Golden Ghost,Finn Cross,indie,energetic,0.548,0.651,0.589,146.8,-9.14,0.013,0.369,0.0,0.136,208561,0,1,4,52
9bAyOFIIsuE37o20j6eBwd,Neon Fire,Sena Hale,country,chill,0.628,0.486,0.42,117.9,-8.53,0.111,0.234,0.0,0.119,200862,11,1,4,58
1BBCgqIvo7oQmXhFWfqDKW,Crystal Ocean,Nova Quinn,blues,chill|tense,0.394,0.498,0.405,87.2,-12.87,0.024,0.811,0.263,0.085,243698,0,1,3,70
zJah0kAMBkv9c2uWdEVoTi,Wild Bloom,The Blooms,hip-hop,energetic,0.873,0.835,0.661,97.3,-6.14,0.169,0.442,0.048,0.0,210515,10,1,4,61
W678R1oEPzwqnMLLrj1UJW,Distant City,The Memorys,indie,melancholic,0.633,0.55,0.357,115.0,-5.98,0.138,0.345,0.027,0.37,170969,4,1,3,36
uhJi6nDFkgdNdEqsqEKSoK,Electric Dream,Reo Ryder,folk,happy,0.448,0.404,0.295,90.9,-7.9,0.073,0.674,0.177,0.419,228826,4,1,3,42
yzy8aCiozyUdXs24YEqgja,Sweet River,Sena Wells,indie,uplifting|happy,0.575,0.545,0.65,110.1,-2.51,0.001,0.274,0.0,0.241,187769,4,1,5,46
S6BAJs8J7dnQVgBmzEHeDu,Silent Fire,Toma Reyes,blues,chill|melancholic,0.583,0.284,0.313,105.1,-12.77,0.018,0.321,0.129,0.164,220142,6,1,4,64
HPIwmlMZJ1D4psT3bffqNZ,Radiant Garden,Ezra Shaw,jazz,energetic|melancholic,0.481,0.525,0.785,108.6,-11.25,0.142,0.652,0.272,0.104,181065,2,1,3,66
oNygX7cQmXRqbvEn65zI52,Faded River,Zara Vance,folk,tense|dreamy,0.539,0.254,0.383,96.2,-12.31,0.036,0.778,0.0,0.017,203467,5,1,4,1
ZeRUB87KLgyuGDloAptWeh,Golden Fire,Wren Shaw,r&b,romantic|nostalgic|playful,0.519,0.602,0.423,98.0,-4.74,0.053,0.114,0.0,0.092,263237,10,1,4,63
LeN4zbOHsgUSwRJXv4xmDT,Lonely Heart,Talia Hale,country,playful|sad|uplifting,0.486,0.671,0.752,109.8,-6.39,0.0,0.589,0.0,0.208,255170,8,1,4,42
adVUrcYCxAcjpX3hdUBtXc,Endless Bloom,Finn Quinn,classical,dreamy|melancholic,0.599,0.0,0.29,84.6,-16.62,0.058,1.0,0.83,0.276,230808,11,1,3,40
AAO04urCU8xG51D1JS8Q9U,Lonely Garden,Kai Lark,classical,playful|dreamy,0.299,0.148,0.352,138.8,-18.79,0.0,0.929,0.758,0.147,192298,5,0,5,31
7oSbqd97kwy9Ydcshm5gAR,Burning Garden,Mira Knox,hip-hop,romantic,0.76,0.534,0.688,104.6,-9.1,0.169,0.25,0.053,0.126,159368,1,1,4,64
6bSsnGJOgF6UADzi73k24C,Golden Shadow,Ezra Voss,hip-hop,aggressive,0.865,0.543,0.438,107.6,-6.62,0.156,0.0,0.112,0.0,253096,4,0,4,62
RnBNbzS6guTYSwcQ0lz6ep,Wild Horizon,Reo Voss,electronic,nostalgic,0.88,0.686,0.441,130.7,-5.85,0.0,0.0,0.467,0.242,181517,8,7,3,59
hS3AKrovoSk89GVB6eDJQa,Distant Star,Rio Cross,hip-hop,romantic|energetic,0.798,0.477,0.595,108.6,-4.48,0.192,0.0,0.0,0.223,215781,10,0,4,74
CaVwQxFax99kN8xcJzIF4Z,Wild Rain,The Echos,electronic,playful|uplifting,0.987,0.623,0.688,139.1,-6.67,0.047,0.208,0.192,0.236,186500,5,0,3,59
wexfEZW8L3WCS8xe3LmE4H,Wild Wave,Nova Quinn,blues,tense|chill|nostalgic,0.56,0.3,0.215,90.7,-10.14,0.077,0.383,0.246,0.08,235544,0,0,4,34
euj8SZ6BXvpjZji2RYq54X,Endless Heart,Zara Blake,latin,sad,0.713,0.8,0.564,116.6,-5.61,0.078,0.255,0.026,0.206,206978,6,1,4,78
3PU0U4hZi5zGhFW7MpaUaH,Midnight Road,Ava Lark,reggae,uplifting,0.674,0.482,0.639,86.6,-7.51,0.0,0.193,0.0,0.257,174797,3,1,4,12
9PHU0QBZZLLcOl9gXpegAS,Hollow Wave,Ava Marsh,jazz,sad,0.432,0.483,0.561,125.2,-11.12,0.056,0.542,0.274,0.0,243508,11,0,4,33
rNG0JY1qL5SUuMe2lya3Lj,Midnight Memory,Talia Wells,jazz,romantic|dreamy,0.755,0.228,0.674,114.7,-12.1,0.0,0.322,0.337,0.08,254995,3,1,4,80
tp7GKRWzsPgzrwcHyj4UT7,Faded Road,Mira Marsh,r&b,happy|playful,0.721,0.448,0.153,71.2,-7.22,0.038,0.208,0.0,0.147,325731,9,1,3,52
GVaSu2GmKpt49cHoxrO07r,Silent Garden,Cole Blake,jazz,happy|uplifting,0.761,0.193,0.386,136.8,-15.52,0.115,0.494,0.292,0.087,169631,5,1,4,36
Evo5qhInNVMTWw9vOE1J0V,Golden Skyline,Mira Vance,classical,tense,0.409,0.192,0.517,94.3,-17.29,0.0,0.671,0.994,0.189,241602,3,0,4,60
41PsSpNebVnl8pVSh0HB1Q,Hollow Storm,Kai Wells,r&b,uplifting|playful|energetic,0.932,0.657,0.28,115.2,-5.85,0.097,0.293,0.0,0.154,182194,7,0,4,36
bYfPICETEYNWwPom37V7sj,Silent Road,Rio Marsh,r&b,energetic|aggressive,0.566,0.461,0.386,116.4,-5.07,0.042,0.525,0.108,0.272,184928,7,0,4,44
HtBcoTymHoL0zTXIFI1G3t,Neon Horizon,Ezra Shaw,latin,playful|uplifting,0.669,0.706,0.769,117.7,0.0,0.108,0.35,0.0,0.084,174281,5,0,3,81
vpiPOdj7utAf2ATQTPEL8s,Hollow Storm,Zara Reyes,metal,energetic|aggressive|nostalgic,0.561,0.912,0.238,132.5,-0.62,0.106,0.0,0.0,0.184,195813,3,0,5,14
9OdfNrDnFFKBizRmG6YLy4,Distant Rain,Reo Shaw,blues,dreamy,0.475,0.605,0.309,69.8,-12.35,0.02,0.416,0.0,0.295,239947,5,1,4,48
MdzlufuFuLvgq3LXWWcKSz,Endless River,Ava Vance,reggae,dreamy,0.868,0.502,0.588,108.4,-6.91,0.123,0.304,0.002,0.273,240149,8,1,4,53
Nt0Hm2c8whDhLDjVvelPn3,Wild Echo,Rio Lark,folk,playful|romantic,0.584,0.297,0.405,111.2,-6.64,0.0,0.76,0.141,0.077,320258,11,1,4,27
QeatTPLCMfqaE6EeO5ROl3,Bitter Horizon,Finn Reyes,folk,romantic,0.593,0.219,0.556,101.1,-14.57,0.0,0.643,0.131,0.272,-1000,5,0,4,78
XoxyBGQZpYVdnjwWmy726K,Distant Shadow,Wren Shaw,jazz,romantic|chill|happy,0.62,0.397,0.51,87.4,-11.21,0.088,0.401,0.318,0.275,141157,1,1,3,45
RyfqNSOYMnQzQ7pgXKzl39,Endless Road,Ezra Ryder,reggae,melancholic|tense,0.627,0.562,0.402,83.4,-11.37,0.044,0.201,0.0,0.256,141802,6,0,4,76
dCGD3V99ZT2Pd3t16GgfnV,Distant Echo,Reo Voss,metal,aggressive|energetic|nostalgic,0.33,1.0,0.428,139.6,-0.89,0.068,0.0,0.184,0.167,236337,1,0,4,36
lSL6MyMWM7gusTJl08EadQ,Silent Wave,Leo Hale,hip-hop,romantic|melancholic,0.643,0.666,0.299,87.4,-5.48,0.244,0.0,0.0,0.185,162262,0,1,3,42
PxeULwYAWfEBQ6xvJMkjoS,Distant Ocean,Toma Lark,r&b,dreamy|tense|nostalgic,0.7,0.385,0.513,71.9,-8.05,0.106,0.295,0.031,0.0,221928,11,0,5,41
xU5mwZ5MPAtF8kAHQt2VFr,Hollow Fire,Wren Cross,electronic,dreamy|nostalgic|energetic,0.905,0.958,0.508,131.1,-6.14,0.14,0.071,0.2,0.072,201143,7,1,3,53
hPauHagaJ5PJ4R0AFMFZ9q,Wild Garden,Sena Shaw,latin,aggressive|tense,1.0,0.719,1.0,100.2,-11.09,0.026,0.197,0.014,0.049,220046,4,1,3,44
Y37SB65kGhN7ewalnFsnJ4,Restless Memory,Wren Cross,jazz,playful|happy,0.391,0.318,0.637,115.3,-13.47,0.058,0.651,0.266,0.048,228078,9,0,4,93
pAybKIWV7uLhMJfCWtFUoy,Hollow Ocean,Iris Frost,jazz,nostalgic|uplifting,0.762,0.414,0.72,107.2,-16.42,0.075,0.554,0.3,0.095,205679,1,1,4,66
6Bp2KulvEqEEErpCOkfjoG,Wild City,Cole Cade,folk,tense,0.407,0.25,0.68,117.8,-7.69,0.0,0.702,0.145,0.094,208790,9,1,3,80
auswVhCoyuJxscuUKeKort,Neon Rain,Reo Blake,metal,energetic,0.532,0.974,0.182,152.2,-2.37,0.015,0.0,0.031,0.201,211535,2,0,3,60
zZkGlUThMz6aHFJFWOuOEG,Sweet Shadow,Reo Hale,pop,nostalgic|romantic|happy,0.648,0.682,0.349,123.7,-6.65,0.044,0.098,0.089,0.016,123475,9,0,5,53
WdRPsrxQcCTiMzk8N5UXVb,Broken Horizon,Rio Quinn,r&b,aggressive|sad,0.498,0.544,0.543,77.9,-10.26,0.094,0.0,0.176,0.0,104539,8,1,4,79
rZOuJfT4LY22JDQcGQGtaF,Crystal Road,Toma Vance,reggae,sad|romantic,0.668,0.604,0.754,88.4,-7.05,0.025,0.26,0.158,0.245,254362,3,1,4,53
eXiIguyJpJCYb07lE38H7v,Lonely Storm,Toma Marsh,metal,energetic,0.354,0.853,0.05,139.0,-8.21,0.082,0.0,0.129,0.191,217490,3,0,4,27
AJqR6Gn3BX7WH7hBCkmIzB,Crystal Light,The Ghosts,indie,romantic|playful|aggressive,0.469,0.457,0.442,116.3,-3.45,0.031,0.362,0.155,0.179,313023,5,0,3,56
lvS0ZVIPNVGJebOI6uZuHC,Silent Echo,Zara Stone,classical,tense|uplifting,0.215,0.278,0.678,121.2,-19.72,0.135,0.764,0.745,0.015,150867,7,0,4,61
yaHQhBXR0hfvOxOyBfoPsb,Wild Storm,Cole Cross,pop,happy,0.686,0.582,0.586,115.4,-3.16,0.08,0.175,0.012,0.0,246300,3,0,4,38
pvBPwVS25P0G8c6RoYPznJ,Velvet Ghost,Mira Quinn,blues,aggressive|tense,0.392,0.591,0.61,91.7,-11.53,0.067,0.545,0.096,0.259,179886,0,1,4,31
SpQMcXcUcqwnL68TJbrS35,Sweet Star,Finn Knox,indie,nostalgic|sad,0.486,0.577,0.524,133.7,-6.82,0.039,0.336,0.013,0.287,227849,10,1,4,59
go5bo2OIsyMgRlJgxdgyqu,Wild Light,Mira Frost,pop,energetic|sad|aggressive,0.655,0.542,0.597,104.1,-4.78,0.117,0.102,0.0,0.283,219662,1,1,4,87
rxcJdOKPGNYChD5oPofWvX,Restless River,Kai Ryder,country,aggressive|playful,0.483,0.651,0.702,123.3,-2.57,0.087,0.213,0.0,0.0,135754,11,1,4,21
5YAVMsUxqfQR1KZ4h1o7U0,Endless Star,The Blooms,rock,tense|energetic|melancholic,0.475,1.0,0.549,129.6,-6.4,0.145,0.164,0.021,0.077,245927,4,1,5,44
tBq2W5raYkBShmwmsjuwvy,Broken Star,Finn Marsh,latin,sad,0.733,0.625,0.671,100.7,-4.16,0.134,0.203,0.14,0.041,213657,7,1,3,43
IGOdG5rP4H7lSaCkEejzmn,Fading Heart,Jax Hale,jazz,melancholic|sad|dreamy,0.722,0.31,0.513,111.0,-11.19,0.086,0.595,0.478,0.243,207365,2,1,4,65
O2sWyICOTDWsLRjKsrMNmY,Broken Echo,Cole Knox,hip-hop,playful|tense,0.755,0.591,0.549,89.0,-5.03,0.246,0.101,0.08,0.097,193716,5,0,5,84
h5TTXn3gECMavptc6nJRIo,Velvet Echo,The Roads,latin,uplifting,0.892,0.618,0.682,103.7,-6.2,0.027,0.475,0.031,0.024,146192,10,0,4,52
ehwrX4Q5pKEI6gxFpqZf3u,Faded Dream,The Ghosts,rock,happy|aggressive|energetic,0.509,0.722,0.623,114.8,-4.56,0.129,0.136,0.0,0.001,223560,11,1,4,69
gOYJSj395B9Pg8YXpvc9Ai,Broken Heart,Kai Reyes,indie,nostalgic,0.519,0.579,0.206,134.2,-7.86,0.085,0.571,0.0,0.226,179535,10,0,4,91
7xdInAJfWzJ7ZR7khscC9o,Restless Echo,The Storms,metal,nostalgic,0.276,0.726,0.355,143.3,-5.11,0.0,0.0,0.216,0.096,199062,6,1,4,35
P7sFsG0u5PCNHTI1HNkeok,Endless Memory,Wren Quinn,latin,melancholic|tense,0.807,0.722,0.551,103.2,-0.92,0.091,0.061,0.046,0.143,175249,6,0,4,57
spPfGIzYtxMrDIddE0O11K,Neon Fire,Sena Cade,hip-hop,playful|nostalgic|energetic,0.753,0.737,0.624,98.4,-5.89,0.178,0.0,0.0,0.293,192305,4,1,4,22
dUmhCYjgO4eYoXxLTGasmn,Lonely River,Cole Wells,blues,energetic|sad,0.254,0.718,0.272,121.4,-11.99,0.043,0.325,0.099,0.139,220079,11,1,4,72
neyVriWyz17oohygsd5J9j,Velvet River,The Gardens,country,dreamy,0.518,0.796,0.661,121.3,-8.09,0.177,0.151,0.0,0.161,227410,6,0,5,55
vAXCZZoOwkZAoxMxfEZBpx,Neon Fire,The Horizons,rock,dreamy|tense,0.373,0.705,0.413,138.8,-3.15,0.107,0.409,0.05,0.128,210734,1,0,3,63
sfQtLcxEfFvmjiTF3RN7N2,Restless Ocean,Leo Lark,reggae,playful|melancholic|dreamy,0.531,0.574,0.507,73.0,-5.89,0.101,0.3,0.049,0.161,227972,7,1,4,56
3tzr4ABndgthnta4rEN5O3,Restless Fire,The Horizons,blues,aggressive|chill|nostalgic,0.593,0.376,0.366,71.3,-3.59,0.137,0.352,0.118,0.047,306553,1,0,4,53
ygnP4chgRiCnIo2fQ8HO1P,Broken Storm,Rio Lark,classical,melancholic|chill|nostalgic,0.38,0.165,0.295,100.5,-17.71,0.161,0.628,0.834,0.345,254239,1,1,3,57
sehA3rnrWSlt9QT1e1hq4E,Crystal Rain,Finn Marsh,jazz,playful|uplifting,0.543,0.403,0.788,94.2,-13.02,0.15,0.651,0.185,0.181,152147,11,1,5,49
Z88MZwgOSvNjpr6SBzuje2,Restless Rain,Wren Hale,hip-hop,happy|romantic,0.688,0.681,0.786,104.6,-7.38,0.218,0.0,0.0,0.168,242358,0,0,5,37
BV4YpOgWRa8FIM2RcOEIBK,Crystal Storm,Kai Blake,blues,playful|chill,0.423,0.661,0.439,114.9,-5.95,0.106,0.502,0.051,0.214,324188,10,0,4,34
BWMEcgQBGXxj18x1peQZ1S,Restless Road,The Horizons,indie,melancholic|sad,0.473,0.472,0.311,92.2,-8.15,0.062,0.559,0.065,0.229,234762,10,1,4,100
KjGeHrCUjyzGdz8nV4MMO5,Neon Rain,The Rivers,indie,melancholic,0.63,0.621,0.343,120.6,-8.68,0.013,0.467,0.0,0.068,200917,10,1,3,26
IVVPdzGZmfWhj9Q0hD7LvM,Silent Star,The Skylines,blues,energetic|happy,0.37,0.423,0.672,76.8,-13.36,0.0,0.439,0.0,0.261,130891,9,0,5,41
mrYlFPTFmjmuPFoSF3ql6Y,Electric Rain,Ava Ryder,classical,happy|uplifting,0.191,0.34,0.291,92.0,-14.44,0.0,1.0,0.778,0.19,202112,2,1,3,60
835PZ6a3XKxwS2VRJFFMZ9,Radiant Memory,Jax Knox,r&b,romantic|aggressive,0.626,0.492,0.594,92.5,-9.49,0.0,0.145,0.018,0.38,144939,2,1,4,0
bEvmx8WRcl3qzKr9H1X0sT,Electric Skyline,Mira Quinn,hip-hop,nostalgic|playful,0.783,0.839,0.81,95.5,-7.41,0.189,0.324,0.02,0.13,231755,10,0,4,41
EaHwJ4C9HnENkho8hB08VJ,Neon Shadow,Kai Vance,reggae,melancholic|aggressive,0.668,0.46,0.661,98.7,-10.18,0.138,0.255,0.0,0.089,208516,9,0,4,28
IhgoYnCdQqKrzkt1xutbC2,Restless Horizon,The Memorys,metal,chill|nostalgic,0.431,1.0,0.42,125.3,-3.47,0.0,0.0,0.067,0.086,208353,10,1,4,72
Z7iU6IrFELJWk9vGFVwoDe,Distant Light,Leo Lark,reggae,sad|happy,0.56,0.605,0.724,79.6,-11.77,0.123,0.229,0.242,0.172,240006,3,1,3,71
LvvVobMpFnUh1mqRdoFFNe,Endless Horizon,Sena Knox,latin,happy,0.923,0.712,0.627,90.0,-8.97,0.109,0.041,0.0,0.155,233243,1,1,3,100
itBJr7Epjx4Y6udXB8v1iK,Radiant Horizon,Rio Cade,reggae,uplifting|sad|happy,0.698,0.334,0.5,102.7,-9.46,0.087,0.348,0.0,0.166,235867,4,1,4,52
KMWZY92AI3Z87VqruBu8TC,Sweet Dream,Iris Ryder,r&b,playful|happy,0.91,0.478,0.45,107.5,-9.3,0.002,0.16,0.0,0.2,186550,11,1,3,66
YldhUzPFZuMVMRpc7beo4q,Broken Rain,Cole Cross,classical,uplifting|happy,0.229,0.232,0.792,126.7,-18.93,0.126,0.686,0.604,0.081,152386,4,0,5,62
HYnsU9IZCwkxAbs5JLMj3s,Burning Light,The Storms,jazz,happy|playful|melancholic,0.52,0.307,0.432,142.8,-5.77,0.069,0.602,0.285,0.231,222755,6,1,4,44
RhxKvMbtpgv8bC3172eXFq,Broken Light,Reo Knox,indie,nostalgic|tense,0.684,0.444,0.525,128.6,-6.1,0.132,0.741,0.27,0.264,178558,5,0,5,69
ryLAsxW8PGM5WlqRtf8QIo,Neon City,Nova Reyes,rock,playful|uplifting,0.371,0.669,0.753,135.5,-8.19,0.034,0.0,0.1,0.239,228501,6,0,4,0
61tH66Ktb4aKQtyv2W3Iq5,Burning Memory,Mira Stone,jazz,melancholic|uplifting|romantic,0.483,0.57,0.469,104.8,-15.48,0.096,0.518,0.438,0.26,214591,9,0,4,27
IDhBi2IKCtCBZDBBS8zWdS,Radiant Dream,Sena Frost,electronic,aggressive|energetic,0.544,0.804,0.421,103.8,-6.67,0.066,0.0,0.427,0.064,208151,4,0,4,52
hbOx2PBUYnY5ULPQ0AFcQt,Wild Storm,Reo Blake,classical,happy|tense,0.335,0.096,0.349,109.3,-20.2,0.068,0.94,0.927,0.142,226290,7,1,5,24
uDZuixyOnFq86r7VJrwvUv,Restless Ghost,Finn Hale,blues,nostalgic|dreamy,0.616,0.214,0.772,94.5,-9.77,0.015,0.635,0.35,0.225,207857,4,0,5,30
OTSXjEyKuRG4JFd8TJLr18,Neon Light,Ava Voss,hip-hop,nostalgic|tense|romantic,0.52,0.91,0.507,123.8,-10.17,0.214,0.0,0.427,0.001,263968,7,0,5,83
1zZgBwoEF3XDRHqirFgAsK,Broken Wave,The Echos,latin,melancholic|happy|nostalgic,0.664,0.543,0.419,111.4,-2.71,0.022,0.321,0.013,0.283,108434,3,1,3,66
EQcbHemnW2Vt0VLbjn8XEt,Lonely Skyline,Finn Quinn,r&b,uplifting|sad,0.698,0.536,0.32,91.4,-6.87,0.009,0.218,0.049,0.2,266820,2,0,3,55
jJDM5gqB6wLwgfPjbZm0oK,Golden Ocean,Nadia Wells,pop,uplifting|energetic,0.799,0.713,0.476,114.1,-6.45,0.036,0.085,0.0,0.21,180745,4,0,4,53
UEptOJOXudVpa0Ul3CEYiR,Broken Storm,Nova Cade,jazz,aggressive|playful,0.524,0.471,0.38,123.2,-13.56,0.091,0.595,0.433,0.096,240513,6,0,4,64
WTFL4pUG4QHK1r3MfZk2H9,Hollow Storm,Reo Knox,classical,melancholic,0.258,0.306,0.258,122.7,-20.5,0.004,0.971,0.76,0.128,186238,7,0,4,75
VuFoeQGdjbsbqeT5aDZgKe,Silent Bloom,Talia Voss,metal,aggressive|playful,0.346,0.987,0.413,144.5,-5.68,0.01,0.0,0.166,0.247,224548,11,1,3,28
GtxzC1o94f0oEdScUSTeQS,Endless Fire,Nova Shaw,hip-hop,aggressive|happy,0.636,0.71,0.61,113.1,-6.92,0.218,0.042,0.0,0.167,241511,1,0,3,68
143agQ48sKkAke0ZJN2k63,Neon Fire,The Horizons,r&b,happy|melancholic|aggressive,0.521,0.514,0.45,82.1,-15.79,0.094,0.42,0.0,0.139,232424,7,0,3,81
2bYc9tvdf5uVp7eThK8uN9,Hollow Heart,Mira Knox,blues,uplifting|energetic|nostalgic,0.405,0.332,0.325,75.9,-7.04,0.054,0.553,0.012,0.063,268727,4,1,3,68
Ewa1rkltz3qWdyL4qQVSGA,Electric Garden,Talia Blake,blues,melancholic,0.51,0.409,0.739,85.2,-10.62,0.082,0.521,0.0,0.087,130801,6,0,4,44
FVJy29u4cqrUsf5t5rViN7,Wild Shadow,Reo Vance,latin,dreamy,0.915,0.803,0.732,114.6,-4.52,0.063,0.14,0.311,0.0,215345,5,1,4,56
jqeAUKQGhsj367aCyQIfCP,Midnight Heart,Nova Ryder,blues,romantic|melancholic,0.469,0.553,0.436,82.6,-9.19,0.064,0.615,0.24,0.088,133145,7,0,4,42
afS13DwW9hTVI4aa5C6EJq,Neon City,Cole Frost,hip-hop,romantic|melancholic,0.709,0.574,0.497,112.4,-7.38,0.16,0.0,0.0,0.23,245654,1,1,3,67
a8OLYjhxkC8lVxNFIomB91,Endless Fire,Kai Blake,r&b,dreamy|happy,0.676,0.464,0.455,111.2,-5.29,0.069,0.128,0.048,0.09,217060,1,1,4,28
dInAgVa3JIcjwF0QcYe2z3,Neon Heart,Nadia Voss,metal,sad|nostalgic,0.318,0.852,0.312,131.7,-4.8,0.0,0.183,0.186,0.166,207511,2,0,4,46
y2diXxp3yGFm7jZdNjlu3r,Distant Heart,Ava Cade,metal,happy|aggressive,0.186,0.752,0.599,129.2,-3.58,0.129,0.081,0.138,0.223,245207,5,1,4,66
ByuIsGs999p2TWZYKo9bWa,Wild Light,The Roads,latin,happy|uplifting|dreamy,1.0,0.607,0.843,93.3,-1.57,0.115,0.0,0.111,0.272,185980,4,0,3,73
0pdqEaiFPHKbk2DBqxhmaR,Golden Road,Kai Blake,folk,nostalgic|chill,0.431,0.317,0.501,99.5,-12.57,0.056,0.702,0.336,0.143,198099,0,1,5,85
xSi9Ixeu1x5dhmvkqDffZC,Sweet City,Cole Vance,r&b,sad|playful,0.688,0.645,0.479,104.3,-9.71,0.1,0.015,0.064,0.0,214395,7,0,4,39
O7crVxevBLM61nnZXjEASN,Silent Ghost,Talia Shaw,metal,melancholic|nostalgic,0.47,0.899,0.274,128.7,-4.69,0.095,0.0,0.082,0.195,288114,0,1,4,82
hnEnN2tNfiPuI0eKo5ByLs,Velvet Light,Finn Frost,electronic,sad|chill,0.991,0.853,0.457,129.6,-2.63,0.054,0.0,0.361,0.208,284276,7,0,4,33
SoYP7gICNJLE4AXopRWcim,Midnight Fire,Sena Voss,indie,dreamy|romantic,0.758,0.731,0.455,106.3,-6.63,0.063,0.131,0.0,0.054,216379,1,1,4,18
BGtDcZFPjycVkDuEUGMA8B,Velvet Light,Cole Hale,latin,energetic|sad|romantic,0.812,0.876,0.506,118.7,-5.83,0.032,0.368,0.0,0.161,215435,4,0,5,84
xgHS7zigaKGQO4YP15A1mz,Endless City,Jax Reyes,reggae,uplifting|happy,0.562,0.617,0.637,87.3,-8.24,0.0,0.359,0.269,0.0,182738,7,0,4,40
uG7bBIXeRCMikOsgQNNYDM,Endless Horizon,Kai Cross,country,chill|dreamy,0.59,0.296,0.708,109.6,-4.59,0.028,0.209,0.056,0.304,233737,2,1,4,29
qA5YuIy6SD6VOiydlgneQG,Midnight Light,Finn Stone,metal,chill,0.374,0.676,0.267,169.4,-8.48,0.046,0.107,0.039,0.14,256043,8,0,4,1
V43HHFbs5fvY9uFI8OgpOU,Endless Echo,Ezra Quinn,folk,tense,0.326,0.253,0.416,93.6,-10.05,0.054,0.654,0.006,0.118,173487,2,1,4,35
wP3NEABicHt0a66CHrT6zq,Midnight River,Iris Stone,folk,playful|sad|uplifting,0.473,0.171,0.862,101.9,-6.05,0.062,0.725,0.26,0.34,164838,7,0,3,45
MdDkiTAENrcBQbguXqgoHk,Endless Memory,Toma Hale,indie,uplifting|tense,0.374,0.566,0.575,133.4,-9.59,0.024,0.235,0.283,0.139,266239,6,1,4,50
oxzxFrPJdJ6tmFP7fTt1XL,Neon Light,The Memorys,blues,happy|aggressive,0.517,0.255,0.343,79.4,-4.99,0.008,0.419,0.14,0.205,169701,6,0,3,57
zw1QL3utv8t7UpcdgE4H3r,Burning Shadow,Reo Stone,pop,nostalgic|happy,0.691,0.582,0.332,104.5,-1.14,0.08,0.281,0.125,0.271,239889,0,0,3,54
Azx0X5zK4gcVCdOIRQzW6e,Electric Garden,The Fires,folk,dreamy,0.467,0.262,0.756,91.4,-10.92,0.12,0.901,0.23,0.055,221157,3,0,3,38
R6wd2umsF4FR2qffAakGxS,Faded Ocean,Toma Knox,classical,chill|dreamy,0.325,0.255,0.44,103.2,-17.54,0.024,0.984,0.679,0.221,164821,10,1,4,58
dZ3gz78rUob6QpO9iM9FDT,Wild Rain,Ezra Voss,reggae,tense|playful,0.798,0.445,0.655,89.7,-7.05,0.035,0.338,0.018,0.223,315432,11,0,4,32
zUr6NEjY3YVZGnQXsgKYaA,Endless Dream,The Blooms,metal,melancholic|energetic,0.367,0.795,0.197,133.1,-5.76,0.028,0.063,0.223,0.128,182751,7,1,4,42
HLeavPxEKKKfxX21HVqoqR,Distant Ghost,Leo Marsh,reggae,chill|playful,0.87,0.629,0.818,94.3,-7.04,0.093,0.445,0.119,0.217,183352,0,0,4,67
VYP6r2uNbVEnSU1hjHkeOg,Broken Skyline,Mira Blake,jazz,chill,0.727,0.483,0.486,113.0,-9.76,0.176,0.382,0.533,0.156,250636,10,1,4,35
Oz7iyQnlCzl7qTQ3W4miBv,Endless Shadow,The Gardens,jazz,energetic,0.618,0.437,0.146,78.8,-9.52,0.076,0.445,0.297,0.161,241718,9,1,3,27
1myKZgZHtxrrg3RZLIRoG6,Distant Storm,Mira Quinn,r&b,nostalgic|tense|happy,0.789,0.536,0.697,85.0,-4.89,0.033,0.198,0.0,0.119,194566,10,0,5,26
PvVom9nePCK8XoeYQnPt0F,Crystal Ghost,Finn Blake,country,aggressive|uplifting|sad,0.482,0.587,0.468,106.6,-4.36,0.039,0.254,0.196,0.341,151681,7,0,4,36
8uoG5Pd3PYAmgNSav5n4F1,Burning Bloom,Toma Shaw,latin,tense|playful,0.824,0.703,0.87,112.1,-5.19,0.013,0.247,0.0,0.199,170581,7,0,3,28
WYnIFi2QbCuCMmUgt3PtqP,Radiant Fire,Leo Cade,r&b,chill|dreamy,0.787,0.447,0.731,83.6,-5.66,0.027,0.128,0.071,0.094,271237,5,0,4,62
QOAHvaPCduRh5IjwfP6hYb,Velvet Dream,Finn Shaw,latin,playful|romantic,0.81,0.582,0.55,103.6,-10.67,0.008,0.035,0.007,0.231,154906,7,0,4,1
dTrpraXfalzPxvDyStDxA2,Burning Ocean,Sena Marsh,metal,aggressive|chill|tense,0.483,0.976,0.424,144.6,-4.8,0.017,0.012,0.0,0.205,177398,0,0,4,49
b3A1g1y81vo215Do11Yaun,Fading Skyline,Ava Knox,classical,uplifting,0.445,0.252,0.25,93.5,-17.86,0.129,0.725,0.822,0.091,292667,11,0,3,36
MdoB23DdvKdrhhDQ1KO2RE,Endless Bloom,Sena Blake,blues,aggressive|happy,0.578,0.313,0.497,91.6,-9.98,0.098,0.681,0.21,0.066,223120,6,0,4,40
C2KIG6GjqXnDwNzHVzIRBl,Endless Fire,Jax Voss,metal,nostalgic,0.371,0.925,0.149,118.8,-1.56,0.14,0.07,0.212,0.131,214454,10,1,5,13
2jUQfe1uyCWUH9erbIk6Il,Fading Ghost,Leo Voss,pop,happy|tense,0.68,0.533,0.531,124.3,-8.57,0.045,0.243,0.0,0.189,293143,3,1,4,43
UeTpyZLZbbr5CMdtBUtsMq,Golden Ocean,Toma Reyes,jazz,sad|dreamy,0.465,0.336,0.589,126.1,-12.54,0.08,0.453,0.506,0.192,213235,3,0,5,53
NG2B9RdOB07He591st3fB5,Hollow Ghost,The Gardens,metal,dreamy|tense|chill,0.422,0.898,0.437,158.7,-4.51,0.129,0.0,0.008,0.13,198218,8,0,3,25
SuSElsacodmfxeVYH3AfCw,Faded Star,Jax Marsh,pop,uplifting,0.498,0.78,0.976,130.1,-2.35,0.052,0.273,0.0,0.122,274170,4,1,4,38
ai33Zzonq7N1ijC6WFSWEd,Sweet Road,Jax Wells,r&b,chill|dreamy,0.495,0.349,0.555,105.8,-8.0,0.026,0.296,0.076,0.147,230819,9,0,3,44
R9x3gnNIW5xxZpk57nExaG,Velvet Bloom,Leo Shaw,classical,nostalgic|tense,0.295,0.156,0.41,94.9,-18.23,0.059,0.792,0.812,0.255,254755,5,1,4,17
kJaFm4oxbaATq2SuXuUHc5,Fading City,Ezra Cross,hip-hop,nostalgic|melancholic,0.625,0.57,0.283,98.3,-7.57,0.213,0.166,0.08,0.239,211513,6,1,4,9
ybHdxwIi0RiAjWm7TQfADx,Midnight Dream,The Echos,hip-hop,uplifting|aggressive,0.677,0.733,0.412,118.1,-10.57,0.225,0.134,0.083,0.192,198628,10,1,5,75
VFfpCLLIEaHb3ZS2vpGlI7,Faded Star,Nova Quinn,pop,uplifting|tense,0.643,0.733,0.592,126.1,-6.66,0.113,0.129,0.071,0.11,194580,11,1,4,61
yj8kjaI94QnYrXA1qRrZiL,Faded Ghost,The Citys,folk,romantic,0.531,0.262,0.577,81.8,-9.83,0.002,0.604,0.097,0.155,183335,4,1,3,54
UjNjeyjLHUyatSlFGxSFYZ,Electric Heart,Sena Vance,reggae,aggressive|chill,0.79,0.424,0.328,70.6,-9.91,0.08,0.483,0.103,0.279,209127,6,0,5,49
H7yWbHef45aDgsMVl69nTz,Midnight Memory,Finn Vance,folk,playful|dreamy,0.459,0.085,0.484,96.9,-8.44,0.075,0.786,0.0,0.21,257711,9,0,5,70
3JY8oX8eTLeR7GdZtoG5tS,Lonely Heart,Reo Knox,jazz,playful|aggressive,0.37,0.386,0.806,113.9,-10.09,0.077,0.622,0.52,0.251,230778,7,1,4,14
wNSCtyandiRngieFHhCYWb,Fading Skyline,Mira Knox,indie,melancholic,0.567,0.477,0.32,113.9,-12.59,0.047,0.285,0.143,0.139,238705,1,0,3,81
4KgaKwog7cb50eDMQ1lWue,Lonely Ghost,Jax Marsh,blues,melancholic|happy,0.667,0.542,0.463,99.6,-4.16,0.094,0.513,0.125,0.211,231071,6,0,5,35
p0zc7DFj5FkcOVsxdSTK9J,Midnight Light,Sena Frost,electronic,energetic|sad,0.564,0.525,0.63,113.4,-2.29,0.0,0.312,0.262,0.135,229595,4,1,5,14
QeZU8vgnoQibLzCmd337L1,Silent Rain,Reo Stone,pop,uplifting,0.856,0.743,0.698,121.2,-5.61,0.096,0.181,0.079,0.041,200474,3,0,4,52
Lu3GbSabYJtgzjRyFxcfTt,Hollow City,Leo Ryder,electronic,aggressive|playful|tense,0.631,0.924,0.381,129.8,-4.5,0.026,0.116,0.353,0.398,202659,5,1,4,53
gGgWP6MbinkagywgMHJ7Ma,Burning Horizon,Leo Knox,electronic,happy|playful,0.876,0.599,0.38,133.9,-7.5,0.024,0.169,0.285,0.008,195042,4,0,3,83
O8smUMRBwBI4V3OJ1WOFY9,Neon Horizon,The Horizons,rock,nostalgic|playful,0.673,0.704,0.683,120.3,-6.31,0.068,0.032,0.162,0.0,263411,10,0,4,24
R6L7C8svne3sxLxwa9J9dd,Silent Bloom,Finn Frost,r&b,romantic|playful,0.418,0.526,0.468,89.8,-5.77,0.03,0.237,0.228,0.209,213888,11,1,3,80
hqTBQtCcj1mAaCshFdYBak,Neon Ocean,Wren Hale,country,sad,0.628,0.501,0.686,107.5,-7.48,0.05,0.138,0.0,0.155,206230,8,0,4,32
NcwXJrJkJhCmNnnW2NVzNO,Electric Horizon,Toma Quinn,indie,uplifting|playful|romantic,0.705,0.655,0.587,124.2,-9.77,0.112,0.538,0.094,0.098,213989,6,0,4,50
q6wdVReP348tpY19KLKjwD,Midnight Wave,Jax Wells,rock,happy,0.528,0.832,0.63,140.5,-0.07,0.0,0.0,0.0,0.071,246362,5,1,4,41
1KhIW9h31KY2HcXwlH2nZM,Golden Road,Finn Knox,reggae,playful|tense,0.733,0.489,0.762,66.7,-8.89,0.04,0.307,0.0,0.231,240572,10,1,4,45
bva2F4gLDcMwFs6Wtw7Trb,Hollow Wave,Leo Stone,reggae,melancholic|tense,0.706,0.589,0.48,92.3,-9.82,0.018,0.18,0.245,0.105,227819,11,0,5,51
ylVAokTEnk9q8oFWcmR3ON,Broken Wave,Kai Lark,r&b,romantic|chill|nostalgic,0.604,0.546,0.658,104.4,-8.48,0.076,0.207,0.226,0.052,184068,7,0,5,52
POVBc7wZUOfLgEYakRrl3p,Hollow Memory,Sena Shaw,rock,romantic|sad,0.584,0.757,0.499,129.7,-10.89,0.049,0.0,0.18,0.227,257528,8,1,4,54
Dy75kbCnqDIE4YWoUwthr0,Crystal Ocean,Finn Stone,rock,nostalgic|playful|sad,0.36,0.707,0.531,136.7,-8.21,0.099,0.078,0.125,0.223,176695,1,0,4,37
tJQxEGV4gzx5BaHH9d4RY8,Wild Dream,Kai Marsh,rock,chill|aggressive,0.526,0.659,0.507,135.8,-6.06,0.052,0.183,0.0,0.232,179157,9,1,4,39
qKmSfHfmC6iWjLVmHVatva,Lonely Horizon,Zara Voss,indie,uplifting,0.539,0.609,0.668,120.1,-4.81,0.176,0.376,0.139,0.2,188100,6,0,3,41
FZSXJgJexw5nQLlxSGIpc7,Neon Dream,Reo Reyes,country,happy|energetic|melancholic,0.522,0.671,0.389,129.4,-10.8,0.11,0.233,0.079,0.171,242957,11,1,4,54
GeavSbpLfAEIelHGQpCNOo,Radiant Star,Rio Cross,rock,playful|tense,0.454,0.917,0.462,135.9,-3.59,0.053,0.0,0.034,0.14,262468,10,1,5,82
0GAg3RfvBZ4R1YXWkod0Sy,Restless Star,The Waves,latin,aggressive|happy,0.517,0.796,0.83,117.1,-5.37,0.146,0.29,0.0,0.014,180338,3,0,3,18
isJCtGvzln0CIPJBSeE7oZ,Silent Storm,Finn Vance,rock,playful|energetic,0.564,0.742,0.974,137.2,-6.06,0.0,0.212,0.0,0.269,232815,8,0,4,37
7TpRpEV11xAXf53GrwovEC,,Cole Marsh,folk,playful|melancholic,0.428,0.389,0.512,102.1,-11.8,0.104,0.941,0.124,0.242,233614,8,1,4,65
sirrualw12yFOdjhEZHlNv,Faded Star,Nova Cade,country,tense,0.518,0.838,0.78,107.8,-9.55,0.021,0.512,0.0,0.339,236389,9,1,3,37
50J8aGUyuu2haHAX2gN0LD,Midnight Garden,Zara Hale,electronic,dreamy|energetic,0.606,0.827,0.518,126.4,-9.62,0.055,0.0,0.577,0.232,205892,7,1,3,29
tHynOjJeaR6QFQVWaYvzd3,Crystal Road,Zara Stone,metal,happy,0.309,0.876,0.435,137.1,-2.22,0.161,0.0,0.121,0.206,179144,5,1,4,57
kssSxyMDSLfGfsnoWS540y,Radiant Storm,Wren Frost,country,aggressive|happy,0.579,0.551,0.467,128.5,-5.34,0.0,0.411,0.203,0.115,192840,1,1,4,15
UdITY27U0RhGDWuHJcsgsO,Midnight Echo,Rio Stone,reggae,energetic|happy|nostalgic,0.821,0.626,0.891,98.3,-3.25,0.0,0.263,0.073,0.097,191901,6,1,4,74
RkfYmr2Tuv1CMNMb6cElvz,Burning Star,Rio Cross,country,uplifting|playful|aggressive,0.662,0.656,0.609,114.5,-9.98,0.0,0.514,0.088,0.155,223152,10,1,4,55
xZLQSPmViU8ir3MyEnDfLA,Restless Road,Iris Blake,blues,happy|uplifting,0.728,0.371,0.383,73.7,-4.29,0.082,0.43,0.0,0.165,179496,6,1,5,58
pRyyFrXIHB1GMLzM3aHXEH,Hollow Memory,Nova Stone,classical,melancholic,0.298,0.276,0.572,93.5,-18.95,0.121,1.0,0.872,0.145,193255,9,1,4,0
trvUjEJAedMvqD0PkJEr5d,Endless Road,Rio Blake,electronic,aggressive|happy,0.59,0.765,0.537,111.9,-7.43,0.07,0.017,0.184,0.075,207021,7,0,4,66
5UEwbgmKPRNn1ZMOluz98C,Radiant Garden,Ezra Cade,r&b,sad|playful,0.325,0.403,0.485,108.4,-10.62,0.016,0.186,0.0,0.141,208071,10,1,5,22
YIhpa8mjVZAitR0NHAtbNq,Burning Ghost,Talia Knox,latin,happy|chill|romantic,0.804,0.556,0.72,85.0,-3.92,0.041,0.264,0.131,0.143,273190,8,1,4,24
Np5q6GkIa6bYRLk0bwp2yu,Midnight Rain,Nadia Wells,jazz,uplifting|happy,0.711,0.351,0.71,102.0,-8.54,0.114,0.194,0.242,0.127,223608,8,0,3,32
DBHA2fPZlEC06U91KV2mZp,Lonely Memory,Finn Stone,hip-hop,happy|romantic,0.522,0.705,0.432,100.7,-6.9,0.183,0.129,0.0,0.395,266211,5,1,4,32
eIteOP84F4pQlOAx0inqOB,Distant Ocean,Nova Marsh,jazz,energetic,0.538,0.275,0.611,96.0,-6.12,0.025,0.536,0.43,0.27,140569,5,0,4,44
5Mh5tRn0vnv40Oq0lvOT90,Hollow Shadow,Toma Wells,latin,melancholic,0.82,0.51,0.637,94.6,-4.66,0.156,0.009,0.115,0.215,277776,9,0,5,33
VubxS4I49iQqdWwQ7uXrAT,Distant Dream,The Ghosts,reggae,uplifting,0.874,0.653,0.763,108.5,-6.65,0.0,0.0,0.01,0.155,283008,0,1,4,27
ryto9WMYqr51WiJbSuqRbd,Faded Skyline,Sena Blake,folk,nostalgic|happy,0.354,0.301,0.528,106.8,-12.73,0.041,0.977,0.037,0.105,215134,1,1,5,45
b5vRxXTxTw87Uy0j4GtMFx,Burning Ocean,Iris Voss,r&b,uplifting,0.567,0.467,0.55,97.6,-3.4,0.08,0.106,0.031,0.037,164321,3,0,5,55
vElU31GpMCHmaR2eJMJB0x,Faded City,Ava Shaw,latin,aggressive|romantic,0.9,0.689,0.756,118.0,-6.04,0.027,0.077,0.0,0.236,131199,8,0,5,61
3cQicFv4Q6icqzY5L6d4Ds,Velvet Wave,The Ghosts,folk,playful|chill,0.366,0.53,0.492,111.8,-7.49,0.096,0.74,0.118,0.08,181638,8,1,4,69
PNVRaheldWmWzF6lNRPeVz,Radiant Fire,Finn Reyes,r&b,aggressive|romantic,0.702,0.527,0.535,94.1,-2.18,0.051,0.325,0.156,0.3,216678,7,0,5,54
O3HolfvkK7cd19FseZVy4y,Wild Echo,Toma Cade,pop,tense,0.544,0.661,0.507,121.1,-5.67,0.049,0.283,0.0,0.153,314149,3,0,3,62
dYzdBD9PpF6DHI4NkeqhIh,Golden Heart,Ava Ryder,hip-hop,uplifting|playful|melancholic,0.804,0.484,0.423,105.5,-1.76,0.17,0.243,0.089,0.331,214564,1,0,4,61
oZUozOD3UuOLWU6rXF7Mf1,Midnight Wave,Sena Knox,pop,melancholic|nostalgic,0.674,0.477,0.365,108.5,-7.94,0.003,0.217,0.03,0.142,165290,5,1,4,41
abjz8XDwvqCwmZTXNBZsYT,Broken Light,Mira Lark,classical,happy,0.308,0.358,0.669,104.2,-19.39,0.068,0.78,0.777,0.134,176723,0,1,3,28
Y8V6qJ710OOaI4SGTB4Sfg,Neon Ocean,Ezra Stone,blues,sad|playful,0.543,0.248,0.367,85.7,-7.54,0.109,0.463,0.211,0.423,185341,3,0,3,3
5Bo6xifvj7AEm0PCheaCWa,Burning Star,Finn Ryder,folk,playful|nostalgic|sad,0.378,0.414,0.353,108.8,-9.12,0.04,0.684,0.105,0.177,136152,10,1,4,28
OSFTEZWoR1KxfyO5ycoUkQ,Lonely Garden,Ava Blake,r&b,dreamy|happy,0.734,0.427,0.349,91.7,-8.87,0.029,0.119,0.0,0.174,237627,7,1,4,8
odPtF6FjvTLAeSfxO9PMTw,Lonely Memory,Zara Stone,metal,aggressive,0.346,0.796,0.523,137.1,-5.29,0.007,0.169,0.149,0.016,144964,11,0,4,11
6mb7KIdw8fOHnq7mr0KnAp,Crystal Light,Zara Knox,latin,uplifting|playful,1.0,0.683,0.567,91.3,-9.56,0.035,0.0,0.039,0.286,248190,11,1,4,80
FtiMOmizHpUtHEbMU8OlL2,Crystal River,Jax Cross,electronic,aggressive|romantic,0.794,0.766,0.582,122.2,-7.67,0.115,0.145,0.296,0.291,181934,0,1,4,45
ZgNC3Vqq6DBvTl2Xitz2Nz,Bitter Road,Leo Wells,hip-hop,sad|aggressive,0.657,0.74,0.588,94.1,-7.81,0.196,0.041,0.06,0.172,138761,7,1,4,45
qRvTH9cFAAtIDHthoIQphl,Endless Light,The Stars,r&b,energetic|uplifting,0.664,0.592,0.538,92.3,-5.64,0.0,0.084,0.0,0.195,217405,0,1,4,42
FBS1wtAgZqggPXLPgcPgsR,Endless Memory,Nova Quinn,reggae,playful|chill,0.819,0.79,0.716,97.5,-3.97,0.036,0.0,0.0,0.054,205944,0,0,4,51
vm01Ma1LgRCsrFK68qa6Ha,Velvet Horizon,Toma Quinn,jazz,uplifting|happy,0.403,0.332,0.97,119.0,-8.88,0.096,0.494,0.126,0.231,196187,5,1,5,45
Ha7kpJ4yuAlAcaJaxLIbQ3,Electric City,Zara Vance,country,dreamy,0.546,0.604,0.49,108.5,-5.18,0.113,0.25,0.0,0.076,221724,2,1,4,0
6WmaDed2Ie5WBKVk8kn3TL,Endless Ghost,Nadia Quinn,pop,aggressive,0.594,0.925,0.601,141.7,-6.37,0.054,0.067,0.039,0.01,228090,10,0,3,16
jQJAnvIX2ptLkT4ymJLX5O,Sweet Garden,Talia Lark,rock,uplifting|happy,0.308,1.0,0.73,123.1,-4.01,0.0,0.181,0.0,0.264,261563,9,0,5,31
PH0Mg4BfQMbwu96JFxnbSO,Silent Wave,Talia Cross,hip-hop,sad|melancholic,0.958,0.676,0.254,108.3,-8.9,0.075,0.232,0.0,0.222,260139,4,1,4,26
hEOkGrvYHtIVErLqc1cK3l,Hollow Skyline,Zara Cade,classical,dreamy|nostalgic,0.251,0.2,0.612,86.0,-19.58,0.0,0.944,0.827,0.12,292077,8,0,3,19
uRjQ6Nivw05SWx3OAGbSSJ,Wild Light,Ava Vance,r&b,chill,0.587,0.304,0.081,89.1,-9.49,0.067,0.29,0.0,0.111,241929,3,1,4,35
KScz5PC5itSrXBdN8xZ9ES,Restless Skyline,Toma Knox,folk,chill|aggressive|playful,0.392,0.326,0.572,112.6,-15.12,0.0,1.0,0.089,0.125,259844,0,0,4,63
rPDtOXRfGa0q4XicRjkmau,Faded Garden,Iris Voss,pop,playful|tense,0.681,0.789,0.536,115.1,-5.64,0.0,0.11,0.075,0.016,209974,11,1,4,40
U9BWyr9GEHkQzt3GEhocdd,Neon Road,Nadia Ryder,reggae,nostalgic|chill,0.731,0.352,0.914,110.9,-9.5,0.096,0.127,0.0,0.227,251523,8,1,4,58
QVynWmEcBM6vPg2eHgLzPh,Velvet Star,Cole Frost,r&b,melancholic|sad,0.571,0.42,0.354,104.7,-7.81,0.021,0.017,0.0,0.173,260653,5,0,4,65
TSyCSYDs80myd1qINa3LHv,Radiant Shadow,Talia Voss,metal,melancholic|energetic,0.345,0.891,0.463,132.1,-7.08,0.014,0.31,0.041,0.271,146073,11,0,3,5
yt9UuHRdIsmfYNAOukUe5S,Endless Wave,Ava Lark,metal,uplifting|energetic,0.37,0.947,0.555,154.0,-5.48,0.074,0.044,0.0,0.265,264295,1,1,4,58
31gOkAHfocFHpC3ngYHSSp,Distant Wave,Leo Quinn,country,tense|playful,0.654,0.563,0.672,125.0,-5.71,0.0,0.246,0.128,0.121,249284,5,1,4,27
ZSDrXnvg6YsMiG0AmiFSdj,Velvet River,Kai Marsh,classical,happy,0.248,0.186,0.404,69.1,-18.66,0.079,0.964,0.903,0.234,223328,1,1,4,38
reTzOlLZJQ8FcZkvjgxUU4,Broken Fire,Rio Frost,country,romantic,0.719,0.553,0.491,119.8,-7.48,0.111,0.361,0.0,0.32,363435,11,1,4,45
sPEj4kqc5u7U7xZ05pcWz5,Broken River,Ava Vance,folk,aggressive|uplifting,0.565,0.388,0.639,102.4,-14.41,0.042,0.705,0.098,0.238,171682,2,0,4,63
zpGxLJeHXjJq4nNKXCtHYy,Faded Star,The Oceans,metal,romantic|playful,0.475,0.986,0.284,144.4,-4.47,0.008,0.0,0.232,0.228,107355,10,0,4,20
46xbgDZuavAR1zwYuHMWNO,Golden Ghost,Nadia Knox,blues,sad,0.703,0.503,0.324,126.3,-10.09,0.019,0.335,0.129,0.205,185855,4,1,4,37
fWQZZf2tTj1d1jJzgi0jnk,Sweet Light,Leo Ryder,hip-hop,dreamy,0.836,0.673,0.603,102.2,-3.92,0.212,0.142,0.062,0.0,185255,1,0,4,46
bgmiCH8MkIQRkqQpvdPL1F,Faded River,Rio Lark,hip-hop,tense|melancholic,0.641,0.468,0.239,99.5,-7.95,0.198,0.075,0.074,0.171,217471,11,0,3,55
ye5raJmaPDcMdzp57pydiF,Velvet River,Wren Wells,country,nostalgic|sad|happy,0.762,0.741,0.696,131.2,-9.54,0.054,0.348,0.0,0.053,217878,0,1,4,28
m8GjerBkMkklk8H2omHUYf,Velvet City,Wren Quinn,indie,energetic|melancholic,0.495,0.741,0.392,109.3,-4.09,0.028,0.17,0.169,0.036,193972,3,0,4,6
klLjqZxyCRbHQ0PKoKTo53,Distant Heart,Jax Hale,pop,uplifting|romantic,0.596,0.742,0.795,92.1,-5.19,0.047,0.184,0.0,0.141,197376,4,1,3,53
fU5Z7NbvpWcLOVrvJExKwd,Bitter Skyline,Reo Marsh,rock,energetic|dreamy,0.596,0.752,0.629,124.1,-11.7,0.068,0.0,0.236,0.308,160699,9,1,5,54
rJpVx9Py3xcJOXyKiQ1iD2,Midnight Skyline,Mira Frost,electronic,nostalgic|sad,0.857,0.792,0.216,131.5,-3.85,0.006,0.0,0.466,0.105,272761,4,1,4,58
0q8dVuKztEcpmB0rk1s1Xu,Velvet Shadow,The Roads,rock,tense,0.645,0.799,0.496,127.5,-7.56,0.054,0.1,0.0,0.186,178754,6,0,5,54
mYhcMevR17AIpP6bN65Vxp,Broken Skyline,Cole Quinn,hip-hop,chill|romantic,0.919,0.627,0.47,86.4,-2.52,0.146,0.202,0.135,0.218,214122,1,1,4,69
HfVcUeUcgis1sHXaxzMOt8,Silent River,The Citys,r&b,chill|uplifting|happy,0.529,0.619,0.511,92.2,-4.59,0.0,0.097,0.0,0.005,325845,11,0,4,58
bT9Asd4qfiedDcQ2rR9neb,Distant Ocean,Sena Reyes,jazz,tense|uplifting,0.498,0.446,0.922,97.3,-12.21,0.0,0.683,0.278,0.13,143068,9,0,3,39
bKwhrUi7DEdRjevXoIyhg9,Crystal River,The Lights,reggae,playful|melancholic,0.859,0.502,0.786,101.0,-8.49,0.079,0.408,0.062,0.183,178529,1,1,4,42
h2ScFmF5eljaCjuUcIPtu0,Neon Rain,Toma Wells,rock,tense,0.492,1.0,0.463,129.3,-1.99,0.0,0.022,0.105,0.227,217006,11,1,4,62
13Lg8XT1rXdbZMNRGhk1U3,Radiant Storm,Leo Marsh,country,melancholic|romantic,0.514,0.521,0.53,112.3,-6.3,0.007,0.361,0.0,0.0,164284,9,0,3,30
pI7TBOM2z1B5rJe4fcve8X,Neon Wave,Mira Shaw,jazz,nostalgic|energetic,0.488,0.292,0.277,95.0,-11.15,0.092,0.374,0.145,0.101,143429,2,1,4,44
NYoOwfTS34omVWgwDKldJl,Lonely Light,Nadia Quinn,indie,happy,0.624,0.429,0.576,105.0,-6.67,0.113,0.269,0.041,0.197,131012,4,0,5,42
bJraRpNbVKlQPQ8Ez5EnWA,Midnight City,Sena Hale,blues,happy|aggressive,0.518,0.439,0.45,99.4,-12.13,0.0,0.377,0.199,0.291,236560,6,1,3,83
ncAONlxdSTLWG1cw9x5B7s,Fading Dream,Ezra Reyes,country,chill|romantic,0.517,0.463,0.463,103.1,-4.58,0.074,0.588,0.03,0.155,221189,9,0,5,39
AFHqNapi18fCCrK19SfhXE,Hollow Storm,Ava Cross,country,sad|melancholic,0.568,0.556,0.691,107.2,-4.57,0.073,0.543,0.177,0.002,181863,8,0,4,26
zc6m8LdnBFsJBC2x4zE8x2,Velvet Road,Wren Voss,folk,uplifting|playful,0.354,0.485,0.322,87.7,-5.31,0.127,0.969,0.236,0.0,205474,8,0,5,40
jZ3aGj2pq6g0XzaMRNbKDw,Restless City,Cole Blake,r&b,aggressive|melancholic|romantic,0.615,0.658,0.454,97.5,-11.57,0.036,0.205,0.052,0.135,188370,8,0,3,56
SkDS14CiBgbvrXPY28ckUy,Midnight Skyline,Ezra Wells,country,dreamy|uplifting,0.61,0.544,0.718,114.1,-9.02,0.01,0.251,0.0,0.0,202308,10,0,4,49
9eIcloIsJCAfYOttqoUT2o,Endless Memory,Kai Cross,rock,romantic|energetic,0.458,0.646,0.418,133.3,-2.76,0.051,0.22,0.0,0.163,240565,9,1,4,20
I7Yvk2mszU8QfueY59khW0,Hollow Garden,Ava Wells,indie,sad,0.747,0.45,0.526,106.7,-8.81,0.058,0.268,0.152,0.307,238375,9,0,4,46
qSO6cOQtUsOvbSo4KJzmH4,Velvet Fire,Nadia Vance,country,playful,0.669,0.507,0.472,118.0,-7.36,0.035,0.635,0.0,0.079,245595,8,0,5,52
bEbD5MZgNcYsTHSFHB8bew,Golden City,Rio Voss,jazz,dreamy|sad,0.717,0.307,0.457,101.1,-9.73,0.072,0.747,0.344,0.301,207878,1,1,4,31
DZ6toH2ic0mMw0RdPTZdCG,Hollow Storm,Wren Lark,metal,happy,0.239,0.872,0.28,145.1,-3.39,0.144,0.0,0.093,0.106,207950,10,1,4,56
erlqErfwW1f1BVojNuBATe,Wild City,Jax Ryder,classical,romantic|uplifting,0.388,0.323,0.682,83.5,-22.01,0.047,0.574,0.826,0.173,229852,3,0,4,83
tb5Udd0ULjuARGYm52Rv7M,Hollow Shadow,Rio Knox,rock,aggressive|chill|happy,0.433,0.825,0.415,128.2,-5.93,0.041,0.144,0.0,0.218,186028,1,1,4,47
Z0PXB9vlKo6QyExylDxWqv,Wild Horizon,Ezra Voss,electronic,aggressive|energetic,0.559,0.658,0.995,131.9,-3.92,0.046,0.059,0.252,0.353,224097,2,1,4,20
29ae8JUPDyXS3Mk1Cdr2pG,Sweet Road,Mira Shaw,folk,nostalgic,0.365,0.621,0.52,98.9,-12.56,0.151,0.793,0.0,0.049,216296,8,0,5,26
utr32lZrdjN5Xq04IWatSB,Bitter City,Toma Cross,classical,aggressive|nostalgic,0.126,0.268,0.27,101.5,-19.76,0.105,0.846,1.0,0.247,198284,11,0,5,24
ny7E2fpVHUFmesbSOn5eKS,Electric Ghost,Leo Wells,folk,chill|dreamy,0.483,0.414,0.344,113.4,-12.75,0.076,0.813,0.2,0.189,209073,6,0,4,63
OOliqFzP47JBCcRDgz1CfO,Wild City,Cole Shaw,country,aggressive|melancholic,0.714,0.438,0.473,89.5,-4.85,0.0,0.314,0.0,0.296,234407,4,1,5,50
sE130Wg9ew4uHl2l8eJh0K,Crystal Dream,Ava Shaw,indie,aggressive,0.691,0.816,0.702,129.1,-8.15,0.028,0.346,0.492,0.154,186646,7,0,4,39
4skwua2o9xppS6VVU9l0Uf,Golden River,Ezra Cade,r&b,chill|nostalgic|sad,0.703,0.314,0.115,99.0,-6.74,0.122,0.0,0.0,0.0,206164,3,0,4,59
e5rZ7nvtxyZ63mYz3ENGGR,Lonely Light,Rio Wells,metal,playful|chill,0.261,0.813,0.498,126.5,-4.07,0.137,0.0,0.106,0.056,219718,8,0,4,32
0TYbri3LsjNN3iWefN1lrC,Wild Echo,Wren Cross,jazz,uplifting|romantic|nostalgic,0.475,0.514,0.443,117.1,-11.69,0.095,0.714,0.419,0.226,190174,2,0,4,49
Q8XRxNw8tFBfBJWdUOyGc8,Lonely Heart,Ava Vance,pop,dreamy,0.526,0.56,0.519,122.4,-2.53,0.067,0.149,0.068,0.127,160495,3,0,3,44
lgV4gh6wrKvNOVPPNiKfWR,Restless Bloom,Leo Cade,blues,uplifting,0.456,0.431,0.413,112.8,-5.58,0.043,0.585,0.0,0.371,138057,7,1,4,67
b44eA0HagWfv50QnVAbNys,Velvet Bloom,Sena Ryder,rock,energetic|sad|nostalgic,0.509,0.899,0.395,123.6,-1.24,0.071,0.11,0.199,0.061,253398,8,0,4,70
RJIV2JP9S0Ib3ZtMFcqArJ,Crystal Road,Leo Cade,country,happy|chill,0.574,0.608,0.616,89.8,-11.96,0.095,0.383,0.096,0.163,225109,6,0,4,27
LeSz0XzFCRbN3RxjeG61vR,Bitter Ghost,Kai Ryder,blues,uplifting|sad,0.348,0.627,0.597,76.5,-4.54,0.125,0.342,0.052,0.062,199574,9,0,3,47
EbnCEnWfjdx9JYJAKPStHw,Velvet Heart,Zara Shaw,pop,tense,0.872,0.858,0.654,128.6,-5.68,0.113,0.068,0.0,0.084,184443,3,0,4,27
c9rG0wtUQgU2X9ViRmQqG7,Electric Horizon,Ezra Lark,jazz,chill|nostalgic,0.69,0.37,0.423,109.1,-10.1,0.067,0.728,0.318,0.277,252327,11,1,3,39
e61dNmQihvjLqgFZBhhg42,Fading City,Jax Ryder,indie,uplifting,0.551,0.489,0.463,114.3,-7.36,0.131,0.437,0.0,0.361,220742,9,1,3,10
noSbhADL0yvxOyPD5ploJU,Velvet Ghost,Leo Stone,indie,chill|aggressive,0.439,0.719,0.64,117.8,-7.43,0.013,0.286,0.155,0.131,182154,1,0,3,55
UNxaNW56UrkHPeBIozjv8C,Restless Skyline,The Citys,hip-hop,energetic|playful,0.783,0.714,1.8,96.8,-7.01,0.26,0.1,0.0,0.136,279742,10,0,4,44
wTYxkNBqpOuiigEmiJtjqX,Bitter Garden,Jax Cross,pop,happy,0.758,0.549,0.931,128.8,-3.47,0.016,0.331,0.0,0.256,145359,5,1,4,59
gsx9W3yiUxodnd4ir2eoba,Electric River,Ezra Wells,rock,tense|energetic,0.556,0.718,0.42,141.6,-3.76,0.055,0.161,0.142,0.095,201185,7,0,4,61
dVtKDzN7PENLV9H7CSlwzQ,Faded Light,Ezra Reyes,jazz,sad,0.502,0.572,0.244,114.0,-13.81,0.154,0.546,0.53,0.185,231310,7,1,3,54
h6gN3sFudQ8XwOlicgej41,Restless Horizon,Mira Marsh,pop,nostalgic|tense,0.678,0.762,0.418,112.7,-4.46,0.012,0.197,0.0,0.183,223276,0,0,4,65
ALFcFhhMHZTLv5eYhhxFI5,Endless Shadow,Kai Hale,electronic,sad|uplifting|playful,0.564,0.568,0.547,117.9,-0.95,0.129,0.234,0.381,0.251,201864,6,1,4,25
2nCeZrDPJFw3bHQbwPSDOe,Broken Garden,Ezra Ryder,reggae,happy,0.462,0.488,0.706,103.2,-10.92,0.031,0.217,0.128,0.319,106140,11,1,5,31
VDhhIHeAeHkVFTCPos0CDs,Faded Light,Zara Stone,indie,dreamy|melancholic,0.457,0.557,0.385,142.9,-12.86,0.094,0.344,0.054,0.062,238532,0,1,4,25
rOX3OwvQCMDOZbUDMYUdE5,Endless Heart,Cole Lark,electronic,happy,0.691,0.748,0.396,104.5,-5.47,0.017,0.004,0.308,0.139,136428,1,0,4,46
vYP6Oku21gFEsOIwBuj7Pz,Fading Shadow,Talia Hale,r&b,chill|melancholic|sad,0.719,0.696,0.443,104.9,-5.89,0.124,0.286,0.073,0.037,192001,6,1,4,43
GDAdNAC8oCkxcdKpkhVKvy,Radiant Echo,Kai Frost,hip-hop,aggressive,0.865,0.712,0.512,95.9,-3.36,0.229,0.098,0.02,0.165,180931,10,0,4,71
eg5VbZcY4RkcIKyFzVctd8,Hollow Shadow,Jax Blake,classical,sad|playful,0.545,0.316,0.289,81.8,-19.6,0.114,1.0,0.705,0.147,274503,2,0,4,44
5llcF0c5snfYRc7DDkkjJD,Wild Bloom,Wren Hale,r&b,melancholic|chill|uplifting,0.912,0.435,0.637,104.5,-9.12,0.032,0.0,0.056,0.241,224586,10,0,4,93
cPwlR7Lj8nHox79kjnDFvc,Wild Rain,Ava Cade,country,uplifting|energetic,0.686,0.578,0.356,98.2,-13.13,0.037,0.547,0.0,0.291,177047,8,0,3,73
DLpmQLKEdih44tQyeVyN1V,Golden Rain,Nadia Reyes,reggae,sad,0.832,0.499,0.513,105.3,-12.74,0.048,0.25,0.082,0.049,162598,5,1,4,65
4cvanuAX01kp8C0lWrzQrX,Crystal Ghost,The Stars,metal,nostalgic|sad,0.51,0.762,0.085,145.0,-4.55,0.0,0.0,0.096,0.139,261159,0,0,5,33
lwMTkRDlY9LezMs8iWji42,Radiant Shadow,Rio Ryder,metal,melancholic,0.288,1.0,0.38,143.5,-3.07,0.004,0.024,0.0,0.227,216056,7,1,3,37
JnpQsdGmU0ZmEGnz2Ohw1O,Faded Skyline,Finn Cade,classical,dreamy|happy|playful,0.335,0.118,0.508,110.2,-16.04,0.123,0.872,0.65,0.3,145148,8,0,4,23
3aNjJcp5oCZfqjRhnZEsC0,Neon Garden,Rio Quinn,r&b,dreamy|playful,0.708,0.394,0.367,97.6,-6.22,0.068,0.202,0.047,0.15,227259,0,1,4,64
ElZ6GfYN1wNGgO6QA6eQGb,Faded City,Ava Cross,indie,happy|sad,0.453,0.548,0.395,115.1,-6.06,0.012,0.3,0.0,0.128,147929,6,0,4,45
l5jgZuwpjudXgzN3LmX3lK,Endless Fire,Nova Cade,country,tense|playful,0.52,0.528,0.441,109.0,-5.86,0.0,0.61,0.014,0.164,245393,2,1,4,62
jPKzzVt69EeRfGfn65iQaD,Silent Echo,Leo Reyes,latin,playful|chill,0.81,0.705,0.491,119.4,-6.04,0.081,0.354,0.0,0.183,254978,11,0,4,53
wNN8WLe89My0ALCzdVlimy,Wild Rain,Cole Blake,classical,chill|dreamy,0.206,0.383,0.251,92.0,-22.65,0.002,1.0,0.751,0.333,250945,11,1,4,52
lRti9PgZTYL1EmGfQU3ZRK,Midnight Memory,Sena Blake,indie,chill|happy|energetic,0.52,0.799,0.499,100.4,-7.57,0.087,0.437,0.0,0.037,215721,4,1,4,48
PBUmRTsoeSC9eMR9O9e5yo,Velvet Ocean,Nova Frost,classical,nostalgic|energetic,0.35,0.062,0.389,102.0,-16.54,0.094,0.817,0.926,0.2,241517,1,0,4,93
UqvXJScl7G7twDhRJAK9Rg,Faded City,Finn Quinn,folk,playful|uplifting,0.257,0.135,0.564,106.2,-11.24,0.048,0.86,0.0,0.138,205851,8,0,5,70
fBgB0aurpoCRbEWQYS1pyE,Broken Shadow,Talia Knox,electronic,aggressive,0.667,0.86,0.579,132.8,-3.97,0.007,0.051,0.475,0.138,224453,11,1,4,24
j2drfJBkNmeNWgPy4CJ74O,Endless Road,Toma Cade,latin,melancholic|energetic,0.9,0.64,0.704,117.3,-4.16,0.0,0.26,0.185,0.241,168669,6,1,4,66
sToI2U57rdoM3Di2yEvswC,Hollow Wave,Ezra Reyes,latin,energetic|nostalgic,0.79,0.822,0.563,104.1,-4.23,0.104,0.288,0.11,0.136,254842,1,1,3,45
FGn503tm7wISRQxNLg3MD4,Endless Light,Cole Cade,latin,sad|tense,0.904,0.742,0.774,109.0,-6.4,0.036,0.413,0.154,0.152,189351,1,0,4,0
MWvwmMr7xZdBQKHNvGXQiM,Wild Star,Kai Shaw,indie,melancholic|chill,0.3,0.636,0.492,103.3,-6.84,0.106,0.315,0.026,0.214,269213,5,0,4,69
3cLzD1yjt6jJ98xFqctb8X,Distant Skyline,Reo Shaw,folk,energetic,0.428,0.479,0.58,87.3,-5.41,0.114,1.0,0.0,0.128,184980,1,1,4,30
QPaLbzTPwX096gN2sbFk0Z,Lonely Fire,Finn Blake,jazz,dreamy|chill,0.727,0.512,0.474,113.6,-4.58,0.078,0.796,0.213,0.008,146750,7,1,3,58
YVftCq5R12ClNKdTwxuipE,Bitter Echo,Ava Ryder,indie,aggressive|dreamy|chill,0.542,0.409,0.308,127.3,-8.03,0.041,0.334,0.202,0.107,162210,0,0,5,42
eK6cnTsJmYdJisfnchBYdz,Wild Fire,Kai Hale,country,uplifting|melancholic,0.516,0.638,0.547,119.5,-2.61,0.063,0.446,0.109,0.364,181741,4,1,4,26
j1gO2IkfZyQb4BQmKk9oeH,Burning Storm,Zara Blake,blues,uplifting,0.725,0.442,0.527,97.5,-7.32,0.056,0.617,0.0,0.121,158076,11,0,4,69
CM4upYwBtrQe5eMPRmws6X,Endless Skyline,Rio Cade,blues,chill|happy,0.573,0.663,0.446,113.4,-13.08,0.0,0.578,0.12,0.077,275368,0,0,4,44
EiH5yNpNvpK8OY841fby2T,Restless Memory,Zara Quinn,hip-hop,aggressive|playful|tense,0.772,0.836,0.582,113.5,-7.06,0.216,0.083,0.031,0.091,264364,9,0,4,31
VlbeaR7hOS85S7ZRxRttXt,Sweet Rain,Mira Vance,latin,energetic|aggressive|nostalgic,0.721,0.65,0.914,93.4,-6.65,0.002,0.346,0.0,0.046,219655,8,1,4,70
8HpKeb9nlaSrgUdoOFiGWe,Golden Shadow,Iris Quinn,blues,tense|romantic,0.365,0.23,0.005,88.4,-9.47,0.006,0.585,0.118,0.085,263548,2,1,4,44
kwgDyBB1INNlh5kFsAkg2n,Velvet Rain,Cole Quinn,classical,playful|nostalgic,0.131,0.294,0.401,91.3,-20.29,0.0,0.748,0.856,0.043,275135,3,0,4,31
B2mWCWJ6T0lw9A7sXGwIB6,Fading Garden,Cole Lark,country,melancholic|happy,0.635,0.683,0.767,126.4,-10.52,0.019,0.658,0.0,0.122,246669,4,1,4,74
Ni31vAGDat3kBqy9NFNwc2,Sweet Heart,Ezra Cade,country,nostalgic|dreamy|uplifting,0.451,0.734,0.327,110.0,-10.27,0.149,0.509,0.063,0.057,250376,10,0,4,52
vlhlXX0oJalL0RUsqS0y41,Silent Garden,Wren Blake,electronic,romantic|energetic,0.511,0.771,0.584,128.0,-8.69,0.102,0.0,0.449,0.054,284315,10,0,3,37
5O3ovG3QsKMO1MRN1WeBLw,Lonely Ocean,Wren Marsh,blues,melancholic|romantic,0.396,0.398,0.412,86.2,-10.28,0.0,0.462,0.094,0.282,162218,8,1,4,26
nB2bKINTg73duQasRWuMWy,Electric Bloom,Talia Cross,folk,playful,0.422,0.407,0.73,107.1,-12.08,0.0,0.76,0.148,0.0,232988,1,0,4,61
5s0f4GlIO78AurKc1DJClu,Crystal Heart,Ezra Blake,classical,playful|sad,0.222,0.165,0.354,95.3,-19.83,0.028,0.784,0.788,0.103,268803,2,0,5,61
rhnWx0gk0IqY3Jny2MuXYx,Faded Ocean,Jax Knox,pop,tense|dreamy|uplifting,0.581,0.591,0.729,114.0,-2.63,0.0,0.0,0.359,0.064,196346,0,1,3,62
BhbakTow0eQib7NW3qxLTX,Burning Wave,The Gardens,blues,dreamy|uplifting,0.381,0.494,0.46,100.1,-11.24,0.011,0.322,0.048,0.0,180113,0,0,4,32
JHfOYQS2TRfhUooYENu4Q7,Neon Echo,Talia Voss,electronic,chill|uplifting,0.466,0.675,0.446,128.3,-8.98,0.054,0.0,0.196,0.115,205763,11,1,5,43
UemR8llVd1G8jl4dtsHsQ0,Lonely Road,The Gardens,r&b,aggressive,0.65,0.634,0.463,81.2,-7.31,0.03,0.204,0.0,0.106,213748,9,0,5,21
WgFcThIZXP18o2OYgpFFRr,Velvet Fire,The Hearts,jazz,dreamy|romantic,0.383,0.33,0.563,116.4,-5.69,0.0,0.513,0.283,0.135,211247,10,0,5,42
N97SFNAJxszlffy8CaOdAk,Golden City,The Rivers,hip-hop,energetic|melancholic,0.812,0.543,0.737,100.3,-4.19,0.238,0.19,0.056,0.218,227335,1,1,4,55
prq7MyI6S40LubLi0Kf10H,Fading City,Talia Frost,latin,dreamy,0.729,0.594,0.659,96.8,-3.62,0.113,0.0,0.0,0.265,256196,11,1,3,38
1xAoKqLa8q0yug3stqtASZ,Distant Garden,Nova Stone,jazz,sad,0.459,0.388,0.389,125.5,-6.73,0.115,0.45,0.408,0.189,222862,2,0,4,28
8MgoXBSMN8FvqHoNnFFE5i,Endless River,Talia Marsh,reggae,energetic|happy,0.706,0.402,0.687,92.0,-9.68,0.047,0.129,0.041,0.223,219595,1,1,5,42
Ct6eMEwn0Ed8Rd2BpkpM67,Radiant Star,Toma Knox,classical,sad|playful,0.346,0.602,0.368,91.9,-18.29,0.061,1.0,0.801,0.086,190082,7,0,3,46
XXx4gUdJHwWGKTSLHTQfHh,Electric Bloom,Jax Blake,pop,nostalgic|dreamy|energetic,0.438,0.598,0.68,131.6,-9.7,0.035,0.349,0.0,0.195,252395,3,0,3,28
RDTgXMCiOard173KR8nlsj,Wild Echo,Kai Vance,hip-hop,dreamy,0.733,0.651,0.491,117.3,-8.53,0.234,0.097,0.09,0.095,228038,3,1,5,60
Vb7Fh5if65kxFNZI8LB7Me,Golden Shadow,Leo Quinn,latin,tense|playful|energetic,0.743,0.715,0.728,103.2,-9.94,0.051,0.275,0.014,0.0,216310,4,1,4,6
GKwgBzw26d7g4IddxrsbWj,Endless Storm,Leo Marsh,metal,happy,0.396,0.599,0.806,136.7,-5.22,0.128,0.0,0.157,0.32,219267,9,1,4,53
O0YfVSIrZ6xGe3yo3d7lgl,Faded Dream,Sena Wells,blues,playful|romantic,0.398,0.459,0.429,103.1,-11.75,0.047,0.497,0.057,0.099,264082,7,0,5,40
bxcyYDRsJU7lRwk3jKkus2,Burning Road,Talia Knox,hip-hop,energetic|happy|uplifting,0.963,0.622,0.564,118.1,-8.16,0.223,0.242,0.146,0.311,234821,2,0,4,50
BC3yV2ikA6SEyeFtPCLarZ,Distant Road,Mira Stone,jazz,dreamy|aggressive,0.323,0.587,0.598,115.7,-5.3,0.059,0.535,0.236,0.195,199946,3,1,4,60
SPms2WZGNF68oegBchwy2v,Lonely Wave,Jax Reyes,latin,tense,0.793,0.415,0.876,100.2,-5.25,0.052,0.274,0.099,0.264,144207,10,1,3,12
pvHTVx5wGP88oBquqOJCxW,Radiant Storm,Reo Ryder,folk,chill,0.428,0.17,0.482,105.3,-10.87,0.025,0.844,0.211,0.21,177301,0,1,5,80
ZS46CH3P3B6ZE7lWuodWGg,Crystal City,The Ghosts,hip-hop,melancholic|tense|nostalgic,0.786,0.533,0.34,96.1,-4.17,0.228,0.34,0.083,0.249,189722,7,1,3,53
5gb4aUjUYN9Yx3NPymueZX,Sweet Garden,Kai Frost,jazz,nostalgic|happy,0.46,0.441,0.745,135.7,-9.89,0.094,0.492,0.345,0.007,221382,10,0,4,37
QdnBFuH8ayKXUojTUXXUH5,Faded Fire,The Dreams,indie,happy|energetic,0.622,0.551,0.56,109.8,-4.1,0.041,0.338,0.078,0.406,181889,11,1,3,29
YjCwNkFtA7dfcbzOM6P0CE,Fading Heart,The Storms,electronic,sad,0.851,0.737,0.449,148.6,-7.66,0.026,0.003,0.329,0.0,224264,7,0,3,80
aFd1bga6jWiiUhkSzJ1n38,Radiant Heart,Kai Blake,electronic,tense,0.686,0.894,0.656,125.8,-5.96,0.082,0.0,0.238,0.152,179128,3,1,3,41
NtffYZ8XBo1lJjVjxhKyqX,Silent Wave,Zara Cade,reggae,romantic,0.864,0.444,0.408,84.2,-6.86,0.0,0.143,0.041,0.039,233814,7,0,3,50
7Vk5Tf2HQ9Yj6u1ZqOHdvS,Endless Ocean,Wren Vance,hip-hop,chill|playful,0.701,0.849,0.702,105.9,-4.65,0.253,0.0,0.033,0.01,186166,0,0,4,35
fSnNZOiapgXHACB1UY0Drt,Bitter Skyline,Reo Vance,folk,nostalgic|uplifting|happy,0.464,0.226,0.504,122.4,-11.42,0.03,0.895,0.125,0.0,248771,10,0,4,48
2B8Pt2NMe6OcqYTFhAt0Mu,Wild Road,Talia Stone,blues,aggressive|melancholic|playful,0.45,0.583,0.277,105.7,-10.33,0.116,0.529,0.334,0.025,167205,0,0,5,54
ZDXyB9uqWUIOsiF3tXMXZs,Hollow Rain,Talia Cross,electronic,nostalgic|happy,0.622,0.542,0.369,139.4,-5.04,0.026,0.092,0.346,0.217,174399,7,0,4,76
iptY9vUpnwyAGZkiXWHM9U,Hollow Ocean,Cole Stone,pop,uplifting|playful,0.62,0.681,0.657,107.2,-1.17,0.101,0.104,0.132,0.132,236606,8,0,4,37
fh7fwVXHgOy1jnewpNrkJe,Electric Ocean,Nadia Lark,electronic,uplifting,0.81,0.641,0.601,113.5,-8.53,0.114,0.05,0.399,0.234,232954,7,1,3,59
P8MJ1fdbPL2qsoaciDFoiW,Midnight Ghost,Ezra Marsh,rock,uplifting,0.56,0.617,0.775,152.8,-5.26,0.089,0.0,0.104,0.027,219814,5,0,3,34
MG3243Efrgr29lBU5siLob,Burning Fire,Leo Stone,blues,uplifting|energetic,0.4,0.395,0.629,79.2,-10.55,0.078,0.235,0.301,0.123,201701,3,0,3,31
qpJYLsF4viYG8LEZ0kPtv0,Radiant Storm,Toma Quinn,indie,nostalgic|chill,0.572,0.351,0.49,112.0,-12.28,0.046,0.242,0.153,0.0,283016,5,1,4,22
nKV1PcUwCTNIyy7iVBMl2Y,Velvet Memory,Rio Vance,classical,dreamy,0.29,0.224,0.379,101.1,-19.04,0.124,0.801,0.812,0.111,226377,7,1,5,37
l0wktxHU1FZchogV0heCwh,Restless Memory,Cole Hale,folk,sad|chill|melancholic,0.538,0.488,0.366,85.3,-12.79,0.089,0.724,0.0,0.281,192979,7,0,3,52
RLf6d6wY0rI5XXlvBkU6En,Radiant Light,Sena Hale,hip-hop,romantic,0.786,0.686,0.384,-5.0,-7.41,0.194,0.156,0.036,0.216,202955,10,0,4,68
guozQCYidSLC38V8wc0yyN,Faded River,Mira Lark,latin,melancholic|uplifting|energetic,0.692,0.798,0.878,91.0,-4.02,0.05,0.0,0.0,0.038,199082,7,1,4,73
HczTSQYaTpWApkoRxVhJu3,Neon Shadow,Nova Wells,rock,aggressive|energetic,0.304,0.907,0.556,125.1,-8.62,0.108,0.168,0.092,0.066,205988,0,0,4,44
aDPsYv0RW59CVFE6shP4s5,Hollow Ocean,Zara Hale,pop,aggressive,0.638,0.751,0.391,122.7,-5.78,0.031,0.163,0.187,0.045,173760,4,0,3,0
dl063vbDUyBBc7yKPRwbG7,Distant Shadow,Kai Wells,electronic,aggressive|nostalgic|dreamy,0.732,0.53,0.547,113.9,-4.26,0.102,0.309,0.494,0.139,170581,8,1,4,60
sG2nuLYXydaa4eJQRja5GF,Electric Ghost,Zara Blake,hip-hop,dreamy|uplifting,0.657,0.401,0.773,94.5,-8.06,0.217,0.0,0.015,0.222,180093,3,1,5,11
H9eDVxDAVagGc9HBTCR1uV,Silent Shadow,Ezra Reyes,folk,happy|uplifting,0.48,0.389,0.666,90.6,-6.17,0.0,0.863,0.154,0.0,197554,2,0,4,40
KphpuiTYVFR8BZlYZwvNp8,Restless Light,Nova Reyes,electronic,chill|tense,0.767,0.808,0.562,133.6,-6.63,0.06,0.131,0.132,0.034,198948,1,1,4,45
vbmmszaTEtLA2O9GCuCtPV,Fading Light,Ezra Ryder,country,sad|nostalgic,0.473,0.472,0.45,115.7,-6.79,0.022,0.485,0.0,0.114,176285,8,0,4,41
5XwdnXeventWQyxdITQAuS,Hollow Bloom,Finn Voss,blues,nostalgic|chill,0.535,0.534,0.396,99.9,-8.2,0.039,0.719,0.129,0.228,170314,7,1,3,38
5iNUUN8CA1yxAWk8TXc4A0,Restless Heart,Rio Hale,rock,aggressive|dreamy,0.507,0.851,0.491,106.4,-2.18,0.019,0.194,0.123,0.151,294888,1,0,4,29
nQ66rcNVpvVWGlEVRh64Fm,Silent Heart,Ava Wells,jazz,aggressive|nostalgic|dreamy,0.598,0.418,0.518,102.5,-11.61,0.035,0.507,0.0,0.16,217693,2,0,3,35
SLEfgs3MfD69M1sAeP3Nd7,Burning Wave,Jax Voss,rock,sad|melancholic,0.578,0.682,0.531,127.0,-7.75,0.016,0.278,0.0,0.0,178857,5,1,5,42
bbol8y8ZvdPod4u6iqggrW,Neon Heart,Finn Frost,folk,playful,0.338,0.537,0.444,114.4,-7.84,0.01,0.741,0.019,0.139,173214,10,1,4,42
ORKkWTLEdtXunH9BICzejS,Faded Storm,Nadia Marsh,electronic,nostalgic,0.736,0.853,0.313,126.6,-5.83,0.0,0.0,0.311,0.0,181178,1,0,5,38
J01PK3LT3xp7el36dcHXvK,Golden Rain,The Horizons,blues,chill|playful,0.773,0.484,0.52,114.2,-9.18,0.085,0.392,0.33,0.146,209743,8,0,4,0
5E30zk2eWEY4EM27Q0UU8s,Silent Bloom,Kai Blake,r&b,sad|nostalgic|melancholic,0.77,0.524,0.447,76.7,-7.16,0.093,0.512,0.077,0.173,194268,1,1,4,62
Q3U7rLy0fN5ASPOufNzzkE,Broken Fire,Kai Wells,hip-hop,nostalgic|romantic,0.851,0.746,0.567,98.8,-6.07,0.269,0.247,0.081,0.088,200579,2,1,3,48
9m2SP3MYfFyUVEaQ3WFOaa,Silent Skyline,Finn Quinn,indie,chill|sad,0.419,0.608,0.634,104.4,-11.39,0.12,0.57,0.175,0.004,229024,7,0,4,69
1KtVMfQW2IAIPU01tMPGFS,Wild Bloom,Jax Vance,reggae,dreamy|happy,0.764,0.649,0.643,106.4,-7.77,0.0,0.327,0.225,0.153,329810,4,1,4,59
4unaLjqV9Asnb6GhoijlwD,Distant Horizon,Mira Quinn,country,aggressive|tense|dreamy,0.287,0.459,0.566,99.6,-12.18,0.167,0.35,0.0,0.183,167504,4,1,4,33
ljZQqFCBamJjZR9GdE9edd,Silent Fire,Zara Wells,classical,sad|romantic,0.054,0.249,0.438,86.5,-15.01,0.038,0.836,1.0,0.093,203193,10,1,4,70
C0BJGnJUYzHLYHjwGh9CnJ,Hollow Star,The Ghosts,metal,energetic|sad,0.411,1.0,0.219,164.4,-3.8,0.0,0.13,0.108,0.155,159934,3,0,5,49
8Hq76MzbQm7n7slM61XNUw,Golden Star,Mira Marsh,,uplifting|romantic|melancholic,0.375,0.462,0.513,94.1,-19.35,0.004,0.712,0.629,0.119,210913,1,0,4,26
Cq6BG8YK5KoncxnSFrcQBk,Wild Shadow,Kai Voss,pop,sad|playful,0.577,0.69,0.591,94.7,-1.88,0.042,0.0,0.055,0.168,268803,1,0,5,72
zp8xElqDz2nMJwEWjZzQSH,Crystal Heart,The Shadows,indie,nostalgic|melancholic,0.599,0.474,0.517,112.6,-5.13,0.0,0.242,0.219,0.028,215443,2,1,3,36
uSb7ue3rNbtGWDVowUMFxr,Lonely Rain,Wren Voss,indie,nostalgic|uplifting|aggressive,0.5,0.412,0.514,104.6,-6.24,0.032,0.336,0.0,0.337,160063,9,0,4,19
7pp8cajFaiDXxVd22E1AZ3,Radiant Garden,Finn Voss,indie,nostalgic,0.356,0.681,0.567,108.7,-8.03,0.101,0.528,0.019,0.281,184164,11,0,4,85
zN2X5NRf8wxH47w7Ko3L5Q,Neon Shadow,Talia Lark,rock,nostalgic|aggressive,0.499,0.889,0.345,122.6,-10.83,0.102,0.028,0.024,0.303,243987,0,1,4,49
zKMmn8dpJfuBLuL6cEawVQ,Hollow Bloom,Nova Vance,electronic,tense|energetic|nostalgic,0.691,0.802,0.561,118.7,-6.34,0.12,0.042,0.201,0.22,222731,10,0,4,19
HjeruiIC4ZHLMWL4KziGK9,Lonely Horizon,Jax Stone,folk,chill,0.498,0.137,0.328,110.5,-10.54,0.045,0.73,0.31,0.282,115118,10,1,5,49
KAuqN7JeJrr9aM3pI881Bw,Fading Storm,The Skylines,rock,uplifting|nostalgic|dreamy,0.417,0.763,0.549,146.2,-7.62,0.034,0.064,0.076,0.125,188804,11,1,5,53
Oz3gxa2gi146XRXUo6vdAz,Distant Ghost,Kai Frost,classical,playful,0.297,0.383,0.41,104.1,-13.68,0.075,0.892,0.744,0.122,-1000,6,0,5,34
g7MtFroDj4K1LcTmu3jfSY,Faded Ghost,Ava Blake,metal,sad,0.317,1.0,0.373,129.6,-3.91,0.0,0.0,0.189,0.119,235929,11,0,5,24
RipFCmO7JgYo82YpaN5Ipg,Wild Ocean,Rio Knox,country,sad,0.63,0.497,0.83,106.4,-7.81,0.028,0.46,0.073,0.184,222627,10,0,4,25
cVQ9v6JccdTx6JKQw64SWn,Sweet River,Cole Cross,country,playful,0.598,0.566,0.697,111.4,-5.56,0.031,0.483,0.0,0.216,300077,6,1,5,35
Zs4HH3ZhwQW1OY1h9srBAf,Radiant Bloom,Leo Shaw,jazz,happy,0.527,0.548,0.447,123.0,-11.74,0.054,0.299,0.225,0.012,221675,11,1,5,85
F7ZFBBxMN4wNMckQors7XZ,Silent Memory,Toma Blake,blues,sad|aggressive|playful,0.33,0.588,0.111,84.9,-7.39,0.021,0.429,0.184,0.123,227493,3,1,4,16
QxfOmeRmwBh0g8C5akFGsE,Velvet Rain,Sena Shaw,reggae,tense|energetic,0.794,0.414,0.819,96.8,-6.39,0.111,0.386,0.147,0.02,250852,8,0,4,45
hnOTWuSRRFtaHCtCrb3CmN,Restless Shadow,Finn Blake,metal,aggressive|romantic,0.32,1.0,0.19,115.3,-8.77,0.035,0.0,0.113,0.183,238378,5,1,4,66
isgx7iG9BptJqae9B2XfQC,Golden Ghost,Leo Stone,metal,chill|playful,0.415,0.862,0.577,130.7,-5.0,0.079,0.246,0.095,0.235,223159,5,1,3,2
4EomEB5HraUNfmreOFGeaN,Midnight Garden,The Oceans,r&b,uplifting|chill,0.501,0.458,0.321,84.5,-4.84,0.041,0.229,0.069,0.385,262039,4,0,4,64
Ue23HdIqp5HH4ey0ItHi2D,Neon Echo,Ava Cross,classical,playful|tense|dreamy,0.427,0.345,0.611,89.5,-19.59,0.053,1.0,0.759,0.081,217371,8,0,4,54
EondblFO0ypTiZDlknYFo1,Hollow Bloom,Kai Ryder,country,happy|uplifting,0.657,0.533,0.735,111.4,-6.88,0.01,0.369,0.196,0.275,189634,8,0,5,20
KD4mXt1xgmRQwZNLBsjAdO,Burning Heart,Toma Shaw,pop,romantic|nostalgic,0.681,0.683,0.463,123.8,-9.56,0.106,0.181,0.0,0.216,198505,3,0,4,77
tTdPWkSx7s40lBccAiIWPK,Neon Skyline,Talia Hale,indie,playful|uplifting,0.316,0.514,0.607,121.0,-10.16,0.077,0.327,0.044,0.018,252989,6,1,4,20
DwzxugkG2XZGR4NQvBmImB,Restless Light,Iris Cross,metal,sad|happy,0.466,1.0,0.268,159.3,-5.83,0.048,0.198,0.0,0.256,232917,7,1,4,22
sVGn0YvsRXWvWYDsKGHTOo,Radiant Light,Sena Marsh,hip-hop,sad|nostalgic,0.655,0.682,0.541,95.5,-9.36,0.179,0.14,0.21,0.204,226857,2,0,4,10
YB8IUKOKZTVjVqEg9wEXuA,Electric Horizon,Nova Cross,electronic,tense|sad,0.951,0.833,0.712,121.5,-2.73,0.05,0.0,0.449,0.0,218722,4,1,4,48
qi7kA0oOiAVVihsqum6Egv,Golden Fire,Nadia Knox,rock,aggressive|romantic|happy,0.492,0.782,0.449,138.3,-1.53,0.008,0.025,0.147,0.209,230107,5,1,3,53
NRcnmTy0VKTmfc442vCfKD,Lonely Skyline,Toma Blake,blues,chill|aggressive,0.625,0.405,0.237,99.4,-10.56,0.053,0.305,0.211,0.28,180253,6,0,4,35
NNWNIBGMfMUxaESJBF8KzK,Faded Bloom,Zara Blake,r&b,nostalgic,0.725,0.778,0.377,98.0,-10.97,0.092,0.179,0.0,0.153,224175,0,0,3,65
F26uHWz5n576Cnvnmk4Eci,Bitter Wave,Finn Wells,folk,dreamy|nostalgic|chill,0.31,0.286,0.594,110.9,-9.64,0.133,0.543,0.091,0.03,180776,0,0,4,60
nYN7zUxRYsVmfbvwCFeQc7,Velvet Heart,Mira Shaw,reggae,melancholic|happy,0.759,0.597,0.547,93.6,-8.45,0.036,0.384,0.1,0.06,258774,4,1,4,19
kVgkwT397JBcBiPWaWN5Gg,Sweet Heart,Kai Blake,folk,sad|playful,0.299,0.305,0.428,107.3,-11.49,0.113,0.879,0.026,0.212,297540,3,0,4,13
YAqe4lkZAtCiuSrSoSKV3l,Fading Road,Nadia Vance,indie,sad|happy,0.466,0.556,0.506,119.9,-8.41,0.062,0.395,0.0,0.229,171385,9,1,4,21
BG2lbKgJPJgkjtYXyyh7q4,Neon Star,The Gardens,rock,energetic,0.32,0.854,0.526,143.6,-7.21,0.0,0.242,0.062,0.222,175467,5,0,4,58
PnphCdiQ2w5npFMEaIydt5,Lonely Storm,Cole Shaw,metal,tense|energetic,0.12,0.91,0.182,134.8,-6.59,0.141,0.0,0.0,0.053,193234,1,1,4,19
em75pe7gwfMAGoNsIWYStk,Silent Light,Sena Reyes,rock,chill|energetic,0.468,0.802,0.631,129.4,-4.57,0.045,0.172,0.052,0.275,199155,6,1,4,48
BFfnztA46TmvfV7tuklGWO,Silent Echo,The Roads,metal,tense|melancholic,0.134,1.0,0.209,134.1,-6.27,0.026,0.235,0.097,0.119,190836,5,0,4,60
MFaRysa9Bsfjm7S8YVPeur,Golden Shadow,Iris Hale,classical,nostalgic,0.265,0.029,0.24,92.1,-20.1,0.031,0.756,0.628,0.259,207690,8,0,4,39
y8MOzm07A7tkD7jUel63z8,Wild Road,Sena Cade,r&b,romantic|uplifting|tense,0.7,0.516,0.434,74.9,-12.22,0.022,0.133,0.059,0.044,213644,10,1,4,85
XJVZ8UJ8iZg1CakP8AQ3Eh,Radiant Wave,Ezra Stone,metal,nostalgic,0.532,0.863,0.291,133.9,-6.61,0.031,0.181,0.147,0.222,294361,1,0,4,49
b0AG4l1kGDKuTzetXfWaK6,Burning Ghost,The Oceans,classical,uplifting|energetic,0.437,0.393,0.617,119.4,-18.65,0.078,0.675,1.0,0.03,184193,11,0,4,36
V10U9WVefldiEnb11Pi5o3,Bitter Ocean,Wren Blake,indie,melancholic|energetic,0.397,0.8,0.455,111.8,-6.53,0.025,0.342,0.0,0.183,216258,11,0,4,40
OWNLFWVE6YpI0QDMkCJDyC,Sweet Skyline,Ava Stone,pop,happy|tense,0.402,0.584,0.619,107.5,-3.21,0.071,0.247,0.043,0.279,187045,1,0,4,32
RR2JOtZKNOhLGSCjdl1LGf,Broken Echo,The Horizons,latin,energetic|uplifting,0.962,0.533,0.641,113.3,-7.77,0.057,0.238,0.017,0.147,223675,6,0,3,39
aDW8rK9vd3ssp23kCg01Lk,Faded Star,Ava Marsh,metal,playful|uplifting,0.43,0.972,0.435,167.1,0.0,0.038,0.222,0.195,0.015,189520,3,0,4,36
BoipGgmFa5VuETQsecpEA7,Neon Skyline,Wren Ryder,latin,dreamy,0.991,0.604,0.511,85.8,-1.08,0.038,0.321,0.0,0.145,228709,11,1,3,72
A0GrZEg0mkR6NdY5gXd4l1,Radiant River,Zara Lark,hip-hop,playful,0.69,0.493,0.736,111.0,-5.17,0.176,0.0,0.0,0.261,235083,4,1,4,44
gYr9dIh2iSpvBoZfzF0yzd,Silent Storm,The Stars,reggae,melancholic|playful,0.667,0.587,0.912,96.6,-5.12,0.123,0.498,0.148,0.006,-1000,10,1,5,58
VcwfaP0WVTqEoaOJblHk8g,Velvet River,Ezra Quinn,reggae,dreamy|tense,0.837,0.322,0.545,85.0,-7.73,0.121,0.022,0.036,0.214,242377,4,1,4,24
bWb7fLCAHUUMoprxadqgNx,Broken Dream,Kai Hale,blues,romantic,0.437,0.254,0.651,109.5,-12.26,0.046,0.533,0.094,0.204,243391,6,0,4,11
7MHFiHtXH614eGgIyKzMio,Wild Fire,Kai Lark,country,romantic|nostalgic,0.44,0.579,0.556,126.3,-4.65,0.0,0.584,0.025,0.244,236119,11,0,3,31
LR6s8hEVSk3me5NbeCdSZy,Hollow City,Rio Shaw,jazz,happy|uplifting,0.367,0.401,0.642,99.9,-12.49,0.019,0.603,0.088,0.414,232131,1,1,3,95
05Zk1Auy9wy26SrgRBuzyA,Endless River,Leo Reyes,classical,sad,0.203,0.286,0.259,100.0,-14.01,0.06,0.999,0.679,0.118,230305,5,1,3,23
iwDAfwbTT624pmw30MZOGP,Wild Star,The Citys,r&b,sad|romantic|tense,0.795,0.516,0.323,80.4,-6.64,0.105,0.008,0.0,0.025,241352,2,1,4,18
i03hSSaeTpo5LIK0naKara,Golden Memory,Finn Frost,indie,nostalgic,0.736,0.42,0.314,114.8,-6.47,0.101,0.358,0.116,0.256,268967,8,1,4,17
R6DVMKarzmzM2eXMWK6hHW,Velvet City,Talia Hale,folk,happy|uplifting|playful,0.243,0.257,0.6,96.0,-10.13,0.032,0.829,0.191,0.075,255431,0,0,5,41
SyNgw2rTIOND7IIUfQOqgS,Silent Fire,Jax Shaw,rock,happy|melancholic,0.536,0.733,0.601,123.6,-5.86,0.108,0.314,0.0,0.095,231295,10,1,4,63
x3bgo4Kh6KmHDdC6r1Tft4,Neon Horizon,The Fires,r&b,energetic|playful,0.593,0.593,0.411,116.4,-3.89,0.1,0.28,0.0,0.2,151846,11,1,4,18
nAQkE6oodGQKaptuXstzPG,Fading Memory,Jax Reyes,indie,playful,0.533,0.631,0.697,111.3,-6.57,0.085,0.667,0.0,0.252,155400,5,1,4,57
OPY10G2Z075rzCAeDbMKxh,Broken Heart,Cole Cade,metal,chill|dreamy,0.268,1.0,0.232,141.7,-4.94,0.045,0.122,0.0,0.256,185301,0,0,5,9
ZdWqtrewB211XyRpc86xUC,Neon Garden,Mira Quinn,hip-hop,sad,0.574,0.953,0.675,101.7,-6.05,0.094,0.07,0.0,0.214,162445,5,0,3,28
laQ1nj5UrHMm1XjoPD57E6,Distant Light,Talia Cade,r&b,nostalgic|chill|tense,0.584,0.641,0.535,94.0,-7.29,0.071,0.027,0.0,0.145,157698,11,1,3,73
BYwHvRVCJxz0txfXSLlriC,Faded Memory,Toma Marsh,jazz,happy|aggressive,0.463,0.551,0.72,100.9,-13.59,0.0,0.463,0.298,0.143,260067,5,1,4,50
AXmLCQUe9bmeHIC2X90lFF,Faded Light,Finn Cade,hip-hop,dreamy|tense,0.681,0.529,0.6,107.0,-8.32,0.193,0.012,0.125,0.187,214421,4,1,4,24
vfIUz2uXhwofies5eR2oTH,Silent Bloom,Reo Cross,hip-hop,uplifting|aggressive|tense,0.797,0.753,0.46,107.3,-8.87,0.25,0.035,0.0,0.13,224374,3,1,4,50
lyteViqy95xvjSQ7VMxTFJ,Endless Echo,Leo Cade,folk,sad|playful,0.445,0.579,0.593,106.2,-9.76,0.014,0.505,0.116,0.158,256266,0,0,4,17
Ru02vxCRFpsRPnjJlo4Mem,Silent Dream,Rio Wells,hip-hop,uplifting|tense|energetic,0.926,0.785,0.762,91.9,-8.91,0.219,0.087,0.0,0.165,206525,0,1,4,68
5PmDdOjq6tz2NHrwKINUbM,Golden Ghost,Ava Stone,reggae,romantic|playful|tense,0.701,0.71,0.534,99.2,-7.96,0.026,0.108,0.0,0.0,182299,5,1,4,24
fjUHRrYiR7cL8lDtLpRK0c,Faded City,The Dreams,hip-hop,energetic,0.81,0.761,0.426,85.2,-6.54,0.142,0.0,0.204,0.099,228897,4,1,4,59
aaXI35CFExeNdWcnlk9UBb,Restless Memory,Iris Stone,latin,sad|romantic,0.957,0.779,0.915,103.8,-7.0,0.087,0.183,0.0,0.063,283321,11,1,4,52
pCTB94EpdVwJvIleNB4VrW,Crystal Bloom,Finn Marsh,jazz,chill|sad,0.575,0.476,0.462,113.8,-10.58,0.072,0.52,0.469,0.086,220755,10,1,4,59
7XXvDbQAC5dDF1NTRUUP0P,Neon Rain,Wren Stone,hip-hop,chill|uplifting|romantic,0.645,0.427,0.719,110.6,-7.75,0.178,0.399,0.0,0.036,174050,0,1,5,52
MUZB4oK8r9BHsxGnTgZaZK,Midnight Echo,Toma Frost,rock,sad|energetic,0.54,0.807,0.622,115.4,-4.45,0.035,0.183,0.0,0.154,247543,6,1,4,49
FpBA7V5XTOtK9FcyPN0uLT,Radiant Horizon,Leo Cade,latin,energetic|uplifting,0.769,0.705,0.782,96.6,-3.84,0.136,0.396,0.0,0.209,259734,7,0,5,69
cI3ilidwpiVkcILpKTwyXd,Bitter Wave,Ezra Wells,indie,happy|melancholic|playful,0.507,0.558,0.655,119.6,-8.34,0.082,0.401,0.2,0.174,258633,0,0,3,35
udVzGHOUGxDTBXclD86mhB,Midnight Memory,Cole Cross,pop,dreamy|playful,0.765,0.576,0.662,97.1,-2.75,0.018,0.078,0.101,0.191,226942,7,0,5,64
M0qXXOVuB5tyIAyDzXO7QU,Wild Light,Leo Ryder,classical,dreamy|chill,0.333,0.472,0.477,77.8,-16.91,0.131,0.975,0.781,0.207,204132,4,0,4,34
m9lju2U8QRISooEBXX5kPU,Silent Echo,Talia Lark,pop,happy,0.96,0.658,0.831,145.7,-7.03,0.071,0.17,0.088,0.034,211920,1,0,4,47
H5ykPUrFMWpNnO9n9tGQKf,Fading Heart,The Waves,jazz,playful|happy,0.719,0.503,0.669,90.6,-8.83,0.128,0.423,0.409,0.223,222443,5,0,3,46
VUJi8mFdQVIrrqyI7OubgQ,Velvet Star,The Citys,classical,dreamy|nostalgic,0.409,0.229,0.341,88.6,-20.95,0.123,1.0,0.715,0.106,219427,11,0,3,11
13FQcedBxmzcwsYU0KFflE,Faded Memory,The Hearts,jazz,nostalgic|sad,0.489,0.491,0.399,116.5,-8.85,0.052,0.475,0.455,0.237,258205,7,0,4,51
z31gf0V3JlJKi3fTbEuGBt,Lonely Ocean,Rio Vance,folk,chill|playful|dreamy,0.347,0.363,0.699,94.2,-10.01,0.007,0.473,0.0,0.199,217739,6,1,3,30
IBnq5uQrZL9y7rQRklbAZ0,Faded Wave,Wren Lark,electronic,happy|energetic,0.647,0.851,0.576,109.9,-5.03,0.082,0.288,0.133,0.147,207086,7,1,4,35
sJ6Ip6f5M1W5lCUk7C28Z6,Endless City,Ezra Cross,blues,melancholic|dreamy|nostalgic,0.425,0.484,0.345,98.0,-7.13,0.057,0.318,0.031,0.145,159607,11,0,5,6
d96F3oBeFtuDWqgEONeGrO,Bitter Horizon,The Hearts,hip-hop,tense,0.724,0.782,0.435,97.3,-7.4,0.254,0.16,0.0,0.132,218874,4,0,4,46
OJ3U4eLjDXF8jrspPCTA8s,Crystal Ghost,The Rains,blues,melancholic|nostalgic|aggressive,0.525,0.498,0.515,100.2,-7.5,0.001,0.302,0.179,0.15,220075,1,0,5,54
GDVShMlSRMWa3GYoo8H4i1,Burning Ocean,Reo Cade,indie,sad,0.646,0.419,0.314,130.7,-9.7,0.006,0.46,0.35,0.19,349291,9,0,4,64
Ys7IUBx1MCCQ9uM66DFBEn,Bitter Horizon,The Storms,country,happy|nostalgic,0.409,0.638,0.779,105.0,-4.83,0.127,0.514,0.0,0.044,226576,0,1,4,17
FJGz0vCdCpP0I58xq1zaVV,Distant Shadow,The Storms,reggae,happy|energetic,0.913,0.667,0.813,94.5,-9.52,0.064,0.252,0.186,0.262,211406,10,0,4,53
XW30FzNWndGHInF0RcCMUL,Broken Bloom,Ava Wells,pop,energetic|uplifting,0.607,0.54,0.422,132.7,-5.93,0.059,0.222,0.104,0.231,269371,10,0,5,34
hhTCWXksNHOu1LypqmBx1Y,Golden Bloom,Finn Marsh,rock,playful|energetic|happy,0.408,0.745,0.651,147.8,-3.78,0.024,0.118,0.0,0.331,265255,4,1,4,45
arYvTNKZMkT4cEZf6H3MJ7,Midnight Shadow,Rio Blake,metal,happy|nostalgic,0.288,1.0,0.287,133.5,-0.4,0.12,0.023,0.085,0.062,241075,1,0,5,23
ufZl9p3n7vxLeAYWtVNfwP,Hollow Ghost,Sena Cade,country,energetic|aggressive,0.579,0.761,0.815,139.8,-3.33,0.091,0.443,0.067,0.104,249840,5,1,4,55
DbZzPBNB2ZOXREFGOg02nq,Broken Rain,Mira Ryder,jazz,uplifting|romantic,0.392,0.394,0.882,120.6,-9.24,0.034,0.669,0.292,0.129,-1000,9,0,4,31
84y8nMjMTqOUzxgX5nj6Df,Golden Heart,Leo Quinn,latin,tense|playful,0.89,0.542,0.585,106.2,-5.43,0.048,0.144,0.121,0.406,213491,8,1,3,37
RV8jQp08ZziuLoi3JBxFVY,Electric River,Jax Stone,latin,sad,0.813,0.844,0.709,88.7,-6.8,0.047,0.0,0.003,0.181,216362,9,0,4,54
xhAFKfFCzhRTKBaFNZfgEj,Radiant Shadow,Wren Blake,latin,dreamy|aggressive,0.731,0.692,0.442,108.1,-3.86,0.001,0.235,0.02,0.126,321700,9,0,4,11
YCQFfW1BJkIQNIleIPissy,Sweet Skyline,Leo Cade,rock,aggressive|melancholic,0.575,0.75,0.335,124.4,-4.6,0.093,0.198,0.0,0.036,274673,0,1,3,36
5i9iqk2BmC3JUnzGVfkvqg,Fading Road,Zara Knox,pop,melancholic|uplifting,0.675,0.68,0.755,103.6,-14.06,0.022,0.015,0.0,0.029,230930,11,0,4,37
LpOirt1rQIWorUxhK8Lxu6,Midnight Star,Iris Knox,jazz,playful|energetic,0.495,0.498,0.683,119.3,-8.23,0.061,0.635,0.321,0.1,276803,6,1,4,45
tmQ1CChqN3sJ7EksHqL9iB,Electric Ocean,Zara Voss,hip-hop,chill,0.666,0.607,0.243,112.5,-6.04,0.239,0.091,0.0,0.309,277581,2,0,3,45
iwlOhaPTZLrXjmOwRqFKfn,Golden Skyline,Mira Vance,country,chill|happy,0.366,0.491,0.723,114.2,-7.57,0.0,0.202,0.091,0.231,172296,8,0,4,71
YNSZVQq7nkBYcol1ktdJa2,Endless Garden,Ava Voss,latin,tense|happy,0.798,0.666,0.62,110.9,-10.1,0.094,0.009,0.04,0.039,233519,8,0,4,8
fXliP3GA6y9cb9KLNTD9Ss,Faded Fire,Leo Shaw,classical,aggressive,0.412,0.286,0.391,101.2,-13.54,0.059,1.0,0.943,0.061,253376,10,0,5,22
uMKBGrHSnrWoSiK7RSCI6Q,Hollow Garden,The Rains,metal,tense,0.657,0.97,0.284,138.3,-6.36,0.092,0.0,0.359,0.215,187608,0,0,4,18
MZfVPTV6doxmoz0o5wNjhO,Restless Skyline,Ava Lark,metal,aggressive,0.306,0.662,0.192,125.6,-4.16,0.04,0.0,0.0,0.056,193910,10,1,3,100
evtj25hh25SHWGNZvNqMT5,Electric Bloom,The Ghosts,reggae,dreamy|aggressive,0.796,0.82,0.569,90.4,-2.25,0.132,0.153,0.0,0.135,190018,0,1,3,23
h0ga5ApJklr1rpkywXq96K,Crystal Dream,Zara Blake,r&b,melancholic|uplifting|nostalgic,0.683,0.615,0.351,100.8,-6.95,0.114,0.282,0.082,0.123,337625,11,0,3,38
9MnbsNrdHcM4ec9aALuzNI,Broken Bloom,Sena Hale,rock,sad|aggressive,0.483,0.962,0.538,115.6,-4.13,0.087,0.0,0.25,0.0,240448,9,1,5,35
dyChdKgCNyxgbZZuMk11bI,Burning Road,Reo Stone,latin,aggressive,0.905,0.887,0.64,96.4,-3.3,0.074,0.447,0.065,0.054,278201,9,0,4,40
XAHJGUhaEO7ZOVJ3yTOQpl,Golden Dream,Kai Hale,reggae,melancholic,0.842,0.576,0.741,88.6,-10.45,0.052,0.0,0.012,0.075,187405,7,0,4,39
g4x2gIbCG3rtiqyDBYSYbd,Wild Shadow,Cole Shaw,latin,chill|sad|aggressive,0.668,0.679,0.599,93.5,-2.78,0.029,0.252,0.0,0.291,248400,9,0,4,43
1QTqbS4L9bvt7Ptt2KBkPV,Distant Shadow,Finn Frost,jazz,melancholic|tense,0.367,0.506,0.416,99.0,-14.85,0.102,0.597,0.176,0.202,212897,9,0,3,84
la91pg1XuELLFaz65wYJeg,Silent Fire,Kai Knox,r&b,melancholic|aggressive|chill,0.77,0.231,0.434,91.8,-8.79,0.011,0.0,0.231,0.014,252508,7,1,4,61
l5AafDO9Cl2AvvGe15niYB,Electric Echo,Talia Marsh,folk,nostalgic|sad,0.308,0.387,0.35,71.2,-13.25,0.0,0.445,0.082,0.193,193626,9,0,4,51
DgI7XTYxoohWevzsSGou2A,Neon Star,Wren Hale,blues,tense,0.371,0.424,0.223,74.5,-6.9,0.074,0.269,0.0,0.212,200935,4,1,4,44
yymPNnTdnikgBWJTYGcDag,Bitter Shadow,Nova Lark,jazz,romantic|playful,0.478,0.131,0.457,104.6,-11.47,0.106,0.562,0.417,0.276,252966,5,1,3,36
5trSTvOx4E5BVy7LWTyjwm,Hollow Storm,Leo Knox,blues,dreamy,0.331,0.223,0.638,98.3,-15.14,0.023,0.419,0.195,0.121,184015,10,0,4,38
ad7ilslio99CfzytonQUmV,Distant Dream,Iris Quinn,pop,happy,0.679,0.695,1.0,116.0,-1.99,0.105,0.087,0.0,0.132,170396,9,0,4,78
TSYhUXfF6W1S3pececN3hb,Wild Ghost,The Roads,classical,uplifting|happy,0.54,0.517,0.582,101.2,-20.83,0.01,1.0,1.0,0.158,228146,7,1,4,64
DXTXHo0K5lVMakvYnltrHI,Sweet Horizon,Finn Wells,metal,aggressive|tense,0.521,0.836,0.475,138.7,-5.55,0.09,0.0,0.208,0.333,186546,10,0,4,62
TR33e8ezcUGqRZDIR8hJkj,Neon Echo,Talia Ryder,classical,chill|tense,0.241,0.395,0.813,98.2,-21.76,0.099,0.813,0.748,0.223,265531,4,1,4,44
OxDiNVLfqiyTdEeomYLfro,Sweet Shadow,Ezra Cade,folk,nostalgic,0.543,0.393,0.322,91.8,-7.87,0.09,0.49,0.067,0.088,231096,4,0,3,43
AYDCO3Qnd8N9RDJbp2NNUn,Wild Ghost,Jax Cross,hip-hop,aggressive|playful|energetic,0.789,0.808,0.437,92.1,-5.14,0.236,0.229,0.162,0.106,206585,3,1,4,46
aCpNGtIO8uvaxczGhwgRfq,Hollow Shadow,Zara Lark,rock,tense|uplifting|energetic,0.485,0.821,0.491,142.5,-6.94,0.124,0.0,0.0,0.346,199612,11,0,4,41
wfT22rLMCvnPcesqyVnpIq,Crystal Road,Ava Reyes,r&b,uplifting|sad,0.822,0.425,0.38,99.5,-9.19,0.146,0.256,0.0,0.269,126070,4,1,4,13
KSjP7ljTckT97t4eZFBA6Y,Faded Storm,The Ghosts,metal,dreamy|sad,0.521,1.0,0.306,132.5,-5.12,0.072,0.0,0.0,0.174,180731,0,0,3,66
wLbUhjfnxv6mdhkvoqRmBU,Wild Ghost,Rio Shaw,hip-hop,aggressive,0.661,0.735,0.444,100.2,-3.03,0.175,0.321,0.024,0.061,217743,4,1,4,20
b43wxuokgzZ7VVP6XX4J1u,Distant Road,The Ghosts,folk,tense|happy,0.619,0.289,0.641,117.4,-8.45,0.068,0.724,0.18,0.186,202439,5,1,4,1
gbzORv8X44UlHws9tUmcul,Velvet Light,The Fires,reggae,romantic,0.778,0.373,0.733,88.7,-7.35,0.0,0.279,0.191,0.278,202171,11,1,4,20
lPNsZYa48CKNoM6CEUJG2f,Golden Fire,Leo Frost,latin,tense,0.795,0.78,0.655,117.9,-0.81,0.031,0.043,0.065,0.0,321853,10,1,3,60
2YeuS8zNL1kiLh7PmDOXLc,Broken Ghost,Ezra Vance,blues,dreamy|nostalgic,0.426,0.697,0.328,92.6,-10.53,0.14,0.742,0.0,0.103,215066,0,1,4,58
tiD48yF01DrgBvpXCr6AVy,Endless Star,Finn Hale,indie,sad|chill|aggressive,0.364,0.552,0.523,103.2,-9.89,0.045,0.054,0.0,0.114,242798,9,0,5,55
AOprUVnlufah2fbkQ7Z7JH,Velvet River,Nova Ryder,folk,happy,0.509,0.344,0.762,121.1,-8.64,0.058,0.678,0.0,0.255,235115,6,1,4,33
mXGdlVelquZSIjq2XEVaG9,Midnight Garden,The Skylines,rock,romantic|tense|aggressive,0.504,0.798,0.504,124.8,-4.18,0.0,0.244,0.115,0.029,194861,1,1,4,21
i63aEXSlKDjiYWXpShU7HP,Endless Horizon,Finn Voss,indie,tense|chill,0.615,0.723,0.562,98.8,-7.07,0.071,0.453,0.02,0.116,201513,5,1,4,22
S2MGc9iJtra77jCHmASiQy,Sweet Fire,Ezra Blake,indie,nostalgic|melancholic,0.642,0.536,0.607,126.6,-10.52,0.0,0.218,0.142,0.088,177365,11,1,4,0
9RbaROlMEIaAOEUYJiOrBu,Crystal Echo,The Shadows,pop,energetic,0.688,0.782,0.695,119.0,-8.39,0.102,0.204,0.0,0.205,178626,8,0,4,40
Fjotqire5X4z2dHnJH7PQf,Wild Star,Talia Quinn,hip-hop,energetic|playful,0.688,0.594,0.494,121.2,-7.89,0.236,0.027,0.0,0.0,267584,2,0,4,27
hpPoC7WSuT8R2lfXqwQw0t,Wild Storm,The Gardens,hip-hop,dreamy,0.877,0.904,0.421,99.5,-8.85,0.173,0.338,0.07,0.3,232641,8,1,4,71
cnFqG3ZxPdHnYC1r2ojUdW,Golden Ghost,Toma Voss,blues,uplifting,0.663,0.437,0.58,84.7,-10.97,0.057,0.326,0.034,0.226,264165,9,1,4,29
voGnFXL9clpIU7VL69sYRd,Crystal Light,Ezra Shaw,r&b,tense|playful|energetic,0.352,0.523,0.447,65.3,-9.36,0.108,0.053,0.04,0.356,158916,11,1,4,52
qQiWDuBh3CTp5CjdfE2US1,Midnight Dream,The Roads,indie,chill|aggressive,0.478,0.596,0.45,98.5,-7.65,0.095,0.336,0.0,0.253,266900,5,0,4,20
FOFH51VTGdpbZksWK2ioRR,Midnight Horizon,Rio Stone,r&b,nostalgic,0.745,0.401,0.42,104.3,-6.2,0.031,0.233,0.0,0.042,181602,8,0,4,74
Wxrng06pCVogj7TKxYSbYX,Wild Star,Toma Blake,r&b,dreamy|melancholic|playful,0.591,0.521,0.379,80.0,-14.68,0.083,0.145,0.114,0.282,287108,8,0,4,57
cAlbr8B1DJA6m6cXoIe2yL,Broken Wave,Toma Cade,r&b,happy|uplifting|dreamy,0.675,0.683,0.4,82.3,-8.5,0.041,0.138,0.093,0.0,203624,11,1,4,51
uv4DoaVgGVcHFivGtl2obi,Neon Garden,Jax Knox,reggae,sad|dreamy,0.662,0.55,0.359,89.3,-7.1,0.04,0.3,0.0,0.138,239581,2,1,4,54
kADCWxYLCiDCDhPKGSrAbw,Velvet Rain,Wren Shaw,blues,playful|tense,0.583,0.409,0.787,90.7,-7.85,0.071,0.4,0.202,0.142,247738,11,1,4,59
iKfWFEWmyXbupW0Ma66I6e,Broken Horizon,The Gardens,metal,romantic|playful|energetic,0.377,0.791,0.477,160.1,-5.73,0.012,0.007,0.273,0.085,185289,6,0,5,52
moNRjkE3qPs3xqQSwU9sXs,Restless Skyline,Reo Quinn,blues,chill|romantic,0.116,0.411,0.389,91.5,-12.65,0.041,0.399,0.121,0.36,240991,2,1,3,44
hnEBMI3kmCyf0JiuUM2518,Velvet Horizon,Zara Knox,folk,uplifting,0.399,0.332,0.335,132.0,-9.15,0.009,0.816,0.0,0.111,223588,2,0,4,12
ykkTuW1VgMmmuAiZ9XG3ss,Lonely Garden,Toma Quinn,hip-hop,happy|playful,0.702,0.65,0.838,95.0,-4.58,0.077,0.0,0.077,0.161,196082,6,1,3,94
6NzQAB6ZQDGnbmgFkMVrdN,Radiant Echo,Reo Frost,blues,sad,0.514,0.573,0.672,95.1,-8.23,0.122,0.53,0.176,0.135,157060,2,1,4,44
GUrNVBwpYGvf6Kqcx7zIsW,Distant Wave,Talia Cross,country,happy,0.687,0.431,0.709,124.7,-4.3,0.1,0.311,0.169,0.056,250062,1,1,4,55
i6lvNp5TZhQk4Wl9Ekxr4s,Faded Ocean,Ava Voss,r&b,romantic,0.679,0.451,0.52,84.4,-9.28,0.143,0.0,0.084,0.349,177517,10,1,3,74
zBlzWEN7taMSL129cDnDUi,Neon Bloom,Leo Knox,classical,chill|happy|aggressive,0.197,0.219,0.483,103.2,-20.62,0.112,0.734,0.718,0.022,208492,7,1,3,24
teOrKlZiIo1uTzcTii1Low,Broken Dream,Ezra Cade,jazz,romantic|chill,0.583,0.263,0.358,106.8,-14.29,0.119,0.539,0.326,0.078,209160,5,1,5,47
B73e49cIR0quzm7PeW4qCR,Faded Ghost,The Skylines,reggae,aggressive|uplifting|dreamy,0.69,0.439,0.642,92.8,-7.47,0.022,0.636,0.0,0.069,267821,7,1,5,52
OcNzvegKJ9W5GJCsPtTEmY,Neon Dream,Iris Lark,metal,chill,0.52,0.493,0.394,152.2,-6.67,0.0,0.0,0.096,0.0,284816,6,1,5,29
7k2DTxtf9eU0uBxjEDd6f7,Distant Ghost,Nadia Reyes,r&b,nostalgic,0.769,0.438,0.305,86.6,-9.63,0.128,0.31,0.0,0.108,184698,5,1,4,45
zRzOtKXm3kpFvvS0InGHmU,Lonely Memory,Talia Voss,hip-hop,aggressive|chill,0.559,0.442,0.583,94.5,-4.26,0.221,0.127,0.039,0.054,217367,11,1,3,28
fcKbbj2I7facbn5kVAzA2f,Endless Star,The Citys,classical,tense|chill|uplifting,0.466,0.173,0.098,85.5,-13.78,0.027,0.896,0.664,0.07,230083,4,1,5,15
dWfji04Khx9mxmDuL5kEe9,Faded Storm,Nadia Blake,indie,energetic|sad|tense,0.609,0.51,0.472,101.2,-8.39,0.056,0.432,0.089,0.154,250885,4,0,4,24
J6yqKhFVuaDJW26mg7i9no,Electric Road,Rio Ryder,electronic,aggressive|sad,0.726,0.806,0.52,101.2,-2.42,0.075,0.007,0.352,0.156,127939,4,1,3,28
NTDR34m9PiCHzckZHsSN81,Hollow Echo,Cole Frost,rock,sad,0.475,0.652,0.331,122.1,-4.29,0.013,0.204,0.032,0.238,209870,8,0,4,14
KyxrKUFdvY9N3sqxRQLKgq,Crystal Shadow,Nova Vance,rock,happy|tense,0.402,0.65,0.494,120.7,-7.11,0.046,0.075,0.193,0.227,295219,9,1,4,52
sAIFMEwjfc5dHsJButlwR8,Crystal Light,Zara Cade,reggae,sad|uplifting,0.683,0.419,0.602,98.9,-11.03,0.101,0.21,0.016,0.161,229963,1,0,3,53
a1yqRHPFjTpvWH9XXWUm8J,Faded Road,The Oceans,indie,happy|romantic,0.415,0.379,0.486,120.9,-6.6,0.015,0.415,0.194,0.105,201847,3,1,5,56
nJojS0zWZk3ivdB3YntHnD,Lonely Shadow,Rio Vance,pop,energetic,0.585,0.791,0.645,112.0,-5.07,0.133,0.076,0.0,0.005,197080,2,1,4,55
g2c05hS7brWrnncxWcLId0,Faded Wave,Rio Ryder,country,uplifting,0.544,0.688,0.929,116.1,-8.78,0.033,0.189,0.02,0.091,296645,8,1,4,69
wl2DCyHwDvxSB1X4stjLlF,Restless Road,The Blooms,blues,sad|aggressive,0.51,0.43,0.416,103.8,-10.77,0.044,0.455,0.0,0.268,180979,4,0,4,62
MJCeSslVbU6SoQuD4FCNoh,Neon Fire,The Waves,indie,melancholic|dreamy,0.442,0.621,0.437,136.5,-6.42,0.086,0.298,0.19,0.0,160025,2,0,5,59
d3XT9BuIwGjD4ZBwt7ZOYy,Radiant Wave,Cole Knox,electronic,uplifting,0.404,0.638,0.678,120.1,-3.02,0.071,0.387,0.341,0.26,155202,7,1,4,12
NbDubuzfg7Tw8XwxZgcF7t,Radiant Star,The Citys,indie,tense|uplifting|aggressive,0.407,0.558,0.421,120.7,-7.93,0.0,0.516,0.176,0.061,170551,2,0,4,24
GnPhwWzkP3qldydxO4eXgz,Radiant Garden,Ava Lark,rock,energetic|tense,0.475,0.931,0.649,140.8,-4.71,0.094,0.058,0.023,0.034,276334,11,0,4,23
80SEYpiv8CxN1ih8lpZcZm,Fading City,Kai Lark,blues,dreamy|playful|sad,0.324,0.535,0.65,104.1,-9.8,0.112,0.751,0.353,0.146,214023,2,0,4,35
3bPeKIFI82nwbRut7sxNmg,Sweet River,Leo Marsh,rock,chill|romantic,0.501,0.606,0.641,115.0,-9.95,0.0,0.145,0.07,0.255,229038,11,1,4,48
RySiOLrmAJShmfs4v578oW,Radiant Rain,Ava Shaw,metal,tense,0.331,0.862,0.399,122.4,-2.66,0.043,0.0,0.0,0.364,218386,6,1,4,64
igJdBWB3FivlCLmWUU0sq5,Wild Ocean,Leo Cross,r&b,romantic|chill|sad,0.747,0.521,0.159,104.7,-7.6,0.044,0.182,0.0,0.143,244213,7,1,3,60
wrlZoDpvnSqK2DitHAHN9G,Velvet Skyline,Wren Voss,indie,happy|playful,0.668,0.348,0.596,124.7,-9.83,0.151,0.33,0.0,0.13,215499,10,1,4,24
4F4RTFUviklYf2R4OQkU6c,Golden Rain,The Shadows,hip-hop,uplifting|chill,0.963,0.527,0.553,108.7,-6.42,0.197,0.0,0.0,0.354,223608,0,1,5,67
ImzyAKrOWmA3vGyUN6tNeM,Faded Garden,Wren Blake,pop,tense|nostalgic,0.769,0.817,0.394,114.2,-5.3,0.026,0.09,0.0,0.241,153959,2,0,4,34
GPIHQzgz8Azop0tlYGZcMf,Electric Road,Leo Cade,jazz,chill|nostalgic,0.394,0.461,0.321,99.2,-9.13,0.017,0.551,0.371,0.155,183384,8,0,3,83
l7BEROZPUrM5bDwZowgmGp,Wild Ocean,Sena Voss,r&b,dreamy|chill,0.763,0.504,0.672,112.9,-5.73,0.044,0.181,0.226,0.349,230980,5,1,4,37
AV0xQWBfkrK6JRnoX6tqgt,Burning Garden,Nadia Hale,blues,chill|energetic,0.483,0.397,0.518,103.0,-9.51,0.148,0.415,0.136,0.21,202644,5,1,4,64
GACSq40qX0CHB1H6CmiaDe,Sweet Dream,Nadia Ryder,metal,nostalgic|uplifting,0.479,0.958,0.068,134.5,-6.85,0.004,0.0,0.293,0.058,183415,3,0,3,35
80bwWreKeLZ2WLLtT4SMIO,Crystal River,Reo Stone,hip-hop,romantic|chill,0.575,0.522,0.626,79.7,-6.62,0.169,0.309,0.0,0.004,179843,8,1,4,71
VpwCRro6fJKhcbtP3L7lqz,Golden River,Mira Frost,hip-hop,dreamy|melancholic,0.831,0.586,0.482,106.3,-8.59,0.112,0.159,0.046,0.217,176242,10,0,4,54
7RXiVLw0RCMbnurQc11yrj,Bitter Skyline,Cole Ryder,indie,romantic|uplifting|sad,0.561,0.6,0.295,118.8,-9.33,0.03,0.473,0.029,0.253,257678,7,0,4,46
DjovizrT9Ynyfhp29HY4IE,Golden Road,Finn Quinn,indie,romantic|aggressive,0.58,0.457,0.517,113.0,-7.86,0.085,0.169,0.143,0.131,253310,5,0,4,64
UchBZBGvJ6WADYCHMvoUit,Radiant Storm,Sena Hale,jazz,chill,0.531,0.091,0.541,98.8,-9.91,0.053,0.546,0.261,0.28,209467,8,1,4,59
si318Vm3zImCVHaRnCfDeJ,Hollow Road,Toma Vance,country,chill|aggressive|sad,0.773,0.449,0.507,113.7,-5.77,0.0,0.306,0.002,0.112,177787,1,1,4,70
6NjYQZi4ln3d5s9WlgdoFM,Faded Star,Ava Stone,hip-hop,melancholic|dreamy|energetic,0.603,0.872,0.57,95.1,-4.24,0.17,0.03,0.101,0.0,221590,11,0,4,57
iL1RNiNj4beonCaVsu4E4r,Midnight Star,Kai Knox,indie,uplifting|happy,0.743,0.607,0.546,92.5,-13.76,0.011,0.439,0.131,0.174,260754,7,1,5,57
pJaSbTRn8pJm1p6BVDVX1m,Burning Dream,Kai Stone,rock,dreamy|sad|chill,0.503,0.962,0.527,143.7,-6.35,0.059,0.004,0.031,0.01,193318,6,0,3,41
eVNFVGLT63vTRHLnPPjce6,Golden Star,Zara Reyes,classical,melancholic,0.396,0.169,0.649,96.8,-18.23,0.054,0.767,0.661,0.107,162884,4,0,5,63
haG8IntW8rqjvpFsirMWtf,Restless City,Talia Knox,electronic,happy|energetic|sad,0.974,0.908,0.715,115.7,-9.08,0.035,0.0,0.146,0.306,143635,1,1,4,40
bQV3j2tjwcuMRyngd6yWkB,Sweet Rain,Nova Shaw,folk,tense|nostalgic,0.418,0.312,0.384,96.6,-8.27,0.083,0.662,0.238,0.158,268511,9,0,4,87
YTIOfd8fS95tedUbHU8jw6,Faded Skyline,Nadia Frost,metal,energetic,0.351,0.742,0.467,132.9,-3.89,0.085,0.21,0.024,0.136,237999,9,1,4,32
x1cGtPPLVvQfEV6a6qiZdW,Fading Garden,Ava Shaw,country,chill|sad|energetic,0.333,0.468,0.566,95.5,-5.54,0.008,0.417,0.213,0.236,211809,6,0,4,41
VEabjp0nuIimvZ23bBlDtQ,Broken Ocean,Kai Hale,hip-hop,melancholic|aggressive,0.903,0.751,0.368,100.9,-4.88,0.184,0.098,0.069,0.139,256052,0,0,4,85
CUsPAOsUomodr0bn54cQQ1,Crystal Star,Zara Blake,pop,uplifting|playful,0.69,0.767,0.548,139.4,-7.34,0.163,0.277,0.0,0.119,158586,8,0,4,58
P2XqXpC7mpnel01N3nSHyV,Distant Road,Toma Lark,electronic,playful,0.562,0.65,0.746,111.3,-1.34,0.018,0.0,0.42,0.011,170692,9,0,5,29
XVrzueImRx48MgqBhOkchU,Wild Heart,Zara Voss,hip-hop,happy|melancholic,0.897,0.659,0.368,113.4,-4.97,0.132,0.234,0.0,0.191,198776,9,1,3,47
1MUKBmlgxxoPWp2NYD37um,Electric Garden,Mira Cade,r&b,nostalgic,0.724,0.551,0.188,97.4,-7.13,0.047,0.078,0.0,0.0,227495,7,0,4,6
jJE9VraQHLFxPFTHUq3i6o,Distant Dream,Kai Quinn,folk,chill|happy,0.696,0.729,0.672,106.9,-12.61,0.034,0.621,0.162,0.099,138803,1,0,4,50
ANY10V2mNQ20jawx1f1ZxV,Endless Horizon,Cole Hale,hip-hop,happy|energetic,0.759,0.781,0.33,102.8,-1.26,0.193,0.057,0.124,0.231,162533,2,1,5,50
ajMbobdIgYRYaoMfehPtaF,Distant Ocean,Iris Wells,metal,sad|aggressive,0.392,0.958,0.509,139.5,-6.66,0.096,0.0,0.034,0.131,243585,7,0,3,72
YGj5oJjHOIJg7zfo8DPfL4,Crystal City,Ava Knox,electronic,tense,0.693,0.778,0.628,136.0,-5.84,0.048,0.039,0.251,0.224,216485,5,1,3,1
kmHoWjWiEdtNqp44iE9Ssb,Neon Ghost,Toma Lark,r&b,energetic|melancholic,0.735,0.582,0.377,92.3,-10.07,0.054,0.302,0.0,0.16,158591,8,1,4,92
pQHHTlEoFOX1r5LcLKqQrF,Broken Star,Nova Hale,pop,chill|happy,0.798,0.747,0.807,127.1,-4.13,0.049,0.15,0.049,0.272,250118,10,0,4,47
zmsOJh5qh24PwDDQhJdVC6,Wild Wave,The Echos,hip-hop,aggressive|sad|uplifting,0.893,0.522,0.566,109.1,-5.0,0.274,0.087,0.029,0.09,219243,5,1,4,46
PWMjxbFB3moE1SZoAs2Xmx,Lonely Garden,The Rivers,indie,aggressive|happy,0.35,0.623,0.571,119.2,-9.81,0.1,0.2,0.02,0.14,197414,6,1,5,31
Su8FsEqRsMmzzFou8jgzbH,Lonely Rain,The Citys,pop,nostalgic|uplifting,0.675,0.617,0.784,109.3,-4.8,0.0,0.136,0.052,0.238,196488,2,0,3,64
kZgVusjTZAi1AD2f9HIM0P,Neon Light,Kai Reyes,latin,aggressive|melancholic,0.837,0.784,0.531,97.4,-9.06,0.043,0.162,0.308,0.328,193546,3,1,4,37
bXrvo5o9CUYyLY8DMgSBiD,Burning Shadow,Talia Voss,country,uplifting|happy|romantic,0.486,0.605,0.62,98.8,-6.67,0.006,0.277,0.009,0.103,241213,1,1,4,12
QOx3AoNlegG8DJ5WgVyjyP,Faded City,Rio Lark,pop,playful,0.717,0.78,0.64,120.2,-3.82,0.071,0.0,0.0,0.0,201128,8,1,4,41
QW3LkLo2PzX72Pgy2A3j6U,Radiant Heart,Mira Cade,classical,chill|tense|romantic,0.42,0.073,0.341,119.9,-19.95,0.084,0.773,0.737,0.177,214484,4,1,5,35
qaPJrhTm9GoXGKdgeDu6jY,Sweet Shadow,The Gardens,indie,playful,0.431,0.325,0.518,116.4,-6.11,0.01,0.368,0.216,0.166,286508,5,1,3,49
ai47Jbjk59lRts1yBfSAuf,Restless Ocean,Nadia Wells,r&b,nostalgic|chill,0.812,0.284,0.316,92.2,-6.16,0.045,0.0,0.0,0.118,222738,6,1,3,64
Xz4MeDzXqKJxCC4skCn1uK,Sweet Fire,Iris Vance,r&b,chill|sad,0.551,0.54,0.334,101.1,-3.51,0.126,0.254,0.235,0.41,192540,0,0,4,23
SBAIcFo4ThU8cb7f6CKEEz,Burning Heart,The Skylines,latin,happy,0.707,0.612,0.786,109.9,-2.86,0.043,0.079,0.0,0.087,198044,7,0,5,7
lOOgjV45bkxq0P0bKqgf4m,Faded Ghost,Cole Quinn,electronic,dreamy|sad,0.548,0.732,0.352,130.5,-3.36,0.048,0.065,0.267,0.2,200200,4,1,4,39
d9UQUmT5gsSm2azgtpZlGG,Distant City,Ezra Shaw,latin,uplifting,0.704,0.78,0.62,119.4,-7.59,0.144,0.131,0.0,0.115,194395,2,1,4,34
gQgoQBqBI9Nd49yTI5HDGu,Sweet Horizon,Leo Marsh,metal,tense|romantic,0.275,0.91,0.321,125.5,-5.43,0.121,0.0,0.0,0.277,201154,4,0,4,46
DUWYFmo8Ga3bq5fqQ90mkP,Hollow Bloom,Ezra Blake,classical,tense,0.365,0.417,0.444,86.0,-16.87,0.02,0.765,0.772,0.141,184774,2,1,3,49
qJFHeNot2k5fe5sCPszDu2,Restless Memory,Wren Reyes,latin,happy|playful,0.997,0.754,0.776,118.5,-7.89,0.003,0.216,0.036,0.0,189480,11,0,4,59
uOTnTccXv6yHrh2CjFnrdz,Faded Garden,Talia Blake,rock,playful|energetic,0.425,0.821,0.654,143.7,-12.02,0.092,0.163,0.164,0.148,260315,11,1,3,38
NGmcLjjeWon4DbqQuYScnP,Bitter Light,Reo Quinn,electronic,energetic|aggressive,0.729,0.777,0.484,142.9,-2.34,0.053,0.185,0.208,0.18,311855,9,0,4,42
y53cP8jEGBmUTsI7C0AX4x,Burning River,The Hearts,reggae,uplifting|playful,0.501,0.604,0.608,94.4,-11.54,0.087,0.32,0.009,0.249,266478,5,1,4,34
CWgnreh81iMjOIR1Heark2,Velvet Star,Wren Quinn,latin,aggressive,0.737,0.737,0.393,95.2,-6.78,0.147,0.383,0.134,0.244,178252,7,1,5,76
LYJEGHI9MLKsNO1I34tXr2,Midnight Ghost,The Ghosts,indie,melancholic,0.6,0.464,0.333,123.4,-10.75,0.055,0.564,0.058,0.0,208359,10,0,4,29
dI95G4fvobkLonm9yZ6DCd,Distant Shadow,Mira Frost,classical,melancholic|sad,0.254,0.219,0.423,114.5,-18.46,0.036,0.866,0.742,0.107,283716,7,1,4,45
lFrligiQ0hfV1W16utPrtP,Bitter Ocean,The Rains,latin,dreamy|happy,0.941,0.88,0.499,97.5,-5.15,0.097,0.267,0.036,0.115,168652,8,1,3,42
TtO8YzaCm3FldtcpOl8RYt,Midnight Rain,Ava Blake,country,happy|melancholic,0.596,0.576,0.542,122.6,-8.83,0.0,0.42,0.021,0.07,226031,10,1,3,92
HBI3BBDCwysz5N9Z0GXQmy,Lonely Echo,Mira Cross,country,uplifting|happy,0.918,0.462,0.676,103.4,-8.62,0.084,0.282,0.0,0.133,222744,2,0,4,48
7GE49dYOTkES0o4NirZyDI,Lonely Dream,Nadia Ryder,reggae,aggressive|happy,0.964,0.591,0.567,89.6,-8.12,0.0,0.489,0.0,0.112,220740,4,1,3,38
Fkq34LTTkMkPfpoit8a7ze,Bitter Ghost,Ezra Cade,latin,aggressive,0.726,0.692,0.774,115.7,-9.9,0.018,0.291,0.059,0.103,108263,10,1,4,47
gmr9oOWHRWejWvJ7dlu3zk,Broken Bloom,Reo Wells,metal,chill,0.466,0.926,0.271,151.3,-4.1,0.04,0.0,0.187,0.018,202822,1,1,5,34
ktD5z5ySa96wXTne1nNTEW,Bitter Echo,Reo Cade,jazz,nostalgic|uplifting|energetic,0.563,0.424,0.616,100.6,-10.46,0.076,0.603,0.254,0.089,233849,4,0,3,48
X69YgiWVGjBgkr1TLN31JD,Endless Bloom,Ezra Reyes,r&b,dreamy|happy,0.631,0.463,0.123,99.1,-5.78,0.017,0.302,0.21,0.159,206096,8,1,4,33
rHeby2krDe88yw6zNmO2WS,Sweet Light,Nova Quinn,indie,aggressive,0.479,0.526,0.353,115.9,-5.77,0.027,0.39,0.115,0.0,235066,2,1,5,66
4VjQpmyiFbzxXpRJenZEIL,Crystal Ghost,Sena Lark,rock,nostalgic|aggressive,0.445,0.761,0.612,110.4,-4.02,0.004,0.27,0.073,0.175,288012,6,0,3,76
0uYfVY8bUzPyWAaxJGcLuK,Neon Fire,Zara Reyes,rock,playful|uplifting,0.677,1.0,0.479,123.0,-6.61,0.015,0.274,0.0,0.074,192052,4,7,4,49
42fqNGMz6w4B3QLQ2g0TEJ,Electric Ocean,Toma Hale,electronic,tense|happy,0.687,0.931,0.811,135.5,-3.35,0.06,0.074,0.314,0.049,208897,8,0,5,39
JVXrZvZzBU93egXv7wzJPe,Hollow Horizon,Nadia Stone,electronic,aggressive,0.64,0.75,0.317,117.6,-6.72,0.038,0.226,0.409,0.128,187532,3,1,4,1
bCs6IUbjDMFUTSi895Fmah,Faded Bloom,Ezra Cade,reggae,nostalgic,0.822,0.423,0.657,103.3,-8.5,0.0,0.504,0.085,0.108,158812,4,1,4,17
Hrg0txD5Kww8VZ3UZYDmJ3,Broken Road,Iris Knox,rock,romantic|aggressive,0.258,0.838,0.475,118.9,-7.61,0.053,0.0,0.0,0.029,198203,4,0,5,64
FnX0KCzHDRSyxL6As2FgIY,Broken Garden,Rio Ryder,country,uplifting,0.567,0.7,0.709,113.0,-5.53,0.0,0.537,0.17,0.181,233208,6,1,5,86
cLg4y0Y3lBNAN9A7EkXXDY,Bitter Memory,Jax Cade,rock,playful|energetic,0.656,0.786,0.446,119.9,-3.54,0.09,0.0,0.0,0.089,228646,4,1,3,35
BDhx9BLfOtUTDZ9aekN08I,Velvet Wave,Talia Frost,metal,sad|tense,0.436,0.776,0.444,135.4,-4.5,0.071,0.0,0.218,0.172,168785,9,1,4,55
PG4zI3ZvNljj3i3VdbXy7Y,Distant Bloom,Iris Stone,jazz,chill,0.395,0.491,0.584,117.7,-15.33,0.129,0.578,0.132,0.0,188900,0,0,4,34
br1UBAHEPYb9QZT5QJhZFN,Burning Shadow,The Lights,hip-hop,sad|energetic|chill,0.869,0.618,0.452,125.3,-9.41,0.249,0.094,0.003,0.151,209771,2,0,4,19
oBZASkkW9j931cIy3eRbig,Lonely Horizon,Cole Vance,indie,nostalgic|uplifting|energetic,0.503,0.622,0.701,105.9,-8.55,0.0,0.167,0.0,0.132,174789,6,1,5,48
S2t7nttsZhQD0xyB2yf19M,Burning Skyline,The Skylines,reggae,uplifting|sad,0.649,0.584,0.768,73.9,-5.45,0.124,0.029,0.0,0.137,212260,0,1,5,66
ERc3SvQeUhNo2HIn7RdMbr,Crystal City,The Gardens,classical,uplifting|happy,0.567,0.267,0.64,95.4,-17.88,0.033,0.84,0.818,0.223,236853,8,0,5,26
w3AF7llrgkGy7vUbSp92Ht,Electric Heart,The Waves,electronic,tense|melancholic,0.749,0.843,0.505,111.2,-6.25,0.064,0.114,0.345,0.091,217297,8,1,4,52
id4LF0ySRr0IyeJmV8JkwZ,Crystal Wave,The Memorys,metal,tense,0.347,0.844,0.433,131.1,-4.0,0.022,0.201,0.065,0.129,175434,1,1,5,23
F6hmvo9HTtC3mjqj5d45Sw,Endless Heart,Finn Frost,indie,melancholic|chill,0.416,0.453,0.513,107.0,-6.01,0.127,0.312,0.13,0.199,196388,7,0,5,41
fPoEdlSBUeyFfy6SEl0Fdj,Silent Rain,The Skylines,pop,happy|sad,0.623,0.654,0.816,111.0,-3.55,0.06,0.0,0.017,0.031,237175,11,0,3,43
Z1pfReT4HMkodE0ofoLDjK,Sweet City,Jax Shaw,reggae,happy|playful,0.634,0.571,0.743,81.0,-9.01,0.064,0.285,0.0,0.2,171149,4,0,4,33
D4DVcM4DHYxjxp19XLNem6,Bitter Road,Nova Voss,pop,nostalgic,0.624,0.872,0.377,117.9,-5.86,0.056,0.14,0.0,0.32,187375,11,1,5,34
clxTJPG9xYv6eaHHMjO0gC,Electric Horizon,Iris Ryder,r&b,energetic|aggressive,0.681,0.435,0.366,97.2,-8.69,0.027,0.0,0.0,0.112,271182,3,1,4,34
vp8GWJhVCYBIoxmirEHfZ1,Electric Horizon,Leo Wells,blues,sad|uplifting,0.307,0.295,0.399,84.3,-4.87,0.066,0.34,0.095,0.071,147401,5,1,4,80
ysNhTNbFdOr5rvhMSys1K3,Neon Memory,Nadia Wells,metal,nostalgic,0.157,0.994,0.225,109.3,-8.05,0.114,0.044,0.004,0.219,304324,11,1,3,72
6PZs0F6mSLbXHEwmvIPKJn,Neon Fire,Wren Frost,metal,energetic,0.536,0.912,0.325,131.5,-3.37,0.098,0.199,0.54,0.138,255747,7,0,5,48
FJHYmQ7FZ0EEYkWdto7KF2,Electric City,Talia Marsh,electronic,nostalgic|tense,0.836,0.953,0.6,132.6,-5.91,0.061,0.0,0.438,0.23,181064,1,1,5,37
Sr71taAzH9MLUtjvnkGmzL,Lonely Horizon,Toma Vance,country,sad,0.51,0.639,0.45,89.0,-5.98,0.093,0.543,0.079,0.318,146359,7,1,5,18
40kQmIBQhAUdeI0BeLg42p,Hollow Fire,Finn Lark,folk,nostalgic,0.565,0.421,0.351,97.5,-10.44,0.09,0.824,0.151,0.156,190191,6,1,4,10
yolkHuwA276o09oBA024Qa,Neon Memory,Nova Knox,classical,playful|sad,0.299,0.203,0.469,79.4,-17.96,0.073,0.858,0.638,0.192,170138,8,1,5,28
D3OKAQdTvyip5ncLqDKV6T,Endless Ghost,Zara Lark,blues,energetic|tense,0.475,0.168,0.265,99.1,-11.04,0.115,0.399,0.109,0.164,186373,10,0,4,33
gyQzZ4jpsPlxpVP1ch6iOH,Broken Wave,Ava Blake,country,energetic,0.618,0.335,0.56,122.9,-5.63,0.156,0.428,0.0,0.075,219380,0,0,4,42
FcOqXSpOQEmW7DTxfqpx9p,Crystal Ocean,Finn Quinn,classical,energetic|melancholic,0.205,0.342,0.58,82.5,-17.89,0.1,0.888,0.745,0.207,179053,3,1,3,55
JgxgtgIY3xN06tddt9GMZz,Crystal Light,The Fires,indie,melancholic|energetic,0.486,0.743,0.467,108.4,-4.89,0.012,0.373,0.021,0.395,215893,1,0,4,56
fWSuilNb4sbOfwbEBkLTZr,Neon Horizon,The Rivers,blues,sad|energetic|uplifting,0.504,0.404,0.535,81.9,-8.42,0.0,0.441,0.002,0.313,216936,4,0,3,33
p9CjncTSDouFgOnyVeGCDq,Faded Garden,Cole Hale,electronic,nostalgic|energetic,0.717,0.857,0.419,117.1,-6.46,0.004,0.041,0.747,0.08,249082,8,1,4,37
JFi4spaIGsJWzUcB2qPh78,Fading Rain,Cole Cross,reggae,uplifting|energetic|melancholic,0.873,0.512,0.753,81.9,-9.54,0.051,0.161,0.205,0.193,204215,0,1,4,65
TQPl6MywpEc236qEAUG4dM,Sweet Ocean,Nadia Voss,indie,happy,0.369,0.566,0.802,111.1,-5.86,0.06,0.572,0.242,0.041,193576,5,1,4,62
pOmBKpyIotcj4ghbrwtWKH,Golden Rain,Nadia Frost,reggae,playful|uplifting,0.704,0.558,0.778,78.9,-5.31,0.049,0.413,0.075,0.104,201495,9,1,3,86
OsmAlZomfMOYneSjReTcJh,Electric Heart,Reo Knox,electronic,playful,0.845,0.796,0.722,141.4,-9.32,0.111,0.0,0.403,0.088,240183,7,0,5,63
3y8BGQGt7m0m8fBucMIno5,Sweet Dream,Reo Marsh,reggae,uplifting|happy,0.728,0.581,0.656,105.7,-8.91,0.07,0.084,0.097,0.11,178391,7,0,4,36
2FlxUHaf06vXoQ7xHsKAj3,Midnight Heart,Rio Cross,blues,happy|nostalgic,0.484,0.429,0.232,106.6,-11.45,0.013,0.967,0.164,0.136,273202,8,1,4,14
OIf0T75D2R7y73ftkyYAis,Fading Memory,Reo Vance,metal,uplifting|dreamy,0.279,1.0,0.515,145.4,-4.05,0.066,0.309,0.04,0.243,200923,0,1,3,27
FvVnfCFWL7eaxXoClwAwyo,Velvet Garden,Talia Hale,rock,romantic|melancholic,0.534,0.803,0.486,109.2,-7.24,0.037,0.031,0.22,0.092,263033,4,1,4,43
9z4ixQLxWEIEsthgiUGtGs,Neon Dream,Jax Knox,metal,tense|playful,0.515,1.0,0.444,149.0,-4.21,0.147,0.035,0.073,0.175,229436,6,0,4,24
AHsWLQ2GOV5KMPeOjy3pSH,Silent Storm,Ezra Reyes,hip-hop,aggressive|nostalgic,0.917,0.739,0.491,77.7,-10.45,0.214,0.32,0.268,0.237,166552,3,1,4,50
6LIxVjFdsNCOQort6t80y4,Velvet Rain,Reo Ryder,classical,tense|uplifting|chill,0.329,0.384,0.453,112.7,-20.13,0.045,0.972,0.741,0.146,244422,11,1,4,26
UJHAycGQJlojp8xgepQLvT,Neon Skyline,Talia Stone,rock,aggressive|energetic,0.792,0.827,0.351,95.3,-6.78,0.044,0.306,0.0,0.248,179478,8,0,4,57
gsfrl8oCwC8rTvRr1Wx3Ph,Endless Memory,Sena Vance,r&b,aggressive,0.852,0.356,0.577,112.2,-5.33,0.066,0.467,0.098,0.207,138546,3,0,5,52
JyqjeXnBd5hE3ft8E61k49,Neon Shadow,Ezra Lark,indie,playful|melancholic,0.779,0.527,0.362,109.2,-10.73,0.106,0.39,0.0,0.0,259285,5,1,3,47
VZZaQQMrXkbX4DWNzSgSNL,Golden Bloom,Toma Wells,indie,dreamy,0.485,0.567,0.442,122.0,-11.29,0.105,0.325,0.197,0.159,220865,5,0,5,41
4uBEdRKH5BBFZ1IIvhUBJl,Midnight Echo,Cole Marsh,electronic,romantic|chill,0.843,0.87,0.089,113.5,-5.99,0.058,0.051,0.274,0.076,225046,9,0,4,49
JPffyRYX2F2IFmrGdJXuhS,Wild Bloom,Finn Shaw,pop,aggressive|happy,0.663,0.868,0.72,112.5,-9.02,0.107,0.267,0.0,0.113,226189,1,0,5,20
9o05OON0wDbcgBJsweOjkU,Wild Heart,Zara Shaw,country,happy|uplifting,0.46,0.507,0.642,104.1,-7.73,0.0,0.401,0.036,0.1,167775,9,1,5,28
X8KYTwmCBkh2aUKJ2xmlTC,Silent Storm,Kai Wells,jazz,romantic|playful|nostalgic,0.409,0.385,0.401,88.1,-13.28,0.118,0.604,0.214,0.036,138414,2,0,4,65
aTzJ0iKqHh2C74dr8LSAFj,Faded Rain,The Blooms,folk,nostalgic,0.732,0.376,0.114,115.6,-9.78,0.146,0.755,0.106,0.026,265006,11,0,5,47
LCK63YFaXJ84CEc3euQk5V,Fading Skyline,Ezra Voss,rock,happy,0.356,0.537,0.707,112.4,-8.9,0.099,0.26,0.018,0.165,234010,2,0,4,38
LGngS3G2h8IdpXrmb6Dgt0,Sweet Star,Kai Lark,hip-hop,aggressive|tense,0.689,0.592,0.52,111.9,-7.62,0.168,0.125,0.037,0.28,226704,11,1,4,47
JRSYtAPCqI4jkmkYIzqk0v,Midnight Rain,Iris Reyes,latin,chill|aggressive|tense,0.821,0.44,0.596,86.3,-8.15,0.022,0.051,0.0,0.208,164333,7,1,5,35
T2h1JggSAdDzlVgbL80zNP,Neon Light,Nova Cade,reggae,melancholic|tense,0.493,0.49,0.988,101.7,-6.31,0.039,0.049,0.0,0.188,217434,10,0,3,60
ZB2HSysj8KZzVhT7FlXrYW,Endless Shadow,Sena Reyes,hip-hop,happy|nostalgic|chill,0.892,0.726,0.529,115.7,-5.77,0.193,0.112,0.0,0.218,157938,4,0,4,28
grbDPJXe3o9BQy0tMi0LaF,Golden Echo,Rio Stone,country,romantic|nostalgic,0.602,0.614,0.576,115.7,-9.63,0.008,0.471,0.0,0.121,190841,11,0,3,43
dYbr2G58TKx0kqhroOrY15,Distant Light,Nadia Hale,electronic,sad|romantic|tense,1.0,0.77,0.418,140.3,-7.18,0.036,0.0,0.358,0.128,257823,1,1,4,67
QBFyz7CZq9KTfotSGgz6LW,Wild Horizon,Ezra Marsh,hip-hop,sad|playful,0.746,0.614,0.537,96.4,-9.98,0.163,0.235,0.117,0.051,178150,5,1,4,34
8Nc1dv1GgWN9JmBxeWszLd,Crystal Bloom,Toma Voss,jazz,aggressive|chill|romantic,0.577,0.396,0.45,108.2,-13.02,0.043,0.699,0.436,0.112,209746,4,0,4,46
hn6BrciUSM4tl9UjS0cQRJ,Crystal Wave,Sena Blake,latin,tense|dreamy,0.903,0.722,0.805,106.2,-3.26,0.074,0.194,0.019,0.281,204506,0,0,4,37
vu6ZnyZchIfgPEXaniJcQp,Silent Ocean,Sena Cade,rock,playful,0.804,0.632,0.804,137.8,-7.24,0.078,0.0,0.18,0.0,270719,1,1,4,58
5AJF8lyhhFpEalhxnI1W4q,Distant Heart,Cole Lark,jazz,nostalgic|chill,0.683,0.371,0.429,113.8,-11.85,0.07,0.433,0.326,0.299,113208,1,0,3,71
1Mh9m7SZylfvoLr93qaWya,Broken Rain,Leo Marsh,rock,aggressive,0.321,0.847,0.632,153.2,-6.99,0.073,0.268,0.0,0.211,204878,11,1,4,26
p8B6Nre3CwhGbRaCQwyxIj,Crystal Road,Rio Wells,reggae,happy|energetic|playful,0.676,0.701,0.642,97.9,-7.5,0.053,0.414,0.065,0.136,233414,3,0,4,49
YpyBzCmg67nWMVzVlSHzpn,Sweet Wave,Ezra Knox,classical,sad,0.604,0.265,0.278,91.9,-17.78,0.04,1.0,0.801,0.021,194270,4,1,4,46
w4AxVNWZyasdlJQDstDD6b,Burning Fire,Sena Voss,rock,romantic|playful,0.541,0.89,0.631,110.4,-4.58,0.038,0.0,0.14,0.137,300482,2,0,5,52
ZoQ107ZNybzSj3BmITjoNh,Radiant Shadow,Reo Knox,hip-hop,aggressive|energetic,0.71,0.532,0.365,98.7,-5.21,0.267,0.268,0.209,0.04,174925,3,0,5,58
t7Hh0OlMPAsu6sH15iDFhK,Distant Bloom,The Rivers,classical,sad|dreamy,0.141,0.338,0.552,85.1,-16.34,0.007,0.621,0.71,0.0,212938,5,0,4,22
Jl9mfRLYyhEPjwG2IiRQHq,Wild Skyline,Leo Vance,country,aggressive|uplifting,0.457,0.497,0.816,122.4,-4.99,0.051,0.156,0.049,0.234,212989,4,1,3,35
WUVozvh2GnYXEbtDcTkm3D,Electric Skyline,Nadia Quinn,rock,tense,0.771,0.759,0.688,133.1,-8.46,0.004,0.0,0.0,0.065,219836,10,1,4,90
NY25R9BOlSqxjqcxxGKDlo,Distant Bloom,The Waves,hip-hop,tense|aggressive,0.621,0.926,0.516,79.2,-6.89,0.313,0.527,0.0,0.112,185234,9,1,3,29
sUGU5C7l1Y3YKhlMGQS4RK,Burning Storm,Cole Voss,blues,happy|uplifting|tense,0.484,0.511,0.156,110.4,-8.45,0.021,0.599,0.22,0.068,202013,5,1,4,48
4xP1hz2Aie4wSBO21ErYJV,Burning Echo,Reo Cross,hip-hop,uplifting|energetic,0.778,0.653,0.512,119.3,-7.14,0.246,0.157,0.033,0.13,249091,3,0,5,13
IOJAvIullGGOEyUhCkDr4A,Golden Horizon,Ezra Reyes,country,tense,0.56,0.787,0.389,124.1,-8.2,0.067,0.453,0.137,0.0,240309,4,0,4,50
va29bMEdBr8QqdZ9SEQeOl,Crystal Memory,Finn Blake,blues,chill,0.652,0.252,0.3,103.7,-8.68,0.078,0.586,0.28,0.172,164257,11,1,4,29
GP5oMwmheXBONuOR1ZhwZi,Silent Echo,Kai Wells,blues,dreamy,0.399,0.545,0.459,96.2,-13.21,0.094,0.4,0.214,0.145,201829,5,0,3,45
d7vT4dTAsbwgfIolJUrb0S,Electric Rain,Kai Shaw,r&b,energetic,0.679,0.556,0.133,106.3,-8.22,0.063,0.31,0.0,0.135,272427,6,0,4,16
ep7qfs4J07giAUJKi30yxI,Lonely Road,Jax Knox,reggae,uplifting|playful,0.951,0.538,0.704,94.6,-6.74,0.093,0.13,0.113,0.317,269621,5,0,4,37
d9M2n4fNxFKQLBvKgl9OpM,Wild Fire,Talia Hale,indie,melancholic,0.733,0.452,0.332,99.1,-6.33,0.0,0.394,0.0,0.268,187784,6,1,4,33
Py0v6RcPR7jJBa1eeGpCA1,Radiant Dream,The Dreams,indie,dreamy,0.449,0.515,0.611,132.4,-4.31,0.094,0.212,0.1,0.176,187791,7,1,3,70
zEif06SeKRYve94faKrxUR,Silent Ghost,Zara Marsh,latin,aggressive,0.655,0.728,0.88,90.2,-4.74,0.035,0.234,0.043,0.087,222148,3,0,4,30
pD5CkklGxu88BYL9URmf1W,Wild Wave,Ezra Reyes,classical,dreamy,0.484,0.365,0.594,100.0,-20.93,0.048,1.0,0.802,0.149,156824,7,1,4,44
gaYk01uSZmYDQu26Lonv8I,Crystal River,Cole Reyes,r&b,uplifting|happy,0.593,0.541,0.609,104.5,-10.19,0.139,0.431,0.0,0.131,223298,7,0,3,95
W7VWdCy2XWRcuQXK6x5uIQ,Endless Heart,Cole Voss,pop,nostalgic|romantic|dreamy,0.429,0.659,0.334,129.9,-4.85,0.0,0.272,0.126,0.262,196067,1,0,5,55
8WYF1inJbxDhjhz21V050B,Neon Bloom,Nadia Quinn,country,energetic|sad|uplifting,0.537,0.46,0.615,102.0,-8.28,0.152,0.518,0.0,0.016,220398,10,1,4,32
3pjeNeQ00VomUc6rtigEMu,Velvet Rain,Toma Frost,pop,chill|aggressive|happy,0.646,0.572,0.494,108.8,-3.92,0.0,0.23,0.0,0.0,142350,6,1,5,71
1gFdddooCLbq14CrZihiV6,Golden Light,Nadia Vance,jazz,playful|dreamy,0.471,0.32,0.609,112.9,-16.96,0.033,0.63,0.219,0.357,191963,6,1,4,52
8dEvpb9WJ8SC3Djjy1MBX6,Burning Storm,Wren Wells,pop,sad,0.649,0.511,0.508,118.3,-8.57,0.036,0.329,0.084,0.127,205610,8,0,4,50
jCeUM92ujzfEhGAEdQLBGp,Restless Shadow,Nova Wells,classical,melancholic|nostalgic,0.21,0.242,0.406,100.9,-21.27,0.042,0.768,0.91,0.001,189778,7,0,3,62
xP6zKhQvp8VPUM3RpavJY8,Broken Star,Nadia Quinn,jazz,happy|playful,0.412,0.421,0.639,118.7,-12.6,0.081,0.649,0.434,0.203,195472,0,1,4,75
KSIBumByXhtwbQeJeJEJx3,Golden Memory,Ezra Hale,country,uplifting|energetic|happy,0.386,0.742,0.757,127.9,-9.06,0.0,0.736,0.089,0.077,259253,1,0,4,17
YONpYZnIDnbcRycYpPk07Z,Bitter Wave,Cole Shaw,hip-hop,romantic|playful,0.759,0.474,0.436,94.0,-2.84,0.183,0.0,0.273,0.175,225578,11,0,3,64
rVamFyqLtSfmp8b7LG34qU,Crystal Ocean,Mira Frost,classical,chill|tense,0.477,0.068,0.547,98.4,-16.89,0.0,0.823,0.642,0.089,208077,2,1,5,48
7PnawBgZ5O5ogehQPSpFi8,Velvet Light,Kai Quinn,indie,playful,0.548,0.612,0.0,110.6,-5.24,0.008,0.318,0.182,0.145,192451,5,1,3,48
ELKn4oncMP0emHZPMfOPMJ,Hollow Horizon,Zara Marsh,indie,uplifting|melancholic,0.745,0.681,0.323,120.3,-7.92,0.113,0.503,0.344,0.231,262467,10,0,5,36
XCFQ80LBGcDAJFKdlrsAqr,Neon Echo,Zara Cade,rock,romantic|happy,0.409,0.773,0.587,127.6,-3.82,0.031,0.226,0.268,0.225,212019,5,0,4,69
LJcftDyIKJX20n0zmPRMWg,Crystal Bloom,Zara Cade,indie,dreamy|sad,0.53,0.7,0.435,126.5,-10.73,0.099,0.284,0.0,0.0,214206,2,1,5,56
RCdGQee6Ew14LyAZf8TstQ,Hollow Ghost,Talia Cross,pop,romantic|happy,0.743,0.426,0.489,126.2,-5.36,0.115,0.122,0.0,0.228,144743,10,0,4,50
v2wll4WLYZxbMQtsnBbZVr,Sweet City,Ezra Cade,pop,uplifting,0.787,0.61,0.645,122.2,-4.0,0.0,0.391,0.0,0.0,250816,6,1,5,34
Bw9NS3WcDDrBCZ8qnmt7aK,Endless Heart,Wren Vance,r&b,dreamy,0.622,0.626,0.388,91.2,-6.9,0.112,0.339,0.142,0.145,209140,0,1,4,41
N8BSogGGwpVqbWjz5h0Rdh,Crystal City,Mira Cade,folk,nostalgic|chill,0.42,0.386,0.408,98.6,-4.94,0.063,0.894,0.0,0.193,221756,10,1,4,13
ffHAz3GlEkzoVtcfXGIfsK,Endless Storm,Leo Reyes,rock,romantic|uplifting,0.679,0.853,0.624,120.2,-9.76,0.073,0.0,0.0,0.139,236630,0,1,4,67
qBoxCUgIZSZHzOIWmurE9o,Endless Rain,Leo Stone,latin,sad|energetic|dreamy,0.949,0.699,0.63,103.1,-3.99,0.0,0.225,0.074,0.109,154384,4,0,5,51
ZWk1oCpLRLCCQS8brRgq1S,Crystal Star,Finn Reyes,r&b,romantic|sad,0.583,0.454,0.605,93.4,-5.81,0.077,0.047,0.0,0.044,237055,10,0,3,37
1asjeZa8YRMKFLSHHvDATa,Broken Wave,Finn Cade,electronic,uplifting|nostalgic,0.803,0.645,0.685,127.2,0.0,0.018,0.084,0.335,0.173,198483,8,1,3,58
0bFQ5UKGp8SpHe4ag5Wmz4,Silent Fire,The Echos,hip-hop,uplifting,0.601,0.656,0.637,76.4,-8.02,0.097,0.042,0.0,0.032,188543,11,1,5,71
7P6VvbxtPyDVH3H1QsG3J1,Midnight Ocean,Talia Knox,latin,energetic|happy,0.745,0.619,0.485,96.2,-4.25,0.059,0.169,0.0,0.238,205517,11,0,4,32
hp6UD36lQrMkIJ3s0cYVYK,Burning Bloom,Wren Knox,reggae,uplifting|playful,0.896,0.544,0.693,103.0,-1.5,0.04,0.515,0.074,0.279,156316,4,0,5,41
yal6ljrFPcokP6SfpY2U2m,Endless Star,Ava Cross,electronic,romantic|happy|dreamy,0.684,0.707,0.406,134.1,-2.66,0.144,0.137,0.322,0.251,232481,10,0,4,16
4trRYTLhocOy1gaGxuQZFd,Wild River,Finn Ryder,jazz,tense,0.568,0.394,0.633,101.4,-7.59,0.077,0.376,0.363,0.215,279530,0,0,5,51
ebiplm4VkUWZhnKKORi7TI,Crystal City,Ezra Quinn,country,energetic|happy,0.597,0.542,0.668,116.6,-6.05,0.072,0.561,0.0,0.193,176458,11,1,3,9
PtQYl0327QIfZs7P3pOu1h,Radiant Rain,Leo Shaw,indie,romantic,0.517,0.83,0.389,125.1,-4.49,0.107,0.249,0.253,0.088,201173,2,0,3,34
fQsh87a879tR50JHi0bAqQ,Distant Ghost,Ava Vance,electronic,uplifting|dreamy,0.841,0.836,0.51,128.9,-5.99,0.008,0.149,0.167,0.297,220012,6,1,3,54
DNTg4WBC81e5jD0Z94NtZr,Midnight River,Cole Shaw,electronic,chill|energetic,0.615,0.827,0.367,123.2,-0.02,0.167,0.0,0.512,0.143,194386,11,1,4,26
Kl870dTR94i0SjISwscraj,Burning Dream,Nadia Ryder,folk,dreamy|sad,0.598,0.348,0.371,122.2,-9.0,0.123,0.637,0.004,0.163,246941,8,1,3,27
EcvQVBtNXDRg1EjLhkzKGg,Crystal Memory,Cole Voss,latin,uplifting|tense,0.641,0.773,0.835,109.9,-5.4,0.009,0.431,0.016,0.103,287722,11,0,4,29
cPxzqvNHamqqdvIZwBwUN0,Distant Dream,Reo Ryder,pop,tense,0.67,0.6,0.547,113.2,-6.9,0.135,0.007,0.0,0.199,295591,8,1,4,19
r8MflWHne1gZC4SK2s75Ls,Wild Shadow,Zara Voss,pop,uplifting,0.698,0.895,0.607,110.3,-0.64,0.0,0.0,0.0,0.0,182597,2,0,5,32
bK9Y3tCIPRyTse4BmIJ1kG,Broken Horizon,Wren Quinn,folk,sad,0.526,0.217,0.499,129.9,-11.67,0.132,0.811,0.05,0.031,191188,4,1,4,52
oad7Rs0R0mmuL23cfwz0sa,Endless Ocean,Wren Cade,blues,tense|chill,0.585,0.364,0.504,100.7,-3.01,0.129,0.396,0.152,0.016,267803,5,1,4,61
3DqSgQzhZ04B60xARzWu5D,Burning Rain,The Echos,country,aggressive,0.47,0.81,0.55,118.5,-7.39,0.0,0.487,0.018,0.146,234805,2,1,4,28
BM6lG6ufwAlTHnFMXsCCOs,Broken Garden,Rio Voss,country,tense|happy,0.595,0.589,0.783,120.5,-9.81,0.02,0.417,0.0,0.23,208765,9,1,4,47
RVZQQx6tNU4IO6OdORzgG2,Fading Ghost,Reo Cade,r&b,playful,0.747,0.773,0.336,103.0,-7.01,0.059,0.0,0.049,0.06,240849,11,0,4,89
jFg6N9OjfDoAyV8vBADoMd,Burning Heart,Jax Knox,folk,dreamy|playful,0.678,0.287,0.604,102.4,-6.94,0.0,0.676,0.108,0.168,238268,4,0,5,48
5kkzh8TQV9i0mq36LTq07v,Endless Skyline,Talia Reyes,country,romantic|uplifting|playful,0.43,0.459,0.716,108.1,-9.44,0.031,0.453,0.062,0.0,269246,6,1,3,37
aoOpVhwzWAEavm0pP1QcIX,Crystal Dream,Sena Cade,country,aggressive,0.727,0.673,0.578,96.8,-4.52,0.032,0.324,0.0,0.24,118431,3,0,5,42
HynJSPWb7qdZsXrg7yezzO,Electric Echo,Nadia Hale,country,chill|aggressive,0.533,0.512,0.481,99.0,-3.9,0.073,0.079,0.0,0.165,247908,9,1,4,90
HTTFxHTqYU2dktWLpGDe0n,Sweet Bloom,Mira Shaw,metal,aggressive|chill,0.447,0.88,0.445,136.0,-5.0,0.059,0.0,0.191,0.14,213323,10,1,4,75
LVMuizeXrSwYRCOHk1sxUO,Burning Light,Sena Cross,blues,sad|melancholic,0.445,0.537,0.199,115.4,-11.87,0.026,0.327,0.379,0.088,206579,3,0,3,1
WOvCcUUO5dYhvRc1Tprnh2,Hollow Shadow,Sena Lark,rock,energetic|tense,0.308,0.92,0.431,105.7,-5.8,0.144,0.0,0.284,0.214,291949,5,1,5,31
yGlHNCXiYQQGCcjqxztZSu,Lonely River,Kai Knox,electronic,uplifting|dreamy|romantic,0.633,0.8,0.878,160.5,-4.25,0.0,0.277,0.463,0.161,227001,8,1,3,32
6eASRh83x4PP1BnpybAR9f,Midnight Dream,Jax Hale,pop,energetic,0.718,0.471,0.457,122.0,-4.74,0.169,0.275,0.0,0.282,209636,3,1,4,89
UVriczjGUNvUHVaris58Jv,Electric Dream,Zara Voss,pop,happy,0.619,0.667,0.75,78.0,-2.27,0.081,0.246,0.14,0.16,205265,5,0,4,41
dbVFnEap5G9CYFs2B2roGQ,Crystal Horizon,Jax Frost,jazz,happy|chill|dreamy,0.542,0.235,0.412,112.4,-9.77,0.0,0.554,0.225,0.141,253855,7,1,4,17
XsRYD1ZLPUqVGLGoa4hHW1,Hollow Heart,Ava Shaw,classical,tense|nostalgic,0.268,0.268,0.337,70.7,-18.46,0.039,0.766,0.759,0.106,245129,8,0,4,49
pMAWvsV02H4OL47tOmRWnY,Bitter Horizon,Cole Hale,metal,energetic|aggressive|nostalgic,0.424,1.0,0.094,126.9,-4.29,0.008,0.0,0.114,0.174,215543,11,1,4,18
wYiLkxGl8qLgsIaJCquKlg,Bitter Wave,Kai Frost,rock,aggressive|romantic|tense,0.521,0.969,0.46,132.0,-10.25,0.13,0.057,0.051,0.113,231749,5,1,4,21
ThbuzAm4iA5l2rBn77cl8X,Crystal Garden,Finn Lark,indie,aggressive|melancholic,0.545,0.667,0.384,120.3,-10.44,0.06,0.313,0.192,0.037,141919,10,1,4,78
w4rENK9G24t5qSTgIRweMM,Hollow City,Jax Knox,country,playful|tense,0.505,0.35,0.804,113.3,-5.63,0.119,0.117,0.113,0.231,208348,8,1,3,29
j7FY9lirmS6WF7u9IVTTgg,Hollow Shadow,Nadia Shaw,blues,melancholic,0.284,0.415,0.067,95.3,-9.31,0.056,0.477,0.122,0.187,239581,9,0,4,0
PV5DGWz4XhfHVKeKkJoRTr,Wild Heart,Finn Cross,rock,chill|uplifting,0.627,0.931,0.702,134.0,-8.12,0.092,0.262,0.043,0.208,262918,9,1,4,40
WxOq7NlGFy7DQvBCuoWHAA,Sweet City,The Roads,indie,tense,0.4,0.509,0.457,122.3,-5.08,0.0,0.56,0.028,0.063,213017,8,1,4,54
OttsJK9dX9jbHsiYDowNLg,Faded Shadow,The Gardens,folk,tense|chill,0.367,0.332,0.56,104.6,-11.68,0.086,0.923,0.0,0.323,272136,0,0,5,38
Wxj5eOQYi3jwzjqsoDAZj1,Radiant Shadow,Kai Wells,reggae,playful|energetic,0.733,0.487,0.707,108.4,-9.45,0.129,0.229,0.155,0.126,214377,1,0,4,53
Xwo6G4H8UivXSCJqSnDfgE,Broken Star,Nadia Blake,folk,dreamy,0.532,0.463,0.433,101.5,-9.71,0.149,0.411,0.108,0.204,133719,5,1,4,27
HrdGPDeKxEfw2z14lWga8d,Midnight Fire,Nova Stone,r&b,romantic,0.732,0.374,0.277,113.8,-7.33,0.013,0.199,0.0,0.107,204227,10,1,4,46
2nLfdjY3DOslnEY9GmCPBi,Lonely River,Talia Knox,classical,playful,0.381,0.365,0.34,124.3,-16.18,0.152,0.914,0.768,0.051,332262,1,1,4,18
osj3gqTG0FBobjTLGziGhf,Sweet Horizon,Nadia Lark,hip-hop,aggressive|sad,0.732,0.664,0.395,74.9,-4.57,0.258,0.212,0.0,0.041,245507,3,1,4,53
RN5hMHFIhUnnKhYFjmWiJH,Neon Memory,Iris Lark,indie,happy|sad,0.567,0.467,0.644,131.4,-10.71,0.0,0.297,0.019,0.224,246701,2,1,4,26
ZEcY2kUPtLN8hrRgaSE3gE,Sweet Storm,Finn Knox,reggae,dreamy,0.586,0.57,0.536,94.6,-9.08,0.006,0.497,0.32,0.112,235389,1,0,4,72
5z26SK3wmCjqtrK8EU8hk6,Neon Ghost,Wren Reyes,pop,uplifting,0.686,0.877,0.601,113.3,-2.73,0.048,0.389,0.0,0.265,184381,7,0,4,61
G7KwpGYTMEb8BQqcen3FrJ,Faded Ghost,Toma Marsh,electronic,tense|nostalgic|aggressive,0.658,0.816,0.537,129.8,-7.57,0.135,0.013,0.405,0.01,271905,11,0,4,9
ucZVSuYgvLrMaAWdp7vAOY,Neon Storm,Nadia Reyes,hip-hop,uplifting,0.593,0.646,0.557,88.1,-9.13,0.283,0.0,0.243,0.291,205668,7,1,3,61
tEKCxQneYRUhxV2su8VeAt,Velvet Memory,Zara Marsh,pop,aggressive|tense,0.892,0.724,0.821,115.2,-7.26,0.101,0.308,0.185,0.108,208795,7,1,3,21
F7gLRIID0lOXRmdRCvS7w1,Restless Star,Leo Cade,r&b,nostalgic|chill,0.595,0.534,0.441,104.0,-10.06,0.0,0.0,0.085,0.239,222400,11,1,4,14
AXfLOtTfU3bl2GSQS7lMzm,Bitter Horizon,Ezra Marsh,indie,chill,0.62,0.333,0.783,121.8,-6.44,0.066,0.417,0.12,0.196,252543,6,1,4,27
DHmBoAHgiobuSoj1uiBdce,Broken Star,Jax Voss,classical,melancholic,0.206,0.447,0.647,90.8,-20.38,0.043,0.977,0.912,0.047,260786,10,0,4,89
gdecCZOrvl63dUwTdcL6Kf,Broken Bloom,Iris Blake,reggae,uplifting,0.479,0.513,0.601,74.9,-7.32,0.083,0.23,0.127,0.033,167988,10,1,4,90
1ehk5GDXW7vdHlzDZcmKdL,Restless Memory,Iris Blake,classical,uplifting|chill,0.199,0.215,0.405,114.7,-22.1,0.137,0.801,0.586,0.173,273472,11,1,3,68
YsIUpv7Me0kDv4o9AVlt73,Restless Bloom,Kai Frost,rock,tense|dreamy,0.475,0.782,0.463,146.7,-15.82,0.058,0.193,0.043,0.171,180975,6,0,3,21
1cO7OQxH8vGJegIxwCEfEb,Endless Storm,Finn Wells,indie,playful|melancholic,0.488,0.495,0.391,115.9,-11.78,0.112,0.208,0.285,0.199,237633,3,1,4,75
uN19DIbaUD73P2Jy4h64BM,Midnight Heart,Wren Voss,pop,dreamy|chill,0.812,0.498,0.631,136.0,-5.5,0.117,0.174,0.115,0.293,184009,3,1,5,59
XnM5wgL9SHgT0oI47omr6S,Radiant Rain,Wren Lark,pop,melancholic|nostalgic,0.811,0.648,0.474,125.9,-6.32,0.026,0.035,0.006,0.106,214282,6,0,4,32
p096YROFGCeZ8IEQMYDQTH,Faded Skyline,Rio Cross,metal,nostalgic,0.472,1.0,0.515,153.8,-8.2,0.003,0.013,0.154,0.0,262101,6,0,3,53
TyQzav463aAHKb7Z5l0xVx,Neon City,Iris Hale,r&b,uplifting|chill|romantic,0.677,0.563,0.425,96.6,-8.25,0.0,0.147,0.112,0.0,268220,0,1,4,35
cK2av5oZ1mWdhRLkvh22HB,Fading Storm,The Citys,pop,tense|chill,0.695,0.709,1.0,106.9,-8.12,0.0,0.252,0.074,0.0,218844,3,1,5,22
0Egu9VT6baEqJGo5GjBIj0,Golden Dream,The Shadows,hip-hop,playful,0.599,0.676,0.609,101.4,-8.57,0.192,0.0,0.093,0.265,269192,5,0,4,10
4MYCjxbZbB2MDpBv8YGCZT,Faded Fire,Mira Hale,latin,uplifting,0.975,0.921,0.78,94.3,-6.79,0.0,0.353,0.204,0.123,169723,10,1,3,42
SmSXABUhEAxGGfHYG4Z0pZ,Endless Ghost,Finn Reyes,rock,happy|playful|aggressive,0.359,0.989,0.746,133.0,-8.81,0.092,0.292,0.047,0.184,223684,9,0,5,38
nrdl4HHvS2uLM9fdGDCgFu,,Rio Lark,pop,melancholic|nostalgic|tense,0.786,0.581,0.59,130.0,-4.08,0.052,0.249,0.153,0.204,179374,0,0,4,59
ghi9zZMLlHMDPiiqK6CAf9,Radiant Memory,Toma Knox,reggae,uplifting|aggressive|happy,0.66,0.665,0.716,120.6,-7.62,0.083,0.162,0.041,0.306,149574,3,1,3,71
hSazHqAB134Bw2AxIqcslO,Faded Dream,Sena Shaw,rock,uplifting|aggressive,0.666,0.823,0.62,131.7,-4.45,0.09,0.063,0.018,0.025,217382,2,1,4,71
wE134V0QihRp97eSNfpLyH,Lonely Wave,Kai Quinn,country,uplifting|romantic,0.73,0.512,0.748,118.3,-6.3,0.0,0.437,0.009,0.048,161117,4,0,4,54
s0MsMjFJnBEErsFmk9svCh,Faded Road,Cole Ryder,indie,melancholic|romantic|playful,0.642,0.735,0.129,97.9,-7.98,0.107,0.361,0.122,0.211,156861,3,1,4,5
lP8JmLyn81lrFc5atkLRQ8,Distant Road,Talia Knox,folk,energetic,0.421,0.274,0.567,91.8,-10.77,0.077,0.831,0.064,0.178,268065,4,1,4,41
mi8NKKIoKgJESvMKdxGHt8,Electric Wave,Ezra Quinn,pop,aggressive|chill,0.388,0.771,0.762,115.3,-7.34,0.045,0.251,0.0,0.154,271722,7,1,4,26
pGebWSzpF2a7RCkeJxcJii,Burning Dream,Ezra Cross,latin,energetic,0.505,0.881,0.9,102.1,-8.0,0.069,0.0,0.0,0.155,247784,3,1,4,58
uCJhsfj9E8Fbe1YUxpm94H,Restless Bloom,Toma Voss,reggae,uplifting|nostalgic,1.0,0.489,0.461,94.9,-7.62,0.044,0.084,0.0,0.188,213403,5,1,3,37
kI5UOqnk9oQFyc9UO2nuyE,Silent Wave,Mira Stone,blues,sad|happy|playful,0.621,0.46,0.624,81.8,-9.95,0.129,0.494,0.101,0.037,259005,3,0,4,52
vygFP477wHntRrQ6e0DobN,Bitter Dream,Zara Reyes,jazz,chill|playful,0.562,0.372,0.691,129.5,-9.67,0.101,0.388,0.338,0.183,125137,10,0,4,64
WNoLFXqNJc0b0YMlNoACCI,Distant Dream,Cole Lark,folk,dreamy|uplifting,0.583,0.386,0.556,116.2,-10.28,0.022,0.869,0.0,0.092,255130,3,0,3,68
wxSCOO203oFIvfoMm5eg36,Burning Road,Mira Wells,jazz,aggressive,0.485,0.501,0.594,88.5,-13.64,0.064,0.352,0.135,0.217,280614,3,1,5,50
Y5ooxzkXOPZxvbhnvWJthW,Golden Memory,Nova Reyes,indie,romantic|nostalgic,0.685,0.453,0.392,111.5,-7.56,0.075,0.253,0.204,0.117,202723,8,0,4,39
zO3JSVPAAoaWEbNNAZsI9I,Hollow Memory,Zara Shaw,hip-hop,playful|melancholic,0.925,0.676,0.455,114.3,-5.88,0.292,0.034,0.259,0.345,214211,10,1,3,64
a0Kpj7CxmiNUyMs2GVzm3R,Silent Heart,Nova Voss,rock,nostalgic,0.471,0.651,0.453,133.0,-6.25,0.129,0.114,0.0,0.166,162854,3,0,4,40
Vys1SXQ0q7AZvM3jmNAXx7,Radiant Garden,Finn Vance,blues,melancholic,0.415,0.521,0.496,87.0,-8.06,0.056,0.679,0.403,0.254,244457,6,1,3,63
SrNDph440b9xnJHHPQMogW,Neon Bloom,Ezra Ryder,pop,uplifting|nostalgic,0.687,0.648,0.612,117.0,-10.18,0.0,0.21,0.135,0.145,182716,3,0,4,88
V0Ogcg9xWga6Ad2VMFZGtK,Restless Horizon,Mira Cross,hip-hop,dreamy|nostalgic,0.759,0.775,0.268,104.1,-5.32,0.184,0.207,0.324,0.278,211196,10,0,5,49
i6nyuVZpkEfq43EXSlPRwa,Restless Ghost,Sena Voss,country,playful|romantic,0.605,0.62,0.468,128.0,-6.3,0.048,0.381,0.0,0.212,150134,11,1,4,22
zfBTGE8VY0TyoVb7FmDkj1,Crystal Garden,Talia Voss,classical,energetic|happy|nostalgic,0.471,0.293,0.681,93.1,-12.95,0.118,0.748,0.927,0.195,120136,4,0,4,100
HBinr3jQio0s6WijAtebhq,Wild Shadow,Ava Frost,rock,tense,0.521,0.893,0.313,143.6,-5.88,0.088,0.0,0.0,0.036,299361,3,0,4,87
K4mS9KbpTgBMAqyB8HaX8j,Burning Star,Toma Frost,r&b,uplifting,0.48,0.592,0.275,123.0,-9.34,0.063,0.321,0.22,0.161,223429,4,0,5,21
DyBtYBKk6BxMR5OclJ9kE1,Endless Rain,Talia Quinn,rock,dreamy|nostalgic,0.467,0.566,0.655,126.2,-7.18,0.036,0.0,0.0,0.396,226433,10,1,5,26
l4Wc8sAVxo94ukePFOdvZ2,Restless Shadow,Reo Shaw,r&b,nostalgic|tense,0.577,0.569,0.534,94.9,-5.25,0.097,0.0,0.055,0.093,234736,2,0,4,15
1x4mlpGItd2KNvxva7ZB1k,Restless River,Kai Cade,pop,happy|melancholic,0.717,0.772,0.796,126.2,-0.14,0.0,0.192,0.109,0.161,224464,1,0,3,45
izu33q6E1mEcrkYPeYthxj,Lonely Star,Zara Knox,jazz,tense,0.476,0.548,0.401,100.5,-9.65,0.054,0.618,0.288,0.034,175720,0,1,4,62
m4u1t8P8m8PnBc9zjanFAd,Silent Heart,Kai Shaw,pop,romantic|nostalgic,0.743,0.55,0.544,112.7,-6.79,0.029,0.193,0.0,0.246,216676,10,0,4,58
pVeLLrKmrrNTMePPyfxNcl,Sweet Storm,Toma Marsh,country,uplifting|happy|chill,0.567,0.518,0.84,102.0,-10.24,0.082,0.503,0.0,0.139,254139,6,0,3,31
boAoraLPfTWy4f6AKnhp75,Velvet Memory,Ezra Lark,classical,melancholic|chill,0.437,0.154,0.493,99.2,-15.71,0.0,0.937,0.636,0.006,117065,0,1,4,38
hu7NgxADtPWbOFS0LqKgCP,Radiant Horizon,Toma Blake,electronic,aggressive|tense,0.794,0.963,0.409,106.7,-3.25,0.084,0.129,0.433,0.252,208155,1,1,4,31
Mz0vcYZbXRQbl1hRKVCNC6,Hollow Rain,Iris Vance,country,dreamy|aggressive,0.457,0.732,0.644,127.9,-2.57,0.0,0.261,0.006,0.071,256511,6,1,4,54
y6gYZ03rl6j0H69QsFsyLF,Bitter Ocean,Sena Wells,pop,uplifting,0.795,0.704,0.717,123.7,-3.19,0.059,0.205,0.0,0.211,244823,6,0,5,44
fCgrhgiglNcwHG7UGseLm9,Burning Skyline,Sena Reyes,latin,playful|chill,0.771,0.533,0.647,119.3,-7.57,0.15,0.185,0.136,0.105,213236,7,0,5,16
h8et7l2offx3tE05LSCOU3,Midnight Fire,Toma Voss,jazz,nostalgic,0.381,0.462,0.713,89.8,-9.92,0.05,0.625,0.095,0.088,199339,5,0,4,58
7i1MQWKnIDSH6GrmeaCsK5,Broken Fire,Zara Shaw,indie,tense|energetic,0.693,0.57,0.489,116.4,-6.23,0.07,0.281,0.012,0.078,192748,4,1,3,3
fhyl1G7bfXAIYc74Dp9k6H,Electric Wave,Cole Cross,pop,melancholic|happy|playful,0.666,0.63,0.603,115.0,-4.88,0.0,0.0,0.051,0.036,182427,3,0,5,54
BR4FfAeDiZDCuoRN2K7vq4,Velvet Dream,Finn Blake,reggae,uplifting,0.777,0.533,0.63,79.0,-10.89,0.0,0.0,0.175,0.243,226373,0,0,4,99
LrAZ3JNDzOgA0AXhhIxDcV,Golden Dream,Jax Cross,metal,energetic|romantic|dreamy,0.153,0.873,0.404,135.1,-5.58,0.083,0.0,0.066,0.179,209429,0,1,4,35
AZueDyFR63Q8P7SPPoPEjZ,Restless Skyline,Ava Cade,country,aggressive|dreamy,0.507,0.472,0.801,84.9,-11.57,0.045,0.452,0.0,0.202,245281,10,0,5,49
nRfgam4u6HbDD3Sfd5Lfkd,Wild Road,Rio Knox,rock,melancholic|nostalgic,0.533,0.85,0.409,132.7,-4.82,0.056,0.271,0.207,0.055,177316,2,1,5,64
m3CozmDX3R1wE7W0cHeveS,Sweet Horizon,Iris Knox,electronic,energetic|romantic,0.663,0.679,0.483,135.8,-7.4,0.099,0.05,0.543,0.218,227156,11,0,3,56
9JMTCt28lEuC7erHM9elxw,Silent Bloom,The Ghosts,hip-hop,energetic|melancholic,0.666,0.703,0.567,120.6,-7.96,0.238,0.0,0.0,0.108,237882,0,0,4,85
Zkxqv2Xk3Hm1ZU30jrb02i,Velvet Heart,Nova Marsh,r&b,nostalgic|dreamy,0.637,0.412,0.4,116.7,-9.99,0.011,0.199,0.064,0.117,259946,4,0,4,35
tchC0E0UqNO6gKl7GmisKx,Electric River,The Lights,jazz,happy|nostalgic|playful,0.544,0.521,1.0,109.4,-7.9,0.144,0.463,0.357,0.152,248674,4,0,5,83
CMn6aS5Djh7XV5F1JlePLS,Silent Garden,Ava Cross,metal,tense|uplifting|playful,0.485,1.0,1.8,145.3,-8.34,0.007,0.0,0.023,0.016,193364,7,1,4,47
sUNluJyEruAY86stohnk6I,Electric Ocean,Nova Hale,country,uplifting|sad|energetic,0.513,0.693,0.721,88.3,-4.45,0.191,0.31,0.0,0.0,209755,3,0,3,56
is0XH730cWTgGENNMEgY7F,Radiant Horizon,Talia Reyes,folk,nostalgic|playful,0.493,0.324,0.293,83.6,-7.92,0.109,0.872,0.121,0.132,253278,4,0,4,34
31z1pXk1kmylPGgP1TV8LZ,Endless Wave,Nova Blake,r&b,sad,0.596,0.517,0.243,95.8,-11.47,0.077,0.454,0.0,0.198,279609,1,0,4,51
eylzyFgWreBYIlAQSxLFcd,Endless Echo,Leo Marsh,r&b,happy|tense,0.659,0.516,0.605,85.1,-8.99,0.113,0.412,0.128,0.071,128781,9,1,5,17
J1qjBFHAVf0CG2rautIw7P,Electric Shadow,The Rivers,latin,tense|melancholic,0.674,0.864,0.798,99.7,-6.68,0.077,0.0,0.178,0.185,284914,7,0,4,72
JZgUjRwMGonTKRKeLF4UQL,Velvet Light,Talia Quinn,r&b,chill,0.612,0.596,0.331,80.7,-13.55,0.002,0.293,0.079,0.148,266233,8,0,4,28
SnFBTOODo8ZkAW20tkBQAX,Endless Storm,Nova Ryder,rock,tense|aggressive,0.554,0.765,0.569,128.8,-6.5,0.0,0.048,0.245,0.217,252549,6,1,4,17
qEHT3StHBbPuyqhofTbzzz,Golden Shadow,Reo Marsh,hip-hop,aggressive|energetic,0.617,0.485,0.518,113.3,-6.54,0.167,0.086,0.107,0.0,158236,7,1,4,64
1nRYjBkoEubvV1Osnj9lUA,Midnight Skyline,Talia Cade,indie,chill|happy,0.475,0.648,0.46,97.1,-5.33,0.066,0.321,0.0,0.249,230231,5,1,3,72
cVvytcVbAC8tgxHyFNuRis,Midnight Star,Talia Blake,indie,dreamy,0.508,0.256,0.461,134.0,-8.89,0.0,0.429,0.0,0.119,236034,0,1,3,48
tk2rT5d2sXmzxsVufLeT82,Hollow Heart,The Skylines,blues,energetic|dreamy,0.226,0.168,0.534,93.4,-12.09,0.027,0.514,0.241,0.236,176005,1,1,5,52
HRVcINT8yx9UP7JygtANjQ,Electric Dream,Rio Cade,classical,dreamy|melancholic|playful,0.151,0.356,0.365,94.4,-17.35,0.065,1.0,0.683,0.23,201577,7,0,4,12
cIdG6AiTUHWZTouUSuOEgs,Neon Storm,The Echos,hip-hop,melancholic,0.908,0.545,0.329,91.5,-2.46,0.16,0.129,0.0,0.025,202542,10,0,4,50
AzSl9QcBJ5uzAYW6Wc13WN,Midnight Shadow,Wren Stone,indie,happy,0.526,0.627,0.714,105.6,-9.62,0.093,0.504,0.271,0.128,290083,1,0,4,87
Q4fPre5dt6wi3HIEAsUBG8,Bitter Horizon,Ava Ryder,rock,happy,0.463,0.633,0.689,137.6,-1.86,0.112,0.125,0.116,0.029,266999,11,0,4,75
iknetqJIz8oABGclMuxr6I,Crystal Wave,Iris Lark,indie,nostalgic|aggressive,0.531,0.777,0.223,124.5,-12.05,0.0,0.329,0.0,0.359,245907,8,0,3,27
cT1M9AlNRpKUuUY4VOBfmy,Broken Road,Ava Vance,latin,melancholic|uplifting,0.803,0.667,0.845,102.5,-4.44,0.035,0.254,0.0,0.161,192968,10,0,5,52
C7fxxY5vyiSmKRsFAt5A2T,Radiant Dream,Wren Shaw,blues,uplifting|dreamy,0.478,0.389,0.363,74.9,-12.92,0.137,0.646,0.0,0.071,274923,7,1,4,51
zW0iUSvUgdogx2pbGDZcpo,Midnight Skyline,Reo Knox,folk,dreamy|uplifting,0.432,0.193,0.676,103.7,-11.34,0.124,0.915,0.126,0.244,212450,0,0,4,14
NUBFklsXHvwhv2OCc8mqms,Faded Dream,Nova Cross,reggae,energetic,0.854,0.665,0.572,102.1,-6.41,0.129,0.605,0.059,0.136,219701,10,0,5,44
Bnz5J9vnKN35S8lGzUny7L,Lonely Fire,Nova Reyes,folk,energetic|aggressive,0.661,0.283,0.542,99.2,-8.88,0.174,0.74,0.164,0.204,141855,4,0,4,40
BxgrGjy23JlDjvAW1p6Npc,Golden Wave,Mira Marsh,latin,nostalgic|happy,0.914,0.797,0.79,108.5,-6.94,0.078,0.348,0.0,0.401,207004,11,1,5,50
L7Ok0BVM4pAaKLFcEm3NNx,Distant River,Ava Voss,r&b,tense|melancholic,0.537,0.519,0.404,95.3,-9.56,0.064,0.048,0.0,0.17,227315,5,0,3,48
MzqjixAnGXxeBb9mhjeXNf,Fading Fire,The Echos,electronic,chill,0.508,0.73,0.609,132.9,-9.82,0.02,0.063,0.363,0.225,197815,11,1,3,65
EtrfQgsRHykM0QTFG1miOG,Fading Road,Leo Quinn,blues,nostalgic,0.435,0.539,0.282,105.7,-8.03,0.103,0.517,0.08,0.0,181349,7,0,5,56
UCceEje8xSfI3qPY45D9Ws,Wild Heart,The Roads,country,dreamy|energetic,0.705,0.512,0.621,104.2,-10.94,0.061,0.347,0.038,0.0,133181,11,1,5,29
K5ntEBPr9NLulT5mj2umUE,Restless Rain,Jax Wells,rock,happy|energetic,0.677,0.771,0.715,135.9,-5.43,0.087,0.27,0.0,0.222,263881,10,1,3,55
LgU52OHKW6do7rEDR7qrVN,Faded Ocean,Toma Lark,latin,dreamy|tense,0.741,0.645,0.802,94.2,-4.1,0.044,0.404,0.0,0.215,295505,5,1,5,31
WY9P5CAiw8fWYKDn1RgObj,Radiant City,Rio Hale,blues,sad,0.609,0.573,0.417,79.8,-8.4,0.035,0.445,0.305,0.171,200816,2,0,4,81
5awqHscrYp37ZJ4ddI7yAA,Crystal City,Nova Lark,classical,uplifting|playful,0.46,0.31,0.416,112.2,-17.08,0.087,0.891,0.8,0.0,176271,10,1,3,28
52jaxtHJHxdD5njxDMfAlQ,Radiant Heart,Reo Quinn,country,uplifting|aggressive|energetic,0.687,0.753,0.606,106.6,-7.43,0.112,0.461,0.0,0.074,256988,4,1,4,30
scEx76HGkijEiRtGuLNo4e,Restless City,Zara Knox,hip-hop,energetic|happy|aggressive,0.506,0.81,0.551,124.9,-7.02,0.193,0.03,0.048,0.172,236513,0,0,5,45
AC4hT8K7KKqRzVx0cflmvE,Bitter Shadow,Sena Ryder,reggae,playful|energetic,0.591,0.633,0.594,80.2,-4.29,0.0,0.099,0.201,0.195,175656,6,1,4,39
KUKrhGIoyGWUaIL0H6H6TV,Golden Wave,Jax Vance,pop,uplifting|chill|tense,0.688,0.543,0.658,109.8,-4.2,0.047,0.0,0.0,0.344,226922,10,1,4,24
bW3mdIKSYD7m9UE3AdQlE9,Bitter Garden,The Echos,latin,sad|tense,0.892,0.599,0.527,98.6,-4.58,0.029,0.422,0.234,0.287,202881,5,1,4,49
ro9OybsGRNHHppziVJRPh7,Endless Road,The Hearts,blues,dreamy|melancholic,0.435,0.299,0.159,92.2,-8.6,0.041,0.397,0.15,0.015,178298,11,1,4,43
XaCqzZZJUyVnIysy1ed5VD,Sweet River,Iris Ryder,rock,romantic,0.36,0.769,0.772,112.8,-8.73,0.14,0.118,0.0,0.165,267757,4,0,5,0
9PhH7WZxA2ipp5nI15Rphz,Restless Skyline,Kai Voss,classical,sad|nostalgic|chill,0.531,0.313,0.344,91.5,-18.1,0.018,0.695,0.787,0.09,221485,9,0,4,49
kOb9x6EP33c2JmLRi0QjAp,Midnight Echo,The Citys,r&b,uplifting|sad,0.783,0.355,0.351,61.2,-5.87,0.055,0.142,0.0,0.061,217582,2,0,3,53
mmY0hRAb0mdITNMlRWRxzp,Broken Dream,Ava Quinn,folk,chill,0.607,0.272,0.563,104.3,-11.14,0.028,0.733,0.005,0.082,233752,8,0,4,19
xqiQjWUnQQfVERFHh7ylZh,Wild Skyline,Cole Wells,pop,romantic|happy,0.917,0.641,0.618,121.2,-8.33,0.072,0.103,0.0,0.207,206441,11,0,4,55
2q4ecVy9suv8GlabRKqWeS,Silent Fire,Leo Cade,country,playful,0.621,0.657,0.786,114.7,-7.63,0.086,0.463,0.0,0.213,222468,10,0,3,47
TyCC1bMJK0xn3tjwSXeFdh,Velvet Road,Nova Quinn,jazz,chill,0.542,0.301,0.552,126.2,-12.68,0.0,0.54,0.414,0.077,211659,2,0,4,45
H9btX8W1egSl43eQiyhdLQ,Midnight Light,Kai Marsh,latin,aggressive|nostalgic|tense,0.57,1.0,0.473,104.0,-5.37,0.061,0.183,0.177,0.037,234218,6,0,5,77
bIvCt4FfFCguvAsHKSyqpj,Silent Fire,Nadia Voss,metal,tense,0.259,0.927,0.418,152.1,-4.14,0.127,0.203,0.144,0.192,289639,8,0,4,33
kb0sGiqbhZ6wjeCXnIhdeQ,Bitter Bloom,Rio Hale,folk,chill|melancholic,0.529,0.568,0.7,98.2,-10.86,0.13,0.621,0.029,0.127,191791,0,0,4,54
CXl1Hg8IXXGxP3IqcDpY2s,Lonely Dream,Toma Frost,classical,dreamy|chill|uplifting,0.241,0.157,0.873,81.3,-21.05,0.011,0.758,0.485,0.172,133161,3,0,4,60
4Qi8QOFcN96U2xxED4PZZk,Golden Heart,Rio Wells,latin,uplifting,0.872,0.833,0.63,95.9,-2.83,0.045,0.139,0.0,0.13,278113,11,1,4,41
xoOa9NgjSFUdZCm5yzld9A,Silent Garden,The Fires,country,playful|tense|melancholic,0.535,0.653,0.52,105.7,-4.75,0.094,0.0,0.061,0.018,247063,2,1,4,39
SOC8v7CA4QGhhk121ac3wA,Crystal Road,Rio Cross,latin,happy|tense,0.549,0.829,0.649,96.1,-4.74,0.119,0.091,0.119,0.324,255259,10,1,4,67
kmJtqJ5ipSjILagVEeczmF,Bitter Dream,Leo Wells,jazz,melancholic|uplifting,0.578,0.637,0.597,101.4,-7.37,0.064,0.709,0.399,0.048,263647,3,1,5,37
qWd3xJ4HDYaq3NV94fKmZh,Sweet Storm,Rio Hale,indie,sad|nostalgic,0.489,0.657,0.298,95.1,-12.77,0.0,0.362,0.022,0.151,249160,0,0,5,64
p9mnCRHFnQQouVHdu15JkN,Faded City,Wren Reyes,pop,playful|uplifting,0.469,0.445,0.642,135.8,-1.44,0.043,0.255,0.0,0.0,188065,11,0,5,42
sDcrZHEds1iH6Oc9r7QI5N,Electric Bloom,The Rains,classical,romantic|chill,0.151,0.352,0.404,98.5,-15.91,0.118,0.809,0.9,0.0,202247,6,0,4,46
LgL5gVFMKDbYvDL52RCngb,Bitter Heart,Reo Reyes,folk,nostalgic|sad,0.375,0.233,0.251,103.2,-9.18,0.0,0.564,0.0,0.295,265092,3,1,4,73
P6VeJzB3b4EaNYtfSWLuFk,Wild Dream,Toma Lark,blues,aggressive|tense,0.245,0.493,0.519,96.6,-9.0,0.076,0.378,0.158,0.193,270404,8,1,5,70
0Z8ncRIeXdEUNL5Y2orwzw,Broken Memory,Ava Knox,indie,aggressive|tense,0.31,0.748,0.558,121.9,-6.92,0.156,0.342,0.376,0.221,216662,7,1,5,60
gul3iCpE22SkUi6Am5W8H8,Hollow River,Iris Blake,blues,melancholic|energetic|playful,0.654,0.396,0.287,87.6,-7.46,0.002,0.501,0.236,0.092,167902,0,0,4,54
h7T3m49PXOvENYzft9qsbd,Crystal Storm,Reo Stone,blues,happy|aggressive,0.504,0.586,0.441,97.1,-11.1,0.195,0.326,0.261,0.237,217712,10,0,4,42
bBIVzYwPkmkdti1bPskj4r,Endless Horizon,Zara Stone,hip-hop,happy|sad,0.793,0.349,0.535,87.5,-5.94,0.192,0.121,0.02,0.174,163843,0,0,3,72
kyMtrQytogbiLhV47ibKFB,Crystal City,Cole Knox,country,uplifting,0.45,0.561,0.806,115.1,-4.84,0.066,0.376,0.045,0.143,164515,7,1,4,68
bFqjzGNahCwdgDEwrC2wco,Broken Light,Zara Blake,r&b,melancholic|romantic,0.712,0.657,0.288,84.0,-9.05,0.0,0.319,0.13,0.086,214869,9,1,5,58
v9Nvs38s5cJIJGv4amZFke,Faded Echo,The Dreams,jazz,melancholic,0.474,0.223,0.429,110.3,-7.79,0.068,0.451,0.375,0.269,203293,1,1,3,34
gxWzoYs5mM4TFA2GjOwi0p,Bitter River,Ezra Knox,jazz,nostalgic|dreamy,0.386,0.251,0.48,108.5,-9.58,0.084,0.352,0.404,0.033,220727,3,0,4,70
b5EO1r3qpiKFKiSXal5Wi7,Neon River,Rio Shaw,latin,uplifting,0.7,0.572,0.963,111.0,-4.51,0.03,0.129,0.0,0.365,232123,11,1,3,54
idB2WhbW1Hsg4bZZyWL6QS,Restless Garden,Iris Lark,hip-hop,nostalgic|energetic,0.895,0.535,0.337,81.1,-7.35,0.221,0.215,0.118,0.006,280367,0,0,4,44
b0UrTSozMfC9Vs91lVnJ6d,Sweet Light,Nova Reyes,country,melancholic,0.611,0.71,0.265,105.3,-9.11,0.076,0.413,0.012,0.346,209652,7,0,4,15
Vmo2yXkJys8fez4MiFEPdp,Sweet Bloom,Nova Voss,reggae,uplifting|nostalgic,0.684,0.658,0.753,85.4,-12.19,0.022,0.152,0.219,0.061,223825,1,0,4,45
FWqsHF3b4o5JfS5FgE0rEs,Radiant Horizon,Reo Quinn,country,sad|aggressive,0.519,0.422,0.439,113.1,-6.4,0.127,0.434,0.0,0.347,255384,8,1,4,42
6A06Mph4ITxZGXvl8TPg8H,Hollow Shadow,Cole Cade,electronic,melancholic|nostalgic,0.835,0.85,0.428,119.7,-2.63,0.126,0.07,0.371,0.335,191231,7,0,4,16
qtJnaqh6b2xtvP396HNyae,Radiant Memory,Reo Quinn,reggae,playful|chill|tense,0.623,0.554,0.643,81.8,-6.41,0.05,0.492,0.0,0.148,254505,9,0,4,52
wu2clBtEiimeq4ARsYjcja,Endless Ghost,Reo Wells,country,tense|aggressive|sad,0.813,0.517,0.0,102.3,-3.76,0.14,0.374,0.0,0.049,233595,8,0,4,46
Bhl99a1q9wNFFXAE2UPYqd,Wild Bloom,Ava Cade,electronic,aggressive|sad,0.657,0.975,0.441,108.2,-6.11,0.081,0.0,0.492,0.027,252390,6,1,4,4
zjqRJaXTrBEE6Mo5mJpLvY,Golden Shadow,Iris Cade,metal,dreamy|aggressive,0.485,1.0,0.218,111.3,-1.63,0.07,0.208,0.192,0.091,243096,8,0,4,28
eeXLbyF8Fo3AIulRpD7XP8,Fading Storm,Leo Lark,blues,melancholic|chill,0.424,0.399,0.493,91.8,-10.27,0.0,0.444,0.149,0.0,203418,1,1,3,62
UAEHySYgNIyWyswmpHmDon,Electric Heart,Ezra Shaw,folk,happy|energetic,0.657,0.364,0.244,110.8,-9.98,0.082,0.623,0.095,0.067,230320,0,1,4,54
NM2Rmvk5xeja9NHD1wvt7V,Burning Garden,Kai Vance,r&b,romantic|dreamy,0.483,0.545,0.454,104.5,-8.04,0.088,0.397,0.012,0.174,177846,9,0,4,34
IAecfaHmdgxmvW7ROi3YCJ,Midnight Heart,Wren Wells,r&b,romantic,0.667,0.804,0.556,60.7,-8.35,0.028,0.464,0.012,0.167,318998,1,1,4,82
xFLkpkQUeXImKuEATI45wm,Bitter Bloom,Wren Cade,country,dreamy|sad,0.604,0.693,0.534,105.0,-5.53,0.028,0.246,0.0,0.256,248383,4,1,4,41
EU2Ky4SDSmDSMU1NxyIHZc,Bitter Road,Finn Wells,classical,happy|playful,0.319,0.475,0.611,84.7,-18.9,0.086,0.797,0.77,0.259,177396,5,1,5,27
fGsZ7iQVZy7thVakjZ4dxI,Lonely Road,Wren Knox,blues,dreamy,0.729,0.237,0.319,100.5,-10.43,0.087,0.402,0.0,0.286,154360,0,0,3,40
zjxa7Nf3QEUPNk3zggN8TI,Golden Bloom,Finn Cross,electronic,uplifting|tense,0.772,0.714,0.62,127.0,0.0,0.087,0.239,0.638,0.118,155422,6,1,3,67
kb2Uj3Dklhzp9eFsQROgNM,Lonely Star,Iris Voss,electronic,playful|nostalgic,0.771,0.84,0.161,132.4,-5.22,0.183,0.071,0.262,0.309,234703,11,1,4,51
UL3VB5y0oLb32CriQyBnnG,Radiant Dream,Zara Vance,pop,energetic,0.735,0.565,0.516,110.9,-4.88,0.07,0.046,0.085,0.054,227437,4,0,5,24
3pyhkoLnmJfJLqvOrQP5L7,Endless Ocean,Wren Quinn,electronic,tense|dreamy,0.695,0.748,0.539,113.8,-9.91,0.0,0.0,0.334,0.265,175068,1,1,3,30
b4pgpt7zts6oMaSfvR2ooK,Crystal Star,Sena Marsh,reggae,aggressive|nostalgic|happy,0.723,0.489,0.611,100.2,-9.76,0.085,0.513,0.078,0.175,260322,7,0,5,19
8YKLeP44msAJVcyOZbywze,Silent River,Reo Stone,hip-hop,sad|aggressive|energetic,0.796,0.65,0.406,88.9,-7.54,0.264,0.346,0.0,0.177,186849,10,0,3,10
MSFTdCn0UtPigI5bUWGNR4,Velvet River,Zara Marsh,jazz,dreamy|melancholic,0.679,0.598,0.206,103.7,-10.48,0.067,0.224,0.234,0.06,241530,6,1,5,43
w4lN582WRTI7axpP7cZmzh,Midnight Horizon,Finn Vance,latin,happy|playful,0.703,0.637,0.825,79.5,-6.72,0.105,0.175,0.0,0.259,221355,5,0,4,0
wZi2axKp7WU13v1qfx1FUk,Lonely Wave,Jax Ryder,rock,playful|energetic|chill,0.594,0.954,0.408,133.1,-9.01,0.011,0.075,0.081,0.169,230431,1,1,4,36
YzbYnlPJQJGL5qQI9KEJ19,Radiant Rain,The Gardens,metal,aggressive|energetic,0.595,1.0,0.296,126.4,-6.5,0.079,0.0,0.248,0.075,199896,10,1,4,52
wjcaPiX9KWS2HNbskQAKSJ,Golden Star,Jax Lark,indie,energetic|melancholic,0.742,0.46,0.643,133.2,-8.25,0.079,0.563,0.3,0.209,167440,11,0,4,100
ITHRTOfBPlzB7zNGErW4ik,Lonely Memory,Zara Stone,pop,playful|romantic,0.445,0.496,0.73,120.9,-7.76,0.079,0.029,0.004,0.151,273001,1,1,5,13
8qPStPOex7myhqv2eRQP56,Sweet Echo,The Memorys,rock,happy|dreamy,0.459,0.612,0.61,124.1,-11.6,0.042,0.223,0.024,0.16,231193,0,1,5,43
R4weA48sV46dP1Bsc4dvJW,Fading Rain,Mira Quinn,rock,tense|sad|chill,0.433,0.594,0.595,114.7,-6.94,0.075,0.0,0.0,0.377,208908,2,1,3,25
uYMuFtSJxNgW9on6FwLLXm,Lonely Fire,Toma Quinn,hip-hop,melancholic|sad,0.775,0.781,0.37,111.9,-7.47,0.207,0.358,0.116,0.0,195507,4,0,4,38
ivEQKCw1OemfuVrAmBFPB9,Silent River,Finn Vance,r&b,sad|chill|dreamy,0.772,0.604,0.33,107.8,-6.8,0.0,0.308,0.0,0.239,256052,2,1,4,40
gNsHL2pRmTozW43nNK03Bb,Broken Rain,Reo Blake,jazz,playful|dreamy,0.517,0.523,0.483,117.4,-9.24,0.035,0.802,0.235,0.064,172806,7,1,3,32
Gsg15j6yq0bu25p9xiMo1l,Silent Storm,Reo Hale,metal,chill,0.346,0.771,0.441,135.8,-10.55,0.0,0.0,0.186,0.12,204141,0,1,4,48
rwPkkCT8LYgHZawuYq2Fdd,Hollow Star,Rio Vance,r&b,nostalgic|romantic,0.604,0.561,0.612,101.3,-8.69,0.048,0.15,0.237,0.113,201976,4,0,5,49
YJJl7W0XAphbUKzWID6lx9,Fading Heart,Talia Reyes,hip-hop,nostalgic|sad|happy,0.859,0.667,0.405,88.6,-3.36,0.219,0.161,0.217,0.01,251468,2,1,3,55
MPXqmEIRJEkriDwGYfrbSy,Crystal Heart,Toma Vance,electronic,energetic|aggressive,0.688,0.855,0.655,130.0,-0.88,0.062,0.16,0.45,0.066,266899,2,1,5,19
y0IGRKpji1HeO6Ef18cJlj,Sweet River,Kai Hale,jazz,energetic|dreamy,0.392,0.442,0.644,87.0,-12.59,0.067,0.479,0.362,0.135,260565,10,0,4,28
AFO3HgnGRZ5jWoSSg3TUgN,Hollow Garden,Nadia Ryder,r&b,chill|uplifting|nostalgic,0.626,0.392,0.616,98.1,-4.88,0.015,0.0,0.0,0.125,184089,4,0,5,39
I0tlLYGu6dC1CcOinBIfRd,Wild Light,Nadia Voss,electronic,tense|sad,0.806,0.707,0.368,104.3,-3.5,0.112,0.175,0.233,0.156,219828,6,1,4,30
mgQLqUh1OPK3q0K9jPA6UR,Crystal River,The Roads,classical,nostalgic,0.324,0.295,0.316,79.7,-20.55,0.086,0.979,0.868,0.184,272846,10,1,4,100
JU05tVouUUMEYoaXNHdAuE,Silent Garden,Zara Cross,pop,aggressive,0.735,0.725,0.483,133.4,-5.66,0.0,0.383,0.109,0.057,197628,2,1,5,72
gWuqOa1MHXxRkgCTElO2KB,Silent Shadow,Rio Stone,classical,melancholic|chill,0.545,0.029,0.355,100.0,-15.7,0.056,0.817,0.837,0.0,215231,5,1,5,45
7TtDZQ3PB6yLM0VxmwKybC,Broken Shadow,Kai Ryder,rock,aggressive|dreamy|tense,0.457,0.735,0.443,117.9,-7.75,0.0,0.133,0.0,0.005,266737,4,0,3,64
Dgd5sT4uPHlydLzVc48bUD,Crystal Heart,Iris Lark,latin,sad|happy,0.885,0.647,0.569,89.8,-4.62,0.087,0.251,0.112,0.282,225524,1,1,4,21
326B46p7nBfJ2Lgpuv5M5W,Hollow Ocean,Iris Marsh,reggae,tense|sad|dreamy,0.823,0.557,0.53,89.9,-7.63,0.059,0.294,0.0,0.079,186229,11,1,5,60
sAeJBDREf4VA4WreHhq6Ad,Wild Wave,Mira Voss,latin,nostalgic|tense|energetic,0.773,0.847,0.571,88.1,-2.4,0.033,0.152,0.0,0.044,255126,7,0,5,75
7ByEweNBxnC0yDbp3N3U6l,Restless Rain,Nova Stone,pop,playful|energetic,0.842,0.545,0.441,116.6,-4.65,0.03,0.024,0.0,0.133,236873,0,1,4,65
11F6hwef9OIRJHJ5Tl4Fdp,Neon Skyline,Zara Reyes,r&b,aggressive|chill,0.569,0.398,0.204,79.0,-8.59,0.071,0.142,0.091,0.244,320527,1,1,4,42
rTH6kFCxLt51CMl2kDQ4Zd,Broken Wave,Nadia Shaw,electronic,melancholic|romantic,0.615,0.815,0.357,99.3,-4.92,0.159,0.097,0.395,0.192,216885,2,1,4,80
udHZhDdnZRCzenuksjJ9gB,Faded Fire,Toma Ryder,metal,aggressive|sad,0.383,0.845,0.275,144.4,-4.82,0.068,0.0,0.153,0.198,94367,7,0,4,58
Hj5Nkm9EN1YlxRKU4RMyIA,Crystal Horizon,Ava Blake,folk,aggressive,0.5,0.226,0.462,112.7,-8.76,0.0,0.961,0.0,0.017,196014,9,0,3,80
AzPbwB2RWEEQZlOgm9BbcI,Wild Echo,Ava Wells,classical,dreamy|uplifting,0.434,0.0,0.392,102.9,-18.09,0.038,0.862,0.839,0.236,277238,10,0,3,68
gZymQaSQWN4hBvfAIcbr0E,Neon River,Wren Knox,electronic,happy,0.655,0.782,0.606,111.0,-1.24,0.066,0.013,0.097,0.132,168501,8,1,4,48
C8HLa6dPu7lLMXqjoiwwQq,Velvet Echo,Jax Hale,electronic,uplifting|happy,0.681,0.717,0.644,127.4,-5.21,0.035,0.335,0.476,0.071,187457,0,0,5,70
a5q0PRSE8PqtF5P3oaMOUG,Electric River,Iris Vance,hip-hop,romantic|aggressive|uplifting,0.715,0.578,0.634,77.8,-6.49,0.209,0.106,0.0,0.119,224162,2,0,4,70
W8RcmmVz3fnznETubAbudo,Lonely Ocean,The Rivers,classical,chill|playful|dreamy,0.179,0.325,0.781,98.5,-20.3,0.07,0.846,0.968,0.032,217187,1,0,5,50
ZBY3akC1pl7iz4NMi84CiO,Bitter Storm,The Skylines,r&b,tense|happy,0.409,0.411,0.379,83.1,-5.02,0.046,0.493,0.0,0.214,187868,3,0,4,41
AD21JK6wOyr5VwMR8HQfW1,Endless Dream,Kai Voss,indie,nostalgic|sad,0.723,0.501,0.504,118.4,-6.81,0.007,0.36,0.094,0.036,267040,9,1,4,42
NvyambWiMmRaLv3GFPlbkb,Endless Ocean,Ava Quinn,reggae,aggressive|uplifting,0.681,0.622,0.702,97.8,-5.02,0.122,0.34,0.029,0.202,194967,0,0,3,34
owNAi8FApacVL9FyWo7XOl,Crystal Shadow,Rio Shaw,rock,romantic|tense|melancholic,0.761,0.673,0.539,136.5,-10.03,0.054,0.018,0.078,0.272,209300,3,0,4,59
HJESJtk9NxpTXmU6DgG7Lq,Neon Star,Ava Frost,rock,dreamy|romantic|energetic,0.518,0.957,0.504,142.0,-5.45,0.0,0.401,0.067,0.084,281219,3,0,4,59
wK2zqI6E0cm31i7hHDapNx,Golden Star,Toma Ryder,reggae,tense|dreamy,0.716,0.562,0.566,97.8,-11.2,0.0,0.278,0.082,0.282,262691,11,0,4,25
BXl9BvxAhxQFQCi0Z5ovQw,Broken Garden,The Fires,classical,romantic|uplifting,0.288,0.239,0.444,91.6,-15.38,0.025,0.844,0.636,0.17,270677,3,1,4,63
FURaBUSFtaMVeRkybjOGD6,Golden Horizon,Iris Reyes,hip-hop,happy,0.893,0.404,0.564,106.9,-7.91,0.229,0.0,0.0,0.191,216995,11,1,4,51
gsHtIOMtyR81vqeSelrTl9,Silent Bloom,Kai Wells,jazz,chill,0.248,0.386,0.611,104.1,-14.21,0.057,0.628,0.47,0.225,133960,0,0,5,7
AEuBUDATxLsR4JzoCJE0PQ,Bitter Ocean,Iris Blake,reggae,tense,0.649,0.631,0.871,91.5,-10.14,0.072,0.163,0.061,0.182,178173,2,0,5,56
XCUnk1yVHhoAev9QUNoztd,Restless Ghost,The Skylines,metal,nostalgic|tense,0.553,0.797,0.314,152.8,-1.85,0.066,0.198,0.247,0.178,270209,7,1,4,56
6UgUipR0esQRfrkfZwHjv2,Wild Road,Leo Ryder,r&b,chill|uplifting,0.751,0.362,0.907,89.4,-8.56,0.072,0.332,0.012,0.114,216780,4,1,5,79
NXYQWiTImsLsjHpw134iCd,Hollow Horizon,Nova Ryder,hip-hop,romantic|happy,0.727,0.684,0.631,77.2,-12.37,0.127,0.034,0.0,0.13,226449,4,0,4,17
9RgDdcxksu3NzaNbgkWE2h,Restless Skyline,Toma Stone,metal,energetic,0.29,1.0,0.544,147.1,-6.07,0.077,0.0,0.031,0.224,313254,7,0,3,41
w5PzS2fxApBJI8zrQyOQvP,Midnight Rain,Nadia Cade,latin,tense,1.0,0.755,0.638,108.8,-5.34,0.0,0.664,0.0,0.156,139904,1,1,5,57
ZWe0Sm6TAowXsmhop8hfSj,Restless Heart,Ezra Lark,country,romantic|nostalgic,0.374,0.614,0.563,119.1,-10.21,0.044,0.263,0.116,0.0,174518,1,1,3,29
hzeGvTakNDzCdXBqs2aMnW,Midnight Road,Finn Reyes,latin,playful|aggressive,1.0,0.587,0.503,95.8,-8.51,0.028,0.105,0.071,0.213,230754,11,0,4,57
tqts9epWH7I1iuIPlUpXQw,Crystal Shadow,Iris Hale,indie,melancholic|happy,0.409,0.564,0.526,105.5,-7.31,0.046,0.301,0.158,0.152,140623,5,0,4,30
OV0XwbDYzhqaQqGBGDh3QB,Radiant Heart,Rio Voss,blues,nostalgic|sad,0.409,0.487,0.199,91.2,-8.8,0.0,0.527,0.06,0.178,221818,6,0,3,92
NmNH1PoQy6q5zMaOAOhaNB,Golden Memory,Zara Marsh,hip-hop,dreamy|energetic,0.755,0.808,0.569,93.5,-6.72,0.175,0.252,0.119,0.033,253171,8,1,4,27
26O1ICjcANzx3X0YCFzF8U,Endless Star,Zara Knox,folk,energetic,0.43,0.277,0.383,117.5,-7.48,0.118,0.868,0.035,0.123,233445,10,1,3,16
CtG8XLWXpzD20ObBVeKS2V,Restless Ocean,The Echos,pop,tense,0.462,0.558,0.591,117.3,-5.5,0.136,0.249,0.0,0.188,227865,6,1,4,71
IuP5JsYlvvzer666eVC8Ht,Velvet Storm,Leo Hale,jazz,tense|melancholic,0.445,0.326,0.682,122.3,-5.17,0.115,0.418,0.499,0.317,217655,11,0,4,36
dqWTluK7LbqVZRRTaeN7p6,Faded Road,Toma Reyes,metal,energetic,0.311,0.84,0.345,133.3,-8.45,0.031,0.0,0.0,0.075,210539,9,0,4,77
To3VU53OGkgdBjIyJYwigR,Golden Heart,Rio Lark,blues,sad,0.701,0.423,0.247,85.8,-7.63,0.121,0.68,0.198,0.11,197884,2,1,5,31
l4vNuGHJx460u5CnM2oMFr,Neon Ghost,The Oceans,hip-hop,happy|playful,0.887,0.631,0.287,93.8,-8.19,0.206,0.197,0.0,0.11,213670,4,0,3,56
1hDk8aEdpBSFNJ0YGMYnEm,Burning Memory,Kai Blake,country,playful|energetic,0.675,0.739,0.653,124.9,-2.43,0.037,0.158,0.176,0.198,185819,9,1,5,51
2ssdKbd29kvZu7HDGju3Dm,Electric Echo,The Skylines,r&b,playful,0.534,0.633,0.426,107.3,-5.8,0.051,0.146,0.0,0.265,208530,2,0,5,43
RDIUxQd0TA7cN5UomFeNIy,Distant City,Nova Vance,r&b,dreamy,0.655,0.41,0.363,86.1,-7.09,0.136,0.108,0.092,0.147,285997,1,1,4,82
wkRu3bfMZfCEM7GTCKub29,Fading Storm,Kai Vance,indie,energetic|chill|nostalgic,0.511,0.727,0.603,127.1,-10.5,0.063,0.255,0.154,0.082,238633,0,1,3,42
PrFbDUWObABdUwFNy5uiEn,Faded Star,Nova Blake,pop,tense|chill,0.817,0.71,0.394,120.1,-8.71,0.041,0.158,0.0,0.378,202303,3,0,4,67
ezM8AfnFapqb0IQsMEHuoh,Crystal Heart,Mira Shaw,reggae,energetic,0.573,0.593,0.588,79.3,-9.57,0.113,0.323,0.0,0.156,233490,4,1,4,58
vG8O0zdCkwd135MmmOQToY,Midnight Shadow,The Lights,metal,tense|happy,0.387,0.842,0.14,146.6,-9.19,0.0,0.0,0.029,0.203,218204,9,1,4,43
jyyfcnJjhhHAlaWuYWcRix,Crystal Dream,Nadia Quinn,electronic,energetic|tense,0.58,0.853,0.099,118.3,-5.58,0.006,0.0,0.557,0.097,234292,5,0,4,25
L4wWFw0KY3thQKUaquq2Kd,Hollow Road,Reo Marsh,country,chill|uplifting,0.508,0.71,0.602,113.3,-7.7,0.073,0.323,0.119,0.116,231769,4,0,3,8
AfJcj3c6mhxxB5DD3Zulh4,Hollow Echo,Jax Ryder,reggae,chill|tense,0.861,0.337,0.611,77.1,-12.23,0.097,0.0,0.207,0.07,221134,4,0,3,46
R5Qh3tiu7TGbFVsjkhkaXm,Restless Echo,Ava Vance,pop,chill,0.373,0.755,0.536,108.4,-4.2,0.0,0.322,0.145,0.05,175880,9,1,4,89
Gsma4EeSGtABaMbpTvhPrM,Golden Echo,Rio Blake,hip-hop,melancholic|tense,0.651,0.718,0.461,100.3,-7.84,0.232,0.242,0.133,0.106,257998,11,1,4,60
G2BwIizo8bYgTy3eGdmcYQ,Velvet City,Talia Quinn,indie,energetic|playful|happy,0.761,0.598,0.473,96.9,-8.21,0.078,0.27,0.112,0.239,157216,6,1,4,26
5ekG4OaMeZ6KfDESbfK1SH,Neon Garden,Leo Shaw,classical,aggressive|uplifting,0.045,0.211,0.618,100.6,-20.53,0.0,0.806,0.878,0.105,245351,9,0,5,67
42Z4E55v93MHls8Ienj7IY,Electric City,Leo Quinn,folk,chill,0.245,0.267,0.42,91.5,-10.18,0.019,0.784,0.066,0.138,180850,5,1,4,31
cqB7UxjFtdUqwBqurYneOl,Faded Heart,Jax Wells,jazz,happy|dreamy,0.526,0.288,0.865,122.8,-10.41,0.02,0.482,0.406,0.0,269248,1,0,3,7
U8BgwJqXjwSff67IW3ESs7,Neon Skyline,Toma Lark,jazz,playful,0.351,0.448,0.725,112.9,-14.25,0.0,0.739,0.31,0.109,203144,3,0,4,51
xto8zjOXC9PrH29UgJDmhE,Sweet Road,The Gardens,latin,energetic|tense|melancholic,0.741,0.735,0.905,97.5,-0.44,0.0,0.18,0.042,0.013,204679,1,1,5,5
QNd1PdoN2hzhciGfg5g8gF,Golden Rain,The Gardens,folk,chill|happy,0.527,0.259,0.418,113.0,-6.15,0.023,0.933,0.0,0.078,147508,6,0,4,40
BiLuG8e6d15CEhLzQ6FBF3,Wild Dream,Nadia Cross,hip-hop,energetic|aggressive|uplifting,0.657,0.785,0.654,91.1,-6.5,0.25,0.089,0.0,0.012,230314,10,0,3,47
BJVsuglAv4lF5AA89C8p8g,Crystal Ocean,Talia Reyes,folk,nostalgic|playful,0.536,0.166,0.381,97.4,-11.04,0.025,0.719,0.03,0.224,226418,9,1,4,53
VSLF6FeasxPyG1V4JlB6Sp,Fading Skyline,Jax Hale,rock,uplifting|melancholic,0.432,0.903,0.62,118.2,-4.74,0.089,0.03,0.036,0.069,184212,8,1,4,94
qaTJr98UGDqjAhwOYtDhZk,Broken Ghost,Reo Frost,reggae,uplifting|energetic|dreamy,0.688,0.536,0.731,94.1,-5.67,0.162,0.258,0.122,0.204,186599,6,0,5,47
ak3TmoO1wkpu3HOqRxMBpZ,Sweet Echo,Zara Stone,pop,happy|energetic|playful,0.74,0.703,0.61,121.1,-8.09,0.0,0.299,0.0,0.002,170115,7,1,5,25
OaslrYiu9JqzxH8LLnmpYZ,Crystal Garden,The Lights,country,energetic|nostalgic,0.547,0.385,0.677,117.0,-6.31,0.009,0.244,0.0,0.093,147632,4,1,4,53
3iFDV9etab82RsYy7qdHFM,Sweet River,Rio Wells,blues,uplifting,0.418,0.428,0.606,107.8,-12.13,0.032,0.477,0.295,0.162,181965,8,0,5,30
R1PMuqOJ8PuifU86fPih9Z,Distant Wave,Finn Voss,reggae,energetic|happy,0.596,0.72,0.836,95.0,-8.4,0.089,0.502,0.081,0.41,237958,1,0,5,56
7o6mDdRhMOpyoMXVNHZYSA,Crystal Dream,Sena Wells,indie,aggressive|uplifting,0.573,0.396,0.533,140.9,-9.3,0.079,0.267,0.085,0.125,133235,9,0,4,53
ZdGQpZVbCpv5rAdaVFLDTq,Golden Garden,Finn Frost,indie,chill|nostalgic|uplifting,0.537,0.511,0.448,116.6,-10.68,0.035,0.477,0.131,0.333,287674,8,1,3,38
CBryxmeTUF5QxS4NvKAiRQ,Restless Fire,The Echos,hip-hop,chill|uplifting,0.885,0.608,0.626,86.1,-7.1,0.161,0.0,0.0,0.115,211160,2,0,5,44
eyPMgmNqyJYMopiEzz70fy,Velvet Bloom,Zara Blake,blues,melancholic,0.555,0.601,0.321,84.7,-8.87,0.106,0.829,0.062,0.042,249485,6,1,4,15
MGgOHaHvwrlcXzaNOMTpNZ,Burning Heart,The Gardens,latin,melancholic|tense,1.0,0.72,0.566,102.0,-4.32,0.04,0.261,0.115,0.206,194904,10,1,4,71
TJhapldikqagFoRkJfuNS3,Crystal Rain,Nova Marsh,classical,dreamy|romantic,0.302,0.236,0.592,107.4,-18.63,0.059,1.0,0.834,0.121,230752,4,1,4,71
5d48AS3oqcxZ57f4mccwDl,Lonely Wave,Jax Shaw,pop,melancholic,0.68,0.576,0.316,118.6,-2.35,0.073,0.046,0.356,0.122,172583,11,0,4,32
ss0iPTpow056jQguzdjnQO,Neon Rain,Reo Stone,electronic,nostalgic|melancholic,0.731,0.841,0.344,144.7,-10.22,0.122,0.063,0.511,0.255,186832,10,1,4,26
U6bJFGO4sgDGA5ENPYoNX5,Velvet Light,Ezra Lark,metal,energetic,0.699,0.994,0.48,152.1,-3.28,0.072,0.0,0.065,0.24,233611,9,1,5,20
mR8QsKinYuSRSXiVrMmFVZ,Electric Heart,Leo Shaw,classical,energetic|nostalgic,0.322,0.287,0.129,115.0,-15.21,0.035,0.817,0.963,0.326,259041,9,0,4,66
NSDWQzihhH6JbBNcrp16GL,Broken River,Zara Marsh,blues,uplifting,0.515,0.364,0.056,78.4,-13.75,0.074,0.513,0.158,0.124,213214,4,0,4,50
MNx8FV06vyH0fePoqoevo1,Neon Bloom,Leo Ryder,metal,melancholic|nostalgic,0.427,0.832,0.155,149.9,-8.6,0.045,0.213,0.098,0.346,251470,6,1,3,16
1Cg5MWVoKgAu59kCR56C2V,Velvet Horizon,Mira Ryder,reggae,energetic,0.974,0.423,0.443,95.2,-9.51,0.104,0.311,0.231,0.078,281919,6,0,4,36
FjEVF6TuWokKhinOyuVvBs,Wild River,Sena Vance,jazz,happy,0.244,0.359,0.778,100.3,-8.95,0.056,0.568,0.243,0.078,228217,11,1,4,2
r9txyBmbLY13PcyBKuJd7V,Fading Bloom,Nadia Wells,blues,chill|nostalgic,0.586,0.446,0.405,103.4,-9.58,0.036,0.586,0.117,0.122,201796,4,0,4,32
uW4cEt1P0k0NRGj3IbmTF9,Faded Fire,Kai Vance,rock,happy,0.474,0.846,0.505,131.8,-2.96,0.054,0.026,0.054,0.202,282626,9,0,5,43
iQj18h0zLA1RHMYkSGBKFL,Endless Wave,Ezra Lark,classical,playful|energetic|chill,0.4,0.0,0.639,93.0,-19.02,0.111,0.747,0.736,0.123,210897,6,1,4,88
bceVxttDxelqxFpERKSIrG,Golden Heart,The Horizons,hip-hop,energetic|playful,0.925,0.833,0.52,122.1,-8.43,0.227,0.16,0.226,0.284,212760,8,0,4,21
QdMTgYxU0xCokl8jlpSiz4,Golden Dream,Cole Stone,r&b,romantic|playful,0.689,0.621,0.246,84.6,-8.66,0.116,0.03,0.072,0.201,235583,2,0,4,34
XvzSTEjCGwEmbiT7TnQVL0,Fading Star,Iris Reyes,indie,aggressive|energetic,0.345,0.51,0.514,106.1,-9.42,0.04,0.401,0.229,0.201,242809,3,0,4,66
LsO3VEZrpqfIHh9WWx3OCP,Hollow Ocean,Cole Cross,folk,sad|aggressive,0.519,0.187,0.372,104.9,-10.71,0.0,0.695,0.057,0.124,209038,3,0,4,45
OYo4dmjwoxuvLMUxmMClaX,Crystal Light,The Lights,jazz,nostalgic|happy,0.646,0.325,0.676,113.4,-16.47,0.131,0.7,0.337,0.107,213742,10,0,5,18
7gVWfToOZaoiknQkpwTtom,Restless Fire,Finn Lark,hip-hop,happy|sad|romantic,0.968,0.79,0.267,90.8,-8.25,0.218,0.0,0.0,0.047,283741,0,1,3,18
0qnKBUVSUdM5LySdYDLmL3,Broken Horizon,Leo Frost,jazz,dreamy,0.674,0.241,0.682,108.4,-13.15,0.16,0.623,0.37,0.203,203283,3,1,4,36
XxP8mO2jdTNkJoPxprjPrO,Radiant Road,The Dreams,rock,playful|energetic,0.786,0.771,0.512,108.9,-3.55,0.007,0.375,0.002,0.262,181014,8,1,3,71
PzSrM3k8H6LBmXHNPKKAGa,Electric Skyline,Nadia Hale,indie,happy,0.424,0.271,0.759,129.6,-13.67,0.127,0.439,0.088,0.093,268964,9,0,4,41
vxf0kyzYU9MeEPIl1CkMD3,Neon River,Ava Cade,jazz,happy|playful|uplifting,0.687,0.308,0.59,107.7,-9.06,0.1,0.625,0.259,0.25,224360,8,0,4,37
Fhm6FEE1NnHytbqD0br07j,Golden Star,Finn Cade,electronic,romantic|melancholic,0.821,0.831,0.726,130.2,-4.65,0.059,0.12,0.343,0.112,183866,1,1,4,74
hGEZ7aP9PwWcNJ0k5jeWA3,Silent Ocean,Rio Quinn,electronic,energetic|dreamy,0.725,0.674,0.652,118.9,-9.21,0.107,0.047,0.37,0.249,237082,5,1,4,55
Frt84biKh8mnijEB2b3nL9,Neon River,Finn Lark,blues,aggressive,0.622,0.298,0.392,86.9,-8.41,0.095,0.526,0.09,0.228,188560,3,0,4,38
pZ2aNCzLbYQs8ym1ubFEo9,Electric Star,Wren Voss,electronic,romantic|energetic|aggressive,0.669,0.899,1.8,136.2,-2.47,0.0,0.111,0.159,0.221,244521,0,1,5,25
Uu3bzKWHXs3tpnUHNbku5r,Restless Dream,Jax Knox,folk,nostalgic,0.391,0.19,0.175,129.5,-8.46,0.039,0.597,0.0,0.205,200893,2,1,4,58
hjEX4dVggHTnAdz89oZ937,Restless Horizon,Wren Lark,country,aggressive|dreamy,0.543,0.406,0.775,133.5,-7.91,0.08,0.0,0.0,0.002,176400,6,1,4,63
XGerTcfOagQhKbwcQtUtUk,Sweet River,Wren Cross,rock,happy,0.415,0.945,0.598,158.7,-11.84,0.126,0.02,0.107,0.096,265223,1,0,5,62
FAJiSU1u7I2qwLFijdxchR,Broken Ghost,The Shadows,indie,melancholic|dreamy|romantic,0.739,0.481,0.565,108.3,-8.42,0.089,0.316,0.148,0.296,189102,8,0,4,61
gRRMm2yyC4ffzkZwmvliM0,Lonely Star,Nova Knox,r&b,nostalgic|dreamy,0.742,0.411,0.518,111.4,-9.69,0.091,0.265,0.169,0.047,278526,10,1,5,64
3bEen2HK6qEQDQJvtOOdCL,Wild Ocean,Sena Ryder,folk,sad,0.298,0.398,0.377,98.9,-9.62,0.046,0.809,0.0,0.186,285965,5,1,4,63
vxTboEuah56VAauxFVcr2E,Bitter Storm,Mira Voss,electronic,tense|energetic|aggressive,0.794,0.71,0.421,116.3,-6.79,0.096,0.103,0.394,0.09,155789,0,1,4,42
usEfFSCZq4UgBHBFsSrHKN,Burning River,Wren Blake,electronic,happy|uplifting|energetic,0.723,0.702,0.616,125.7,-1.51,0.012,0.146,0.267,0.288,176252,9,0,5,27
qW9xobcPZSDOmrfxjErWQj,Broken Shadow,Rio Hale,electronic,uplifting,0.623,0.892,0.656,125.3,-9.14,0.108,0.0,0.351,0.372,233939,7,1,3,45
UAbb7k7BO3UCrvRWGye0HK,Wild Shadow,Nadia Marsh,jazz,uplifting|melancholic,0.691,0.416,0.903,120.0,-13.33,0.0,0.787,0.368,0.158,220701,4,0,4,23
Hdoal9wgwDXhz14YeMvTtA,Endless Shadow,Ava Stone,hip-hop,happy|aggressive,0.959,0.472,0.633,125.6,-6.03,0.148,0.0,0.213,0.166,193164,0,1,4,51
IrISUVJYXu4tXTUDAlaBK0,Lonely Rain,Nadia Knox,pop,melancholic|playful,0.608,0.438,0.697,123.4,-2.04,0.038,0.307,0.086,0.214,215669,7,1,4,61
JZ6GvbhIlLLKaNfa7gdkyp,Faded Heart,The Rivers,hip-hop,aggressive,0.876,0.752,0.441,92.9,-5.93,0.159,0.148,0.047,0.249,192352,10,0,4,34
Z4MFdmqudRxI81WOGVkQck,Wild Fire,Ezra Hale,electronic,chill|sad|romantic,0.796,0.693,0.451,134.3,-5.0,0.133,0.055,0.26,0.184,171590,1,1,4,51
JXy5OGXkizD9lpvAgeM3sm,Hollow River,Wren Cade,metal,uplifting,0.543,0.892,0.645,147.1,-4.09,0.088,0.038,0.165,0.174,186998,1,0,3,69
GHmvzm8sFg07BJPHdg21ED,Broken Heart,Finn Cade,hip-hop,energetic|romantic,0.817,0.652,0.637,125.0,-9.13,0.155,0.477,0.0,0.04,205939,6,0,4,61
Y0fmCgGoTq561LOFSLKjYj,Radiant River,The Stars,pop,romantic,0.775,0.675,0.496,128.2,-6.69,0.064,0.223,0.196,0.149,237244,11,0,4,38
X3DB1L1BZd7oI3pqF91HBj,Hollow Fire,Nova Cade,reggae,chill,0.801,0.72,0.417,80.4,-3.97,0.045,0.0,0.041,0.12,179300,10,0,3,28
92qbRDBCbot9QDbcGizmE8,Fading Light,Nadia Marsh,folk,dreamy|chill,0.59,0.398,0.524,107.8,-8.32,0.0,0.753,0.085,0.0,144873,7,1,3,53
ezGYqKCdCeLLixEuhgDeqs,Midnight Echo,Toma Shaw,folk,tense|aggressive,0.434,0.224,0.554,115.3,-13.48,0.119,0.845,0.234,0.106,227699,9,0,3,74
G65QxzM3faoL4mtJhddpmt,Crystal Echo,Sena Blake,electronic,chill|energetic|sad,0.769,0.747,0.537,128.6,-3.59,0.045,0.079,0.234,0.035,175789,6,0,4,36
PMvp023CMjIdy4pN5yQIiq,Bitter Dream,Jax Knox,classical,chill,0.587,0.39,0.421,103.7,-22.26,0.063,1.0,0.9,0.0,251657,10,1,5,37
IHVYkLgqwt41DcPQu69s6p,,The Roads,rock,uplifting|playful,0.416,0.621,0.602,122.8,-6.29,0.091,0.0,0.0,0.182,199742,2,0,5,65
1JLJSQMTrUVdVISVfzODkp,Velvet Ghost,Cole Blake,electronic,romantic,0.571,0.897,0.679,120.3,-5.98,0.12,0.023,0.431,0.142,203766,0,1,3,37
rxuAmYFJWchHFgTufoZ3aa,Burning Echo,Finn Blake,reggae,playful,0.626,0.625,0.774,102.3,-5.43,0.017,0.242,0.08,0.224,229291,10,0,5,42
mDHTGucC6KTbPO7tDxwkmW,Midnight Memory,Wren Vance,metal,energetic,0.451,1.0,0.582,141.0,-6.97,0.037,0.0,0.0,0.137,173389,6,1,4,53
fWxegcJI40aSMIKv7dyAZx,Radiant Memory,Leo Ryder,hip-hop,happy,0.547,0.556,0.559,79.1,-8.02,0.173,0.0,0.0,0.086,187717,8,0,4,55
FUb7EqMQUvlisM7NqQMPIL,Endless Ghost,Leo Cade,indie,happy,0.586,0.697,0.63,130.1,-8.9,0.122,0.498,0.225,0.159,224529,11,1,4,52
80TBCHOvobrtuyDX445wPL,Bitter Dream,Nadia Voss,country,uplifting|tense,0.505,0.529,0.403,116.4,-5.84,0.071,0.461,0.0,0.126,205994,6,0,4,36
jAVYNHxl67bvBQAavSKKKU,Velvet Shadow,Nova Shaw,electronic,aggressive|playful,0.883,0.884,0.484,131.2,-5.14,0.141,0.384,0.281,0.293,212034,10,0,4,68
33YhbiPcIFTtcl8ILLo1Av,Midnight Heart,Rio Reyes,electronic,melancholic,0.865,0.754,0.359,138.2,-5.71,0.043,0.196,0.431,0.116,174185,11,1,5,64
1HydlwWA5oE1G8ff1SQOyL,Golden Bloom,Iris Voss,r&b,dreamy|aggressive,0.729,0.278,0.347,100.1,-8.69,0.0,0.299,0.143,0.139,170412,7,1,4,73
CjAY01ayvEBGkXTN6MXBEj,Bitter Skyline,Ezra Blake,blues,melancholic|nostalgic,0.481,0.251,0.256,91.8,-7.12,0.012,0.409,0.064,0.245,278918,8,1,3,69
7hOxEeEBkzKyD1lZIKixFB,Distant Road,Nova Ryder,pop,playful|uplifting,0.673,0.638,0.783,129.4,-1.66,0.0,0.0,0.031,0.117,192759,1,1,4,16
7yXYxqIn0oQGJcBFgMgFsl,Distant Dream,Finn Shaw,rock,uplifting|aggressive,0.458,1.0,0.383,133.8,-10.92,0.034,0.0,0.01,0.167,295865,5,0,3,33
PX46Kor7EqQQLx04cdtt3e,Sweet Ocean,Ava Wells,r&b,energetic,0.777,0.701,0.635,93.9,-9.6,0.066,0.064,0.054,0.122,179184,6,0,4,49
0b5OqJzM7VpITqemEbCHEb,Lonely Echo,Nova Ryder,r&b,sad,0.814,0.439,0.344,86.3,-7.92,0.11,0.128,0.023,0.104,253001,8,1,5,58
bX8v4FZt5kawcPdIc4a9ce,Bitter Shadow,Ava Cade,hip-hop,sad,0.743,0.794,0.387,94.5,-5.53,0.195,0.059,0.025,0.11,152419,4,1,4,15
ztvcOOqXcTELRsZjPw2Mji,Midnight Skyline,The Memorys,metal,tense|happy,0.231,0.772,0.445,126.6,-7.09,0.019,0.0,0.248,0.167,192150,2,1,4,47
hYvD1ZEttfOA64BjhsSuUK,Bitter Rain,Zara Ryder,blues,dreamy|aggressive,0.546,0.37,0.46,88.7,-9.59,0.038,0.452,0.068,0.175,172043,3,1,3,17
b6fOsv3DaasRb3gFmPoDvL,Broken River,Zara Wells,metal,energetic,0.356,0.783,0.327,153.7,-2.2,0.145,0.0,0.033,0.0,260696,1,1,3,61
t8kwSpuWi3xpCaNtjb1Tyw,Radiant Wave,Wren Ryder,latin,happy|playful,0.761,0.8,0.569,116.2,-4.92,0.077,0.097,0.0,0.174,163989,11,1,5,23
MSSEEiQ0vhI6GomJ9OLvpt,Faded Dream,Jax Cade,indie,melancholic|tense,0.46,0.496,0.328,112.4,-11.24,0.0,0.214,0.0,0.232,173909,10,1,4,68
PUrbKhCcXGSKu56F2t5nHj,Hollow Garden,Toma Quinn,jazz,chill|playful|nostalgic,0.491,0.304,0.471,97.0,-10.75,0.087,0.539,0.467,0.087,233353,2,0,4,68
VRnqwGFkoyYpPyjHvVTGs5,Faded Star,The Fires,country,melancholic,0.514,0.544,0.373,115.2,-7.42,0.038,0.234,0.128,0.0,243282,9,0,4,68
VCVfZ7bPcbWma5dpvQi2QE,Crystal River,Jax Cade,r&b,happy|uplifting,0.63,0.525,0.632,98.7,-7.35,0.018,0.042,0.102,0.172,232901,7,0,5,53
lZGesWzOgD39Vk12EbfJKh,Velvet City,Mira Blake,latin,dreamy|energetic,0.875,0.582,0.732,102.8,0.0,0.0,0.025,0.108,0.144,203560,2,1,4,25
7iibA2lrTJbDk4Dsnv1GRx,Burning Wave,Mira Knox,pop,playful|energetic,0.546,0.543,0.659,118.1,-7.5,0.06,0.405,0.0,0.267,207989,7,0,4,59
CZoxaMl44Py6XKlvS6RU2P,Neon Light,The Oceans,latin,aggressive,0.74,0.935,0.96,105.0,-3.61,0.0,0.288,0.118,0.073,255845,3,1,4,81
MLKYknj7nLRGTC1TrRPsvg,Neon Shadow,Ava Shaw,jazz,romantic|playful,0.583,0.635,0.728,118.0,-7.57,0.044,0.368,0.097,0.16,240522,10,0,4,50
LGuhfGVBVR3awrime4gPky,Silent Ocean,Talia Ryder,country,aggressive|romantic,0.506,0.718,0.609,116.0,-2.29,0.131,0.359,0.0,0.06,252884,2,0,4,66
fxtYK6qCS11x3V5aRsB692,Distant Echo,Jax Lark,classical,dreamy|playful,0.379,0.188,0.569,99.0,-16.09,0.03,0.879,0.84,0.251,175522,8,1,3,22
03OJCQ0m7nWwkcgHJMDz3f,Broken Heart,Iris Wells,latin,playful|happy,0.774,0.7,0.712,104.3,-7.84,0.0,0.286,0.176,0.23,206079,8,0,4,24
N5gQCkfqHzJIkOpJTYwwhQ,Distant River,The Waves,reggae,nostalgic|aggressive,0.734,0.649,0.554,73.0,-12.54,0.034,0.415,0.0,0.229,200129,8,1,4,20
hfxB761Ap8OhVZebU66GrI,Distant Road,Sena Voss,r&b,nostalgic,0.662,0.642,0.433,94.7,-4.11,0.104,0.196,0.01,0.157,194225,7,1,4,53
k6K7CPZgDQmVarmR6g7X4e,Velvet City,Wren Vance,jazz,happy,0.504,0.613,0.582,119.6,-11.25,0.058,0.402,0.307,0.193,205685,1,1,4,53
5YfZyluKvm9qxrDNWEiI5V,Midnight City,Sena Knox,country,chill,0.494,0.301,0.707,95.1,-9.13,0.021,0.343,0.0,0.234,184053,2,0,4,32
FbWRpz3rTzwSEzeVOYcxi0,Restless Skyline,Reo Frost,blues,nostalgic,0.517,0.342,0.464,73.4,-10.85,0.055,0.148,0.087,0.134,183583,10,0,4,87
FUJWrCMh8TRz5z9uKPfstq,Distant Horizon,Rio Quinn,jazz,sad|chill,0.35,0.427,0.52,129.5,-8.91,0.063,0.481,0.404,0.031,256920,3,1,5,55
tv5RIjZE8nDSlbqhBGZLmM,Wild Skyline,Zara Lark,reggae,energetic,0.659,0.802,0.648,89.8,-6.53,0.05,0.183,0.026,0.364,190646,5,1,4,67
RKlEnoHujJ5M1l2uFb0jT8,Burning Garden,Toma Quinn,metal,aggressive|tense,0.412,0.886,0.523,125.2,0.0,0.049,0.042,0.217,0.137,262356,2,0,4,40
h02H3rpNUAIkkZLGPm9nAL,Broken Wave,Leo Knox,latin,happy|dreamy,0.771,0.611,0.834,93.9,-1.59,0.068,0.138,0.0,0.257,222449,0,0,4,16
n6RRmWgI41PpQNbVVi62fu,Restless Memory,Mira Vance,pop,dreamy|playful,0.619,0.565,0.599,109.5,-2.81,0.039,0.282,0.0,0.13,236295,8,1,4,65
H1hAgempBlJJR0V0xEYPdg,Distant Star,Finn Knox,blues,melancholic,0.367,0.415,0.171,92.9,-7.23,0.076,0.606,0.255,0.169,262222,2,0,4,47
KWABylKbKenD7se1kIYnUL,Broken Storm,Nadia Knox,classical,dreamy|chill,0.369,0.358,0.465,119.7,-15.89,0.029,1.0,0.915,0.0,203706,2,1,4,15
r9GHlrg3JnP0nwADjbER3R,Broken Wave,The Fires,folk,chill|nostalgic,0.375,0.288,0.484,102.3,-6.38,0.047,0.941,0.0,0.085,232493,9,0,4,50
AiibAI8AEpArpOIMreXxkp,Distant Wave,Jax Cross,r&b,playful|uplifting,0.765,0.718,0.636,108.4,-10.24,0.012,0.26,0.0,0.01,282086,7,1,5,70
RBzOAsCNHQYQsOB6vZPanp,Distant Horizon,Zara Cross,pop,chill,0.658,0.759,0.664,121.6,-4.91,0.056,0.163,0.0,0.258,282136,3,1,4,43
4i00lLN9hMqUOvSF5ypP9q,Velvet Memory,Reo Reyes,hip-hop,energetic,0.46,0.748,0.377,105.6,-11.05,0.227,0.27,0.0,0.234,182008,6,0,5,17
JDZReA4yPLK9mrPfdv26vy,Restless Skyline,Iris Ryder,pop,happy|uplifting,0.5,0.499,0.68,128.9,-8.86,0.049,0.299,0.0,0.122,249724,7,0,3,61
VWhq0oAr7IK4o1yfDu56M8,Midnight City,Reo Vance,r&b,nostalgic,0.846,0.311,0.325,90.5,-11.1,0.079,0.19,0.0,0.219,287079,6,1,5,81
klceoKieAbO4K7ij6H38N7,Velvet Storm,The Blooms,classical,nostalgic|chill,0.261,0.365,0.565,108.0,-19.87,0.082,1.0,0.734,0.227,215028,1,0,3,60
irgE9tVHzcbzrZ2LRGGVkq,Endless Light,Jax Vance,hip-hop,romantic|uplifting,0.505,0.545,0.557,98.9,-5.94,0.172,0.418,0.025,0.13,192536,2,1,3,81
Jk0RNFk3V5vnKHmS5FsuoC,Wild Heart,The Skylines,metal,melancholic|tense|happy,0.458,0.704,0.212,170.4,-2.58,0.097,0.158,0.0,0.326,273647,6,0,4,26
CMdyO8uX1XtvCpqQJVvrhn,Silent Memory,Nova Wells,blues,nostalgic|energetic,0.543,0.391,0.378,96.3,-10.72,0.121,0.58,0.362,0.198,210061,4,0,5,54
qwXjrjPdwkARFmHPXGN8aP,Endless Ghost,Rio Blake,pop,dreamy|energetic|tense,0.652,0.841,0.507,113.9,-7.03,0.058,0.124,0.0,0.0,178729,5,0,3,24
V93a2uFbTkEmObXRoH2l6d,Golden Horizon,Sena Vance,blues,happy,0.373,0.387,0.665,82.1,-7.53,0.062,0.571,0.33,0.123,173719,7,1,5,37
gvh5sgDGL1kBxsdZf3Z5zl,Fading Shadow,Cole Frost,reggae,uplifting|happy,0.754,0.698,0.709,100.1,-4.25,0.089,0.339,0.186,0.118,289529,8,1,5,35
H6EvtqYNznlq2js76zzdtF,Neon Bloom,Talia Marsh,r&b,nostalgic,0.699,0.484,0.404,85.8,-7.53,0.044,0.125,0.274,0.086,206909,2,0,4,62
qUpakrg8956Nn7wcGTZaxr,Neon Echo,Cole Knox,pop,happy,0.745,0.848,0.623,147.6,-7.32,0.044,0.222,0.365,0.164,206454,6,1,3,46
auoDL6PTOLKgTwQ5v0FjJT,Restless Ghost,Leo Blake,reggae,happy|uplifting|aggressive,0.718,0.225,0.729,63.1,-9.41,0.0,0.327,0.178,0.182,225860,4,1,4,7
ojLx4trU7VbvUurXOypRif,Sweet Skyline,Ava Cade,latin,romantic|nostalgic,0.699,0.634,0.417,102.4,-4.29,0.228,0.268,0.088,0.348,202245,9,1,5,33
snom0TNP7JVM59HZv0YXju,Sweet City,The Waves,rock,dreamy|aggressive,0.581,0.67,0.573,118.6,-3.19,0.074,0.0,0.133,0.031,217136,9,1,4,21
2ietUGvQEveCrpXZ8eM0l7,Hollow Shadow,The Waves,indie,tense|playful|happy,0.532,0.483,0.672,116.8,-10.22,0.058,0.514,0.0,0.0,274309,1,0,4,57
BaIh0bFtQv6kwtO1I87zhP,Crystal Heart,Cole Lark,classical,sad,0.179,0.288,0.385,91.6,-18.02,0.056,0.971,0.954,0.263,255939,11,1,4,52
pODgnWhf6WLtOi68SDecdm,Hollow Ghost,Ava Wells,blues,sad|dreamy,0.417,0.31,0.206,99.1,-6.62,0.091,0.761,0.034,0.206,306571,7,1,3,75
lW4rlESuQdMbgyZOgvm5OR,Burning Fire,Rio Reyes,r&b,energetic|happy,0.538,0.396,0.464,77.6,-13.35,0.116,0.002,0.0,0.271,234617,5,1,5,36
fsLzmSGAFAIq60qreQX7jh,Radiant Dream,Kai Cade,electronic,tense|uplifting,0.696,0.883,0.505,128.4,-5.55,0.061,0.0,0.49,0.083,290364,6,0,3,45
iwMtSjGpXLSJghjhcvLF3a,Broken Skyline,Talia Marsh,r&b,romantic|dreamy,0.497,0.458,0.629,87.1,-3.33,0.068,0.382,0.012,0.264,177825,0,0,5,57
4taNmro5yTGOXIAKgrJdnb,Burning Light,Nadia Hale,classical,dreamy,0.222,0.174,0.506,89.2,-19.56,0.102,1.0,0.687,0.289,295394,11,1,4,58
9rp0bSqEftlFiUZawfV0mM,Distant Rain,Ezra Blake,indie,playful|uplifting|sad,0.528,0.525,0.328,105.4,-6.49,0.023,0.341,0.021,0.205,195674,2,0,4,50
xf1mDEjEzQMawxwMa3GsQH,Velvet River,The Fires,hip-hop,aggressive|chill,0.84,0.583,0.485,80.6,-11.5,0.176,0.336,0.0,0.188,216158,6,1,4,55
TN1a5WePljz4NKwf84Md20,Hollow Skyline,Ezra Stone,pop,happy|sad,0.784,0.6,0.255,102.3,-0.85,0.088,0.0,0.115,0.0,230846,6,0,4,21
bP7XJXbemBZd06t0KsFqTY,Silent River,Wren Ryder,pop,romantic|melancholic,0.728,0.664,0.562,122.3,-6.24,0.096,0.122,0.0,0.243,209482,10,1,5,31
3B0M7OR8LSLxNdwocqrYoX,Broken Bloom,Kai Cade,metal,nostalgic|tense,0.306,0.865,0.205,154.0,-1.75,0.142,0.059,0.167,0.124,183071,7,0,4,41
hXbXLa51LmQnfHASG1pQLH,Crystal Wave,The Fires,blues,uplifting|nostalgic|aggressive,0.395,0.328,0.257,107.1,-11.43,0.076,1.0,0.338,0.135,236519,7,0,4,34
NFSnr51HzcCR4fDWUFusxX,Midnight Garden,Cole Cade,indie,uplifting|chill|melancholic,0.53,0.465,0.672,119.9,-8.59,0.06,0.427,0.251,0.011,223145,1,1,3,38
L425fpNlehFdVuL1syyLyg,Wild Garden,Iris Hale,indie,aggressive|energetic,0.812,0.705,0.477,121.3,-11.77,0.0,0.36,0.059,0.093,186749,8,1,3,61
4gsU6Up0fS6AVAwhJ4L4LX,Radiant Fire,The Ghosts,rock,happy|melancholic,0.514,0.889,0.495,111.0,-4.49,0.0,0.156,0.0,0.134,207800,11,1,4,46
NrEiKh1vxguQlgLHWmASjn,Midnight Star,The Storms,blues,dreamy|happy,0.553,0.57,0.496,89.7,-10.32,0.041,0.737,0.029,0.185,-1000,8,1,5,49
NOKsKSNr2YOdY6WhTHN0HK,Neon Ghost,Rio Cade,r&b,chill|melancholic|aggressive,0.594,0.526,0.483,105.8,-8.81,0.053,0.235,0.014,0.124,141310,7,0,4,33
nrhEydEM4SHFzEMMp4AUJX,Radiant River,Cole Quinn,country,uplifting,0.404,0.584,0.598,116.7,-4.94,0.026,0.433,0.0,0.0,248273,3,1,4,47
hNcflJblLetm1Kq9jXd5Cq,Bitter Heart,The Oceans,reggae,sad|aggressive|chill,0.634,0.724,0.654,93.1,-9.21,0.095,0.373,0.0,0.207,136702,10,0,4,25
4HH8T8HaBKZD7pX1mHiGEG,Radiant Bloom,Iris Marsh,hip-hop,playful,0.497,0.603,0.517,87.2,-7.34,0.272,0.201,0.106,0.131,179265,0,0,4,36
E2C1broenswYXSxeAnHG90,Bitter Memory,Iris Blake,hip-hop,aggressive,0.611,0.596,0.318,115.0,-8.84,0.163,0.333,0.069,0.277,251103,0,0,4,59
jGht9EgrpJRscgYfv0Osb6,Velvet Echo,Finn Cross,classical,playful,0.169,0.234,0.656,100.1,-18.42,0.012,0.928,0.745,0.113,249039,11,0,3,7
zdNRqUNj4T6ERtxpEMxWPz,Radiant Light,Nadia Cross,r&b,uplifting|tense,0.751,0.525,0.608,105.4,-4.34,0.055,0.217,0.113,0.062,194067,3,0,3,25
cl0H3uudnJ3rRCXZfaAHP1,Radiant Garden,Nova Shaw,jazz,romantic|playful,0.543,0.522,0.691,108.9,-12.74,0.064,0.42,0.406,0.241,242423,6,1,3,47
1Fob1Ieym9sGhfbWvbiXDW,Neon Road,Iris Quinn,blues,happy|uplifting,0.529,0.406,0.704,97.0,-9.57,0.105,0.664,0.172,0.254,198712,10,0,4,56
H60a2YGvCy97kQ3nykpKfA,Electric Memory,Wren Vance,jazz,chill|nostalgic,0.514,0.448,0.231,84.1,-10.87,0.0,0.618,0.346,0.083,196738,4,0,4,31
1nw218EYjYLG0OMJjcYwtf,Lonely Storm,Jax Quinn,indie,sad,0.755,0.475,0.795,107.7,-5.51,0.055,0.239,0.115,0.005,235364,10,0,5,25
c3kOd32V6ekj3gWiwI4YtY,Restless Shadow,Iris Stone,rock,melancholic|playful,0.473,0.721,0.622,117.0,-2.08,0.043,0.217,0.128,0.14,225196,1,0,4,21
Z0gtYfuWEbKMxi3hdWrzZa,Crystal Bloom,Jax Cade,electronic,sad,0.729,0.657,0.523,133.8,-3.87,0.067,0.037,0.425,0.0,279224,7,0,4,29
wdfo0XX6A7Gg1Mt2RX6QxD,Crystal Fire,Cole Quinn,folk,chill|dreamy,0.468,0.32,0.619,89.1,-7.97,0.09,0.967,0.005,0.007,199365,3,1,3,78
KklN7RRmsAzkMCkxU8sJow,Wild Ocean,Wren Shaw,metal,aggressive|chill,0.245,0.933,0.345,107.9,-4.72,0.082,0.031,0.25,0.008,207985,1,1,4,82
4kIzyfKGi4GuNbrcAidKOt,Lonely Rain,The Shadows,indie,dreamy,0.565,0.366,0.731,125.3,-5.37,0.139,0.34,0.113,0.181,192177,6,1,5,47
m9rVGh3wRp5KZZflk56fMa,Wild Echo,Nadia Cross,pop,aggressive|happy,0.839,0.759,0.669,120.8,-3.72,0.048,0.173,0.079,0.05,205181,4,1,4,27
aACaNNOc8xnO3cokAX4YOf,Crystal River,Toma Shaw,latin,happy,0.861,0.716,0.964,103.5,-1.49,0.131,0.13,0.0,0.035,215558,2,0,3,29
UqVON2FKcSP6QvOF9PouGd,Crystal Fire,The Memorys,pop,uplifting,0.654,0.558,0.706,92.2,-8.0,0.096,0.1,0.034,0.097,206644,8,1,3,93
9u6bTA9TETTsXG77O8WhX8,Endless Bloom,,indie,dreamy|energetic,0.544,0.673,0.742,132.6,-8.46,0.0,0.387,0.085,0.034,233069,3,0,3,42
ssLu4DeIenqhdl3MbBh5yK,Electric Star,Wren Hale,pop,playful|happy|melancholic,0.88,0.479,0.613,100.5,-9.81,0.054,0.291,0.0,0.105,156446,2,0,4,71
zIPuT84PFIW3edYwViGLse,Hollow Star,Rio Reyes,r&b,aggressive|uplifting,0.673,0.741,0.411,102.5,-3.9,0.0,0.0,0.254,0.016,196395,7,0,4,46
wnsb9O6ujXtiB91MXNAQ8L,Hollow Wave,Iris Wells,country,uplifting|melancholic|happy,0.369,0.599,0.4,108.3,-7.32,0.0,0.299,0.119,0.179,226465,10,1,5,51
6K940EcnJptgape4gexwFW,Restless Heart,The Memorys,r&b,nostalgic,0.619,0.367,0.387,104.2,-7.83,0.065,0.336,0.0,0.033,253062,4,0,4,23
cjY0YimKXOpPwrdpxCfo2m,Sweet Fire,Talia Knox,folk,uplifting,0.349,0.368,0.655,67.6,-12.72,0.113,0.663,0.101,0.127,183208,3,0,3,54
ydRyBdCTBArFfjrnsUVzP0,Sweet Memory,Wren Stone,hip-hop,aggressive|dreamy|nostalgic,0.804,0.696,0.307,93.3,-3.2,0.216,0.3,0.0,0.04,254314,5,1,5,5
HOj0TfVcNvNlFJ9p4TV6ol,Sweet Road,Nadia Voss,metal,chill|sad,0.365,0.895,0.28,153.8,-6.31,0.067,0.185,0.203,0.386,247509,3,0,3,5
WvGJo0rU4N7Ny2dvjcU6tI,Sweet Shadow,Mira Cade,blues,dreamy|sad|energetic,0.546,0.39,0.181,109.7,-7.02,0.066,0.647,0.137,0.206,217244,2,0,4,33
Ia5XF4zAg7xqwTHVaQ8OBg,Bitter Storm,The Dreams,reggae,aggressive|happy,0.648,0.55,0.453,78.4,-5.48,0.0,0.246,0.168,0.111,218442,8,0,5,23
IrlZgTkiG59MHunXu0q0gq,Lonely Heart,The Waves,hip-hop,energetic|tense,0.641,0.775,0.508,109.7,-4.94,0.181,0.004,0.102,0.1,200569,8,1,4,28
XckuNcsCxsSYEBMfDg9owK,Crystal Dream,Zara Ryder,r&b,tense|dreamy|romantic,0.754,0.437,0.556,89.6,-7.44,0.075,0.119,0.039,0.114,159089,0,0,4,41
ondBxw9QN7ZZCXzepwviTi,Midnight Shadow,Iris Wells,reggae,uplifting,0.747,0.479,0.915,96.6,-8.38,0.08,0.295,0.096,0.225,175601,7,0,4,29
poTShfKGKBJpxtcxiRuPzY,Wild Horizon,Nadia Vance,r&b,aggressive|nostalgic,0.677,0.491,0.529,98.1,-8.24,0.0,0.248,0.126,0.11,174062,10,1,5,19
5QAkjMI5l3XkvawpGzu3mf,Silent Echo,Talia Ryder,hip-hop,playful|melancholic,0.703,0.663,0.485,120.5,-7.96,0.253,0.0,0.0,0.2,255421,0,1,4,86
Zp5Q2N8k0TfgPGcG3X9X8P,Neon Wave,Toma Cross,rock,energetic|melancholic|aggressive,0.401,0.785,0.784,145.2,-6.51,0.151,0.068,0.165,0.028,343392,7,1,4,12
pVmCyedDiYCDQUJ3TSFUAO,Crystal Bloom,Rio Marsh,folk,aggressive|chill,0.516,0.279,0.524,122.6,-10.13,0.0,1.0,0.176,0.383,248031,5,1,4,39
vXeDXdOjr6P705wPU9xP1Y,Silent Ghost,Talia Wells,r&b,playful,0.652,0.298,0.267,90.0,-7.26,0.066,0.454,0.001,0.171,167922,10,0,4,35
tJsaPbarwntsrz07l0kF9U,Radiant Shadow,Reo Marsh,electronic,energetic|tense,0.486,0.808,0.572,137.1,-9.08,0.066,0.102,0.417,0.145,202168,2,0,4,32
tZJsJkVY9FwKyxxMJFBX45,Faded Fire,Rio Vance,r&b,melancholic,0.478,0.558,0.417,86.0,-7.2,0.153,0.536,0.045,0.369,212104,2,0,4,33
1W4yRsLu23z4SyQQ9vzSAa,Neon Horizon,Mira Ryder,latin,happy|nostalgic,0.659,0.607,0.449,107.9,-1.31,0.03,0.331,0.089,0.07,219409,2,1,4,54
sStkBuRrLOuoC7cxE4ZwrN,Fading Dream,Iris Stone,indie,uplifting|aggressive,0.664,0.595,0.549,105.1,-10.73,0.054,0.284,0.089,0.016,221519,10,1,5,34
wa15SHMhtMd2HCBMKhZxDr,Sweet Horizon,The Citys,pop,playful|happy,0.896,0.683,0.678,106.9,-6.17,0.127,0.104,0.0,0.129,259485,1,1,4,35
GsDukkGYexveuzl1OtNNoV,Restless Shadow,Wren Marsh,folk,chill,0.639,0.366,0.374,104.4,-13.64,0.024,0.873,0.029,0.0,143524,4,0,4,41
8GtyOH6xGZ8vDA9bxbQ92Y,Crystal Garden,Reo Frost,pop,tense|playful,0.862,0.684,0.629,120.9,-0.56,0.014,0.249,0.115,0.249,219356,11,0,5,22
fS1ILmxHdxI5mdCy0IiR0a,Crystal Fire,Nadia Vance,blues,dreamy|chill,0.132,0.303,0.148,89.0,-9.52,0.05,0.447,0.317,0.093,332552,4,1,4,68
xcCbep8StiZlouUuVbrtSV,Midnight Ocean,Leo Cross,indie,happy|uplifting,0.473,0.65,0.619,112.7,-6.08,0.056,0.392,0.346,0.072,200953,8,1,5,15
cNk8RbhgNIGuvkzfFiHXSi,Restless Heart,The Ghosts,hip-hop,sad,0.924,0.653,0.59,108.9,-3.72,0.179,0.027,0.08,0.125,221368,9,1,3,52
dGQ8rL1wjv6qc3aVVnxQ59,Electric Star,Sena Ryder,metal,aggressive|playful,0.454,0.99,0.466,143.7,-4.48,0.001,0.0,0.106,0.187,205076,0,0,3,32
yzQOnlBBoQTVfGIiM9CG0P,Endless Ghost,Mira Stone,jazz,melancholic|chill,0.381,0.349,0.372,101.8,-10.96,0.0,0.265,0.214,0.122,202642,10,0,4,39
0wrYhAImXmh4qlhQTXtDlP,Lonely City,The Echos,blues,romantic|nostalgic,0.363,0.4,0.536,85.2,-7.97,0.069,0.768,0.0,0.068,181738,2,1,3,43
UVEN1aPqPjy702RBgRVpyP,Endless Light,Ezra Frost,classical,nostalgic|chill,0.295,0.265,0.325,88.9,-17.83,0.022,0.912,1.0,0.156,218628,11,1,5,35
vxXKZzuOkeVfE7F3UJ1bak,Bitter River,Wren Hale,hip-hop,tense,0.711,0.569,0.418,89.0,-11.78,0.235,0.0,0.003,0.162,270905,11,1,5,27
agbDDQiwRaihZcLI7vLndO,Hollow Horizon,Talia Hale,pop,tense|happy,0.545,0.8,0.726,111.2,-2.7,0.092,0.273,0.044,0.197,162119,9,0,4,32
8MmoZfDwB0emBm2hhxL6yP,Radiant Ocean,Ezra Reyes,classical,melancholic|playful,0.294,0.417,0.291,111.4,-20.95,0.11,0.923,0.706,0.083,257722,7,1,4,36
UrxT6SD95rgRiN8ZJBbUQT,Lonely Garden,Ava Lark,classical,sad|tense,0.212,0.253,0.617,107.8,-16.4,0.037,1.0,0.834,0.057,165470,7,0,5,53
IXDG8jXyvad2OnfVk7nx3s,Bitter Memory,Jax Lark,rock,uplifting|aggressive,0.759,0.774,0.555,120.6,-5.86,0.125,0.215,0.147,0.096,206301,10,1,4,15
QRf9cwSfIUvcPE9YKEYikG,Electric Heart,Leo Shaw,reggae,playful,1.0,0.504,0.686,96.4,-9.77,0.114,0.053,0.072,0.177,240505,9,0,3,28
KzbmoFrK9z3ekzL0aCiYUG,Golden Garden,Ezra Stone,metal,melancholic|uplifting,0.56,0.865,0.333,123.8,-5.53,0.127,0.112,0.058,0.247,230174,3,1,3,86
5f4M6qLknvNSTQkdlF3n8Q,Golden Rain,Reo Cross,rock,chill|happy,0.58,0.825,0.452,117.0,-6.03,0.0,0.048,0.0,0.182,208347,4,1,3,100
up8umwWR9sR4kVpBxQn7XE,Distant Ocean,Leo Marsh,jazz,aggressive|tense,0.512,0.486,0.494,132.4,-8.91,0.0,0.62,0.301,0.165,231280,1,0,4,37
J7KpPaf9Bhl9E7Mjtlyi6G,Broken Dream,Ava Shaw,hip-hop,romantic,0.733,0.697,0.526,95.9,-10.03,0.137,0.0,0.0,0.073,278417,5,1,4,81
XFdvwCVc1grp0Q3bjXC1Tz,Endless Bloom,Leo Marsh,metal,tense|energetic,0.373,1.0,0.01,144.6,-5.25,0.039,0.175,0.26,0.375,242145,0,0,4,43
EzsiApUoTnhmkwA0lf4lOD,Wild Dream,Ezra Vance,jazz,chill|aggressive,0.565,0.386,0.473,112.4,-12.55,0.036,0.534,0.313,0.266,226519,4,0,5,14
D4tzqJCOT1GldE2QL2vUT2,Silent Heart,Reo Vance,folk,tense,0.487,0.379,0.254,107.6,-9.23,0.12,0.424,0.153,0.269,219069,4,1,3,18
GgT9ADqogY3jhVIlDjwK2A,Endless Memory,Reo Lark,country,uplifting|romantic,0.522,0.728,0.846,108.1,-8.75,0.137,0.128,0.049,0.187,253933,10,0,4,60
DUSxrgxDNBhQqWjJ7loriS,Sweet Skyline,The Storms,reggae,playful|energetic,0.684,0.499,0.873,84.8,-9.56,0.095,0.494,0.16,0.092,160544,9,0,4,71
JOLydNKYTp3XMsFwIxNG9M,Lonely Rain,Mira Cross,classical,uplifting,0.44,0.06,0.437,117.0,-18.63,0.009,0.815,0.829,0.0,201505,10,1,4,58
xpR71yi7pBQaC0AJk3BoCs,Midnight Ghost,Wren Wells,folk,aggressive|tense,0.583,0.447,0.511,110.7,-9.83,0.135,0.898,0.159,0.226,237032,9,1,3,20
7a3arzAAdU316X0SxRkiS7,Hollow River,Mira Stone,latin,happy|playful,0.907,0.698,0.616,101.5,-5.95,0.017,0.209,0.0,0.134,246905,9,1,5,51
KousGMgTPb3kYTf2hqUb4L,Broken Road,Toma Blake,hip-hop,aggressive|energetic,0.941,0.745,0.503,96.0,-6.85,0.151,0.337,0.041,0.022,244943,0,1,4,15
ojGGZ0PUFv4iuDB3ZI0Ew7,Neon Ghost,Iris Knox,metal,tense|happy|chill,0.303,0.66,0.785,130.5,-6.56,0.148,0.025,0.0,0.159,260278,0,0,4,77
67XtSLsPu0N87cuSn3DxYX,Wild Wave,Talia Lark,rock,tense,0.592,0.849,0.527,137.1,-7.77,0.053,0.226,0.0,0.286,198289,2,1,4,20
Li3y0SyB9LxX9R2UNGePHm,Restless Horizon,Talia Knox,indie,dreamy|tense,0.542,0.805,0.667,87.8,-7.9,0.032,0.44,0.072,0.133,211770,9,1,4,64
8jIzFqUgAYb7DpWfL73Hxc,Wild Garden,Mira Lark,hip-hop,aggressive|romantic,0.83,0.652,0.29,86.0,-6.42,0.253,0.197,0.0,0.223,227183,4,0,3,25
0cIHCcqsKfPAQbESm8bZjE,Distant Star,Talia Hale,hip-hop,tense|aggressive,0.873,0.534,0.705,104.4,-10.0,0.175,0.454,0.149,0.131,148367,7,1,3,28
TRllnn3BaAXSLqmXtCiLRB,Faded Memory,Leo Lark,pop,melancholic,0.798,0.853,0.54,112.3,-7.68,0.0,0.0,0.0,0.055,233152,4,1,4,23
OZa7RLqfSlx4tEitBnncWm,Fading Road,Ezra Vance,metal,energetic|romantic,0.433,0.864,0.416,134.8,-3.27,0.002,0.0,0.237,0.119,165282,2,1,4,21
oWS3RR10cBMxESdEhobVGb,Silent City,Wren Quinn,jazz,dreamy|tense|chill,0.393,0.404,0.799,103.2,-6.24,0.102,0.652,0.205,0.171,144963,9,1,3,51
Ueni40PXWI1cbcWgMvM49t,Midnight City,Reo Ryder,pop,happy|sad,0.783,0.519,0.652,104.3,-10.39,0.082,0.285,0.0,0.101,208038,1,0,3,31
NrG1sTPzfXUJdjHGjZnKGI,Fading Echo,Mira Blake,country,uplifting,0.58,0.442,0.65,109.2,-8.07,0.035,0.427,0.0,0.387,237183,6,0,3,69
Y10IgJjdXr6ei9WMV0ivc9,Hollow Wave,Rio Quinn,folk,playful,0.49,0.328,0.635,112.0,-10.37,0.049,0.726,0.218,0.29,202754,2,0,4,7
8J2FXarV39fZgxhATALvum,Radiant Shadow,Toma Blake,latin,dreamy,0.8,0.694,0.916,87.8,-9.04,0.122,0.13,0.368,0.121,222989,1,1,4,3
pNk7llHjhO99aih3w7jmrR,Bitter Rain,Iris Blake,jazz,sad|nostalgic,0.545,0.321,0.332,121.9,-8.69,0.011,0.519,0.687,0.182,219096,7,1,4,70
a4E55h1sLT9HDc1nC18HTq,Wild Ocean,Finn Shaw,classical,dreamy|sad|chill,0.321,0.201,0.471,92.6,-16.0,0.183,0.837,0.815,0.352,205470,0,0,4,31
XBChx1yQznyISuBHHQdYec,Faded Bloom,Reo Hale,indie,melancholic|energetic,0.564,0.603,0.429,110.0,-7.71,0.092,0.291,0.035,0.114,259310,10,0,3,49
i27nEbLXg8rtkQPIHqv0I5,Velvet Dream,Finn Vance,pop,melancholic|tense,0.709,0.762,0.58,126.6,-3.66,0.046,0.281,0.0,0.171,162533,11,1,4,60
YWTZRj55SHi00t5IxZRTG6,Golden Shadow,Iris Cade,folk,melancholic|chill,0.484,0.347,0.579,95.9,-8.82,0.104,0.814,0.206,0.187,232162,7,1,3,61
oM02rwmrwkn04HVxkhsA3h,Broken Dream,The Oceans,r&b,uplifting|romantic,0.599,0.531,0.508,90.3,-7.09,0.097,0.399,0.049,0.285,156986,1,1,4,35
AuTrwSWA9aowzyhNFmKUNy,Wild Dream,Nadia Lark,metal,playful|aggressive,0.397,0.803,0.525,149.6,-4.45,0.103,0.343,0.102,0.0,260243,8,0,4,33
Ke5j5TBASDh78EnJinnEMF,Electric Echo,Ava Quinn,metal,sad|aggressive|energetic,0.551,0.895,0.417,130.3,-2.29,0.036,0.117,0.101,0.195,230961,9,1,3,46
lgNh6jRt0ezPsrPDN8A3HI,Neon Fire,Rio Marsh,electronic,uplifting|aggressive,0.817,0.906,0.645,111.0,-4.93,0.108,0.145,0.204,0.224,276667,2,0,5,44
RHVHbYyf8EtFpGpVzYBNsF,Electric City,Ezra Ryder,folk,aggressive|chill,0.412,0.34,0.686,103.9,-11.2,0.065,0.694,0.235,0.163,245418,7,1,4,100
ViugA5WLh3oTO07bAI9ogT,Neon Bloom,The Citys,hip-hop,happy|energetic,0.695,0.721,0.564,80.2,-7.36,0.16,0.0,0.0,0.241,216238,9,0,4,63
h3F628caGE7XGemVlNL5fg,Electric River,Jax Shaw,rock,happy|uplifting,0.845,0.838,0.675,136.6,-8.14,0.033,0.342,0.095,0.219,260526,11,1,4,17
lrW8uZv6Ya6mOgBYp0cE8U,Lonely Echo,Toma Lark,reggae,playful|happy,0.756,0.618,0.664,86.8,-10.13,0.115,0.047,0.192,0.043,190144,11,0,3,21
2f1dSr2ibQCf1PcfVOwAoo,Faded River,Kai Knox,blues,dreamy|melancholic,0.407,0.599,0.242,98.7,-6.51,0.008,0.474,0.041,0.088,131537,8,0,4,39
SctKW7JIdAKtrcA9m4Die5,Velvet Light,Leo Frost,country,tense|happy,0.489,0.472,0.626,95.3,-5.6,0.128,0.439,0.157,0.064,215089,3,0,5,38
ncGgxReePobcfc7VvJOLUM,Electric River,Talia Ryder,jazz,chill|dreamy,0.468,0.324,0.49,105.7,-11.66,0.044,0.694,0.487,0.126,244080,4,0,4,32
vBuRAh103Ke1fYlMsPOTKa,Fading Heart,The Gardens,indie,playful|chill,0.638,0.527,0.471,125.1,-7.67,0.104,0.302,0.038,0.115,251773,3,0,4,53
NISwAl9DwCECQDJWmkeOV3,Bitter Ghost,Sena Hale,rock,sad|chill|romantic,0.635,0.587,0.32,142.1,-5.45,0.102,0.13,0.0,0.077,215551,4,1,4,52
756vdlhtkgFifNMH6M2Hio,Endless Shadow,Mira Marsh,reggae,playful|energetic,0.723,0.62,0.767,94.8,-11.16,0.128,0.292,0.16,0.082,192032,7,0,4,48
oZjs2IOrr4qrd6vgmQ1C3s,Sweet Star,Cole Lark,latin,tense|melancholic,0.983,0.813,0.877,133.4,-6.26,0.062,0.263,0.0,0.208,183665,0,1,4,70
Ui4fwn6QkH33lXYnpjYdfG,Hollow River,Nadia Quinn,pop,uplifting|aggressive,0.577,0.804,0.77,102.2,-5.58,0.129,0.0,0.091,0.273,231907,9,0,4,62
l0ZkFq4NmaR2d1VSoGQkY2,Radiant Ocean,Rio Cade,metal,sad|nostalgic,0.703,0.768,0.335,148.1,-5.08,0.077,0.0,0.163,0.028,196568,0,1,3,71
XbBmwKKOLMbYyCO2aioVg4,Endless Road,The Citys,latin,happy,0.838,0.532,0.733,99.2,-8.17,0.048,0.564,0.165,0.335,292491,0,0,4,52
VrEfmorfHgkMgSYTyWI9z5,Golden Ghost,Sena Wells,electronic,playful,0.828,0.663,0.764,138.9,0.0,0.038,0.0,0.473,0.179,253944,9,1,4,74
VWka87COzlx2EnfyMxB74j,Sweet Road,Nova Cade,folk,chill,0.171,0.316,0.321,101.4,-12.82,0.06,0.729,0.0,0.172,219422,9,0,5,45
ooFDMNXYCXR7O5NXVneTw4,Bitter Bloom,,folk,chill|melancholic,0.53,0.366,0.528,107.6,-3.99,0.0,1.0,0.241,0.224,225936,8,0,4,43
jLnKNQ7YgfKTAUX33G9TAl,Electric River,Rio Knox,reggae,melancholic|chill,0.567,0.761,0.583,97.5,-8.65,0.093,0.042,0.0,0.198,156233,2,0,4,46
L8bdeVb54o6H5aglg9ZKi5,Wild Rain,Sena Hale,reggae,sad,0.498,0.479,0.678,82.9,-7.67,0.033,0.103,0.164,0.128,-1000,6,1,4,21
1M3R42XcASVY2Iq0cdWufu,Burning Echo,Cole Blake,r&b,playful|energetic,0.672,0.655,0.276,90.0,-9.63,0.063,0.103,0.0,0.211,199743,9,0,3,47
JQVk0soix739yvaTKsSJsA,,Ava Hale,metal,aggressive,0.546,0.846,0.533,162.0,-2.44,0.066,0.0,0.0,0.18,224809,2,1,3,28
dPBhYfjh9YDUarWnEKAWwb,Sweet Rain,Iris Marsh,classical,playful|uplifting,0.305,0.421,0.338,102.7,-21.1,0.095,0.916,0.665,0.188,237287,2,1,3,42
dPUVZFqoDuReQDZZEFGt8i,Distant River,The Stars,r&b,romantic,0.738,0.487,0.492,101.4,-5.3,0.0,0.282,0.0,0.086,207511,6,1,4,36
DNEcBVy2KNMUxwfvYsdpY7,Silent Star,Finn Marsh,folk,romantic|chill,0.312,0.347,0.447,120.3,-13.66,0.071,0.769,0.0,0.22,180899,3,0,4,73
3hZUFXvuXLxGnKQ6HjfwCb,Faded Ocean,Ezra Cade,country,dreamy|aggressive,0.775,0.752,0.507,126.9,-1.93,0.052,0.0,0.0,0.193,205983,4,1,3,63
3ELaSJG5EV675TBIJXnGW9,Wild Wave,The Waves,country,happy|aggressive|dreamy,0.473,0.581,0.734,142.8,-6.52,0.111,0.353,0.0,0.159,111459,9,0,4,33
AjTzYqDZF0J8JdK6nT13BZ,Endless Ghost,Iris Shaw,country,sad|uplifting,0.741,0.543,0.315,111.1,-6.42,0.063,0.726,0.0,0.0,153201,10,0,5,96
8taZbNcoDi4itDktj0todw,Burning Wave,Ava Lark,hip-hop,melancholic,0.784,0.884,0.584,101.1,-2.25,0.173,0.171,0.047,0.207,188619,1,1,4,41
jza82QIh73CZxMDSa9h0QZ,Broken Wave,The Hearts,latin,playful|uplifting,0.899,0.712,0.75,110.6,-2.89,0.009,0.044,0.113,0.232,197444,6,1,4,60
PQPl8DkuZWG5hPergBGKvc,Burning Ocean,Sena Blake,jazz,sad|chill,0.35,0.317,0.269,108.2,-12.31,0.056,0.912,0.156,0.015,270326,11,0,4,45
jJYSCHUYdJT8Y0KDbFOLtF,Neon Heart,Mira Reyes,classical,romantic|dreamy|melancholic,0.259,0.141,0.587,89.4,-16.21,0.111,0.893,0.863,0.241,240226,3,1,5,48
3IV2yZ0QaPqpzAHMKuFbsh,Electric City,Wren Wells,electronic,sad,0.751,0.721,0.354,109.5,-5.05,0.14,0.09,0.394,0.193,231926,10,0,5,24
RKHzbCIY7A7pIZfkscuETX,Faded Shadow,Toma Marsh,blues,uplifting|melancholic,0.266,0.158,0.687,85.4,-10.79,0.066,0.614,0.335,0.05,214041,10,1,4,11
EsAYxirHotIm5Qff4txbzt,Crystal Memory,Wren Wells,classical,nostalgic|happy,0.334,0.271,0.369,97.4,-16.3,0.054,0.611,0.774,0.188,208556,10,1,4,45
VTw6Qi71jI7ktGEsOY4mjo,Hollow Skyline,Zara Quinn,electronic,uplifting|chill,0.725,0.467,0.458,153.3,-7.59,0.135,0.0,0.199,0.053,140204,4,0,5,65
S71gKNe8jc0QgeWg2BR6V4,Silent City,Kai Frost,classical,dreamy|chill,0.557,0.4,0.398,102.9,-13.23,0.025,1.0,0.943,0.15,201860,10,0,4,28
tN9QezYwH28tLe4rshyH15,Restless Ocean,Cole Ryder,blues,dreamy|romantic|melancholic,0.466,0.318,0.29,100.2,0.0,0.089,0.733,0.156,0.011,151887,9,1,3,54
LKaEcgNtnaxO8ItCfzn4rq,Electric Road,The Memorys,classical,dreamy|energetic,0.106,0.064,0.488,105.0,-16.92,0.075,0.782,0.63,0.34,193562,0,1,4,39
k67R1qaiSzp90SuXBJIDL7,Distant Road,Leo Cross,jazz,tense,0.4,0.434,0.459,123.1,-11.72,0.078,0.581,0.288,0.097,307739,7,1,3,46
cXZdf2EctCzscap3PJfydy,Midnight Echo,The Dreams,hip-hop,chill|energetic,0.867,0.236,0.223,100.4,-3.92,0.341,0.244,0.0,0.028,201458,2,1,3,16
Ci2sBlvNMLFLHKBHYAi2dv,Crystal Horizon,Mira Marsh,r&b,aggressive|melancholic,0.597,0.726,0.39,73.5,-7.68,0.006,0.326,0.0,0.199,186558,4,1,3,46
iJFq65JX3ZLWSlITlpXgYm,Broken Wave,Leo Marsh,classical,happy|dreamy,0.375,0.229,0.465,99.1,-15.77,0.0,0.96,1.0,0.0,258435,10,1,4,53
sD4gt7oQQ4NxfQ24AhP7Fk,Wild Horizon,Talia Shaw,indie,sad|energetic|happy,0.297,0.505,0.58,125.4,-10.99,0.028,0.251,0.204,0.0,160612,7,0,5,37
E9oSa9nnq59eyat2XykLdO,Restless Heart,Kai Reyes,electronic,energetic|chill,0.915,0.713,0.413,142.8,-6.91,0.078,0.136,0.386,0.142,175828,1,0,4,52
kqMo6IOQVrS83vDfxLBWAS,Faded Bloom,The Rains,folk,aggressive|chill,0.557,0.572,0.449,126.6,-8.41,0.048,0.632,0.165,0.15,203269,3,1,4,5
AR14SBPfmglhZi3LJYHD8q,,Rio Lark,rock,tense,0.557,0.798,0.634,109.1,-4.54,0.0,0.144,0.236,0.248,246479,6,0,3,2
5PwHPjjJo2YaaKZryot6Hf,Sweet Light,Cole Lark,rock,playful|happy|aggressive,0.642,0.934,0.737,122.7,-5.45,0.016,0.201,0.255,0.105,-1000,0,0,4,77
JTlRDnUB09mPyvAEOxzLyw,Wild Skyline,The Roads,blues,sad|dreamy,0.458,0.268,0.321,91.5,-12.22,0.039,0.412,0.153,0.317,197659,1,0,3,53
tN9QezYwH28tLe4rshyH15,Burning Horizon,Cole Shaw,classical,uplifting|chill,0.461,0.422,0.46,107.2,-23.04,0.037,0.81,1.0,0.165,195588,9,1,5,50
3Uqkkf9JZtmS17knR89aEr,Bitter Storm,Cole Hale,metal,nostalgic,0.378,0.608,0.295,138.3,-3.25,0.091,0.109,0.0,0.109,151606,0,0,5,67
DOkIZdt5zACsA0sM6piwgy,Fading Wave,Zara Knox,pop,energetic|uplifting,0.457,0.811,0.797,97.4,-7.5,0.103,0.359,0.0,0.265,236551,10,1,5,37
jqHJxocpsBJ2B0SCnbq14d,Midnight Heart,Sena Cade,pop,tense|romantic,0.845,0.533,0.417,95.4,-4.34,0.006,0.0,0.109,0.196,184218,7,0,4,27
htixoPoAb6k6J2BMbTJGFE,Crystal Garden,Reo Hale,electronic,uplifting|chill,0.765,0.617,0.502,132.9,-7.01,0.183,0.123,0.48,0.149,227339,8,1,4,0
vTMPyuwjHKGcWdf5FTzLZZ,Burning Ghost,Reo Blake,latin,aggressive|uplifting,0.744,0.912,0.792,80.0,-6.77,0.095,0.185,0.0,0.156,191814,0,1,4,32
YZW58ZbkCnXW4gpDiWAWve,Silent Road,Wren Knox,pop,nostalgic,0.817,0.564,0.48,110.9,-3.21,0.02,0.136,0.0,0.071,249207,8,0,3,35
1DQDs0MkQY704c3wcngJWl,Restless Memory,Jax Blake,electronic,dreamy,0.705,0.948,0.596,137.3,-2.49,0.054,0.259,0.47,0.195,286405,9,1,4,44
JmLi5D91IgTEHLZwRlEWGB,Faded Horizon,Ava Vance,indie,aggressive|sad,0.452,0.56,0.263,126.9,-8.03,0.106,0.412,0.092,0.009,205863,8,0,4,71
hgbTCm2ww3k1FGqxThjCUT,Broken Horizon,Sena Hale,blues,dreamy,0.637,0.34,0.368,87.1,-7.94,0.054,0.438,0.245,0.252,235816,0,0,5,27
BJtDAivSUKKzCkWXpmty3P,Broken Storm,Leo Knox,r&b,sad|nostalgic|uplifting,0.437,0.631,0.414,93.5,-5.21,0.061,0.08,0.0,0.036,155187,8,0,5,56
IAWpJkryMICfOAIwWwe38o,Broken Skyline,Reo Hale,pop,chill,0.74,0.793,0.582,113.2,-8.2,0.077,0.497,0.0,0.024,228675,8,1,5,44
ShRynM5SsvfRkZIvSHKemW,Midnight City,Zara Reyes,blues,uplifting|nostalgic|happy,0.589,0.619,0.619,103.6,-9.92,0.078,0.362,0.125,0.245,293229,9,0,4,71
7FhipLHJNg8nT6MO9LFNyH,Sweet Garden,Reo Quinn,rock,energetic|romantic,0.609,0.649,0.41,135.4,-7.69,0.054,0.0,0.108,0.173,311804,11,1,4,49
QOS7GRK67Cmm0vVA8eYmO6,Midnight Star,Ezra Knox,jazz,melancholic,0.467,0.293,0.191,99.4,-10.53,0.084,0.602,0.179,0.304,226782,7,0,3,25
PYF060GqGoKKZTWEshnxoh,Silent Echo,Talia Wells,blues,playful|tense,0.492,0.763,0.638,86.2,-8.39,0.0,0.569,0.249,0.232,245548,6,0,4,30
GpP0noffkLC5MDPq1qvlF0,Hollow Bloom,Nadia Quinn,r&b,sad,0.853,0.661,0.249,100.1,-8.3,0.244,0.239,0.226,0.091,282757,1,0,4,27
41omJmWTBVTX1q1QwQtS1I,Silent Storm,Cole Ryder,r&b,romantic,0.572,0.533,0.205,96.7,-4.89,0.056,0.183,0.048,0.263,249044,11,1,5,23
itP8wMdLrEjg4v25Twypj2,Crystal Shadow,Zara Frost,rock,playful,0.583,0.775,0.729,147.4,-5.3,0.079,0.0,0.078,0.0,264664,6,0,5,24
QYjQv9AXSJaLypPYqGMpAv,Faded Rain,Cole Knox,folk,happy,0.434,0.415,0.517,107.5,-9.0,0.028,0.822,0.276,0.169,205269,8,1,4,56
n1BrhqMiIzsQahJ4XfbfQk,Faded Horizon,Jax Reyes,indie,melancholic,0.592,0.576,0.336,120.2,-4.1,0.046,0.072,0.14,0.0,204171,11,1,4,23
JwwlV4b6WiXL8GeYnviJPp,Lonely City,Toma Lark,country,dreamy|tense,0.499,0.476,0.453,111.9,-1.62,0.133,0.494,0.031,0.036,181385,2,0,3,53
ddabrQz7HmwjTt3YgPvdDA,Distant Skyline,Sena Hale,folk,romantic|dreamy,0.551,0.504,0.485,100.3,-13.92,0.08,0.568,0.18,0.211,232222,8,1,3,20
raUhj7M7XBOXD7ArirMTVu,Fading Garden,Nova Marsh,metal,tense|aggressive,0.484,0.963,0.163,137.3,-3.34,0.02,0.0,0.129,0.238,202961,7,0,3,27
aBQxX6oPy7zgjWSfhYin1D,Radiant Shadow,Nova Ryder,latin,sad,0.646,0.76,0.649,113.6,-3.09,0.076,0.187,0.0,0.0,165087,9,0,4,62
8H9V10Gpp1wVUQ0efwIPXk,Restless Horizon,Cole Quinn,latin,uplifting|sad,0.94,0.668,0.676,103.2,-6.08,0.098,0.066,0.0,0.043,151456,0,1,4,32
5Kyo0OfT5LPb5RQgS2SOcD,Hollow Shadow,Zara Frost,jazz,romantic|happy,0.485,0.355,0.814,114.0,-10.47,0.064,0.523,0.22,0.036,285970,7,0,4,61
C5oLx99HNsGp7jHSytS9Ar,Electric Shadow,Rio Vance,electronic,uplifting,0.621,0.641,0.656,145.9,-4.9,0.073,0.131,0.276,0.314,200600,0,1,4,48
SZqzJfEPUv0P2vE7NuJFPJ,Golden Ghost,Nadia Cade,electronic,melancholic,0.916,0.821,0.197,138.5,-3.9,0.095,0.0,0.337,0.07,200082,3,0,4,70
Q9eDK7wI1a8SrM58xAQAdn,Crystal Light,Sena Vance,country,aggressive|chill,0.461,0.426,0.427,113.2,-5.72,0.037,0.576,0.0,0.102,230537,3,1,3,51
nDx85z4R7gN6cqlrqOP0zi,Fading Dream,Reo Ryder,r&b,chill|tense|uplifting,0.319,0.549,0.432,101.2,-4.03,0.0,0.0,0.0,0.339,191367,7,0,4,26
5xcBg2JCLLBpqQ431rbATc,Bitter Star,Reo Marsh,latin,sad|nostalgic,0.819,0.615,0.502,98.5,-5.19,0.0,0.375,0.079,0.0,207795,1,0,5,52
wYWw2okEFRDEcwxQZd637n,Endless Dream,Nova Cade,reggae,chill|dreamy,0.611,0.613,0.404,75.4,-9.65,0.0,0.015,0.0,0.193,187963,3,0,5,16
wKJqvxwqv71Ainl1eDKgrS,Midnight River,Nadia Ryder,country,dreamy,0.462,0.607,0.485,107.5,-6.78,0.0,0.277,0.087,0.084,248880,4,1,3,71
RsBKVElBfqjrtHn7NqgVCx,Restless Skyline,Toma Cade,rock,dreamy,0.557,0.683,0.648,120.6,-5.72,0.075,0.288,0.0,0.135,236377,4,1,4,44
jvAvJqBy03TY2mETASGYjH,Restless Fire,Mira Lark,folk,energetic|nostalgic,0.314,0.434,0.477,99.9,-11.7,0.068,0.896,0.201,0.204,239431,10,0,5,60
BOyOkEoIDiqJIAmuQ2Ljlh,Hollow Wave,Rio Voss,indie,aggressive|playful|nostalgic,0.67,0.433,0.656,96.0,-3.05,0.162,0.527,0.057,0.147,221461,10,1,4,18
fM19rOYhk3kLuVsDbpqOJ0,Radiant Bloom,Nova Quinn,electronic,dreamy|uplifting|melancholic,0.679,0.808,0.58,120.8,-6.94,0.101,0.318,0.542,0.04,238423,10,0,4,75
n2KiVggihKzeHDlV471bde,Midnight Shadow,Iris Blake,indie,happy|dreamy,0.616,0.652,0.717,117.7,-7.59,0.06,0.548,0.0,0.232,209877,8,1,4,72
fezFnZ4NOWSBTtvczF1Bf9,Fading Ghost,Leo Blake,pop,tense|aggressive|dreamy,0.61,0.601,0.472,119.9,-0.64,0.078,0.269,0.157,0.223,186766,1,0,4,44
vjDnVAEtgmcTrXwaqDqVri,Wild Echo,Iris Voss,country,tense,0.608,0.405,0.495,114.7,-10.85,0.004,0.507,0.127,0.0,233622,7,0,5,71
qMB3LTqrD7haE2PMTQXk0p,Distant Bloom,Leo Cross,indie,sad|dreamy|uplifting,0.689,0.562,0.593,95.6,-9.03,0.038,0.306,0.029,0.333,165515,6,0,5,54
lJam5gPZc3TW9GsYB8hCwK,Neon Light,Wren Hale,classical,dreamy|melancholic,0.501,0.236,0.455,107.1,-14.64,0.075,0.708,0.806,0.189,194720,8,0,4,47
bQ66GTftBp7wWWIdJ2axOE,Faded Dream,Rio Quinn,reggae,uplifting|happy,0.826,0.461,0.826,94.6,-10.35,0.043,0.1,0.089,0.0,235058,7,0,5,61
cn3cyOX6yzPvPvZFvgJ7qT,Silent Echo,Nova Stone,reggae,happy,0.661,0.478,0.727,94.3,-8.66,0.056,0.258,0.074,0.119,204508,8,1,4,32
9d8xZq5S15LwkTjiqO6VYK,Sweet Ghost,Ezra Quinn,country,happy|dreamy,0.62,0.494,0.602,116.3,-10.89,0.093,0.268,0.0,0.189,231498,7,1,5,34
j0KEY8kKZfT6tdXlQjB1Gc,Sweet River,Nadia Voss,classical,chill|happy,0.233,0.508,0.441,107.5,-22.95,0.076,0.938,0.668,0.085,178332,10,1,4,21
hX9o0k3CPRk3ou6B6AkOuD,Sweet Echo,Nova Cade,country,chill|nostalgic,0.476,0.447,1.0,103.3,-2.67,0.086,0.268,0.078,0.087,199282,10,1,3,30
lVc4FhlE13EFhNfdgBqPyc,Bitter Shadow,Toma Marsh,country,dreamy,0.695,0.518,0.678,117.4,-4.9,0.07,0.364,0.0,0.0,233670,11,1,3,43
Ock9lKm0aJs8IZvWfRffzb,Bitter City,Mira Blake,metal,energetic,0.432,0.957,0.179,145.2,-3.66,0.034,0.159,0.0,0.15,281511,2,1,4,31
BJi94YfwPS53SvAFPfL9i7,Midnight Dream,Zara Stone,blues,happy,0.453,0.595,0.624,97.9,-7.57,0.025,0.707,0.229,0.347,242558,1,1,4,0
9YmRPPZ3FUiALMxg2KQ18h,Velvet Skyline,Ava Lark,folk,sad|playful,0.389,0.431,0.715,95.7,-10.57,0.057,0.584,0.171,0.131,190176,5,0,4,44
nKa1MhtUDlbaJ2cNfixDoF,Sweet Skyline,The Roads,jazz,melancholic|playful|dreamy,0.661,0.464,0.248,90.0,-11.62,0.0,0.519,0.329,0.184,230849,3,1,5,55
diWBEfupVrUuvEY57Uras5,Wild Wave,Reo Reyes,electronic,happy,1.0,0.66,0.645,134.7,-7.25,0.068,0.08,0.437,0.275,130151,4,0,4,45
BDmJx2B1VtQ9HJdUbhQiuU,Lonely Bloom,Kai Lark,reggae,energetic|nostalgic,0.821,0.582,0.483,66.9,-10.45,0.067,0.402,0.1,0.126,273707,8,1,4,42
tKr8ZuiG4pV6evo4pGMAag,Golden Ocean,Mira Quinn,rock,uplifting|energetic|tense,0.639,0.671,0.429,125.4,-7.02,0.134,0.015,0.063,0.206,238864,5,0,4,66
ZuTbojS2s9zCEG6ThFOQVV,Lonely Shadow,The Ghosts,indie,melancholic|playful,0.457,0.569,0.221,104.9,-8.05,0.103,0.282,0.002,0.03,188831,3,0,4,29
eE51gR5he4qlpdVWJeJoUW,Endless Shadow,Nadia Cross,jazz,dreamy|romantic,0.622,0.465,0.66,77.6,-13.09,0.069,0.326,0.168,0.054,251036,9,1,4,35
LLBMhUCJCVcbg4DUrvmITH,Lonely Shadow,Nova Knox,electronic,happy|melancholic,0.771,1.0,0.366,120.3,-6.04,0.012,0.095,0.223,0.216,164346,6,0,4,17
u5pJekRSa2tsAOKCZ8Mw10,Crystal Bloom,Nadia Cade,hip-hop,energetic|aggressive,0.755,0.772,0.496,114.8,-3.55,0.223,0.136,0.0,0.0,206350,2,0,3,6
IEeGolLvZczQb7ISg47dNL,Bitter Rain,Wren Quinn,latin,aggressive|uplifting|dreamy,1.0,0.722,0.749,122.9,-5.27,0.034,0.0,0.0,0.271,206154,6,0,4,60
Gh41X0ZXYsIwoMRz4GmfJx,Faded Skyline,Rio Ryder,reggae,energetic|playful|happy,0.661,0.406,0.789,101.4,-7.77,0.08,0.518,0.127,0.073,209951,4,0,4,38
kTvJE2MECkylvPXFAjiK67,Restless City,Talia Reyes,latin,playful|chill,0.59,0.822,0.644,92.0,-2.96,0.005,0.308,0.03,0.251,247176,6,0,4,25
cEUQ1DeHHfvHuITSTkj9DL,Velvet Ocean,Wren Frost,classical,romantic,0.332,0.473,0.461,96.7,-16.59,0.07,0.809,0.805,0.096,165489,6,1,4,22
ZGfgbhJYcZfo27RGPPcxPj,Midnight Light,Reo Marsh,jazz,energetic,0.466,0.459,0.743,131.1,-9.33,0.001,0.68,0.216,0.157,229436,10,0,4,70
KehElkJoXV0CuhL8ISTSi0,Bitter Storm,The Fires,jazz,uplifting,0.713,0.128,0.463,122.1,-11.83,0.066,0.514,0.493,0.133,248060,2,0,4,30
H5CSF4wq8Y17UhfHsVYFzk,Faded Storm,Talia Shaw,reggae,aggressive,0.737,0.41,0.576,92.4,-10.37,0.0,0.0,0.089,0.039,290834,11,0,4,19
swjm6fLgmqQnUFu082EsA2,Restless Ghost,Ezra Marsh,rock,tense,0.451,0.805,0.579,122.2,-4.66,0.0,0.011,0.163,0.164,211061,0,0,4,12
bkRaLVcOfzEs03tnySfNou,Velvet City,Mira Stone,reggae,romantic,0.715,0.453,0.738,93.0,-7.75,0.106,0.167,0.346,0.413,249007,11,0,3,43
5cleRE0YCdiv44mIYSpRB0,Faded Garden,Leo Vance,classical,dreamy|playful,0.155,0.198,0.317,96.2,-18.94,0.019,0.712,0.991,0.179,143090,4,1,4,37
xKY8kwmVtAavIU96Qgg4Lu,Silent Memory,Leo Voss,hip-hop,tense|chill,0.63,0.66,0.484,80.7,-6.7,0.232,0.0,0.0,0.079,182970,1,1,4,47
xYWM8nKSjTRdXO3FEdHYmM,Distant Fire,The Memorys,jazz,happy,0.401,0.533,0.817,101.2,-12.67,0.092,0.703,0.324,0.255,211567,4,0,4,56
SxfjIhie9HrdFyzFpS6Kcs,Faded Horizon,Jax Stone,reggae,energetic|playful,0.762,0.722,0.525,83.9,-6.57,0.045,0.175,0.0,0.138,228939,11,1,4,65
sdy8W4nVHOo0sUB9BegFs7,Radiant Ocean,Iris Cade,rock,melancholic|nostalgic,0.506,0.796,0.329,161.8,-4.56,0.116,0.212,0.161,0.157,254527,11,1,5,55
zklsht6OeNITgUdX5jubFY,Sweet Road,Sena Voss,r&b,happy|nostalgic,0.622,0.43,0.357,99.9,-5.76,0.038,0.217,0.07,0.063,207241,9,0,4,43
KHpJztJI2YEHS0P9GRPETW,Velvet City,,hip-hop,aggressive|playful,0.764,0.523,0.462,84.5,-5.41,0.09,0.0,0.1,0.075,209461,9,1,4,39
fBBt8afFrJLd6LSchTobRl,Sweet Garden,Zara Voss,r&b,sad,0.684,0.673,0.183,94.2,-6.39,0.09,0.469,0.067,0.212,207283,5,1,5,43
fRpVjhr7FUv2kwlSGt3oTI,Hollow Echo,Jax Marsh,country,playful,0.626,0.394,0.472,118.6,-6.75,0.003,0.154,0.128,0.295,131166,1,0,5,22
riJ3HCKCdxV7pjAXGX3yAD,Radiant Heart,The Citys,pop,dreamy|melancholic,0.786,0.502,0.266,103.2,-4.73,0.05,0.498,0.107,0.335,181740,1,0,4,24
0C3CXoN3Uu5sqEVvw9BHQi,Crystal Fire,Reo Blake,r&b,dreamy|sad,0.83,0.356,0.492,-5.0,-8.04,0.039,0.248,0.042,0.224,191847,6,1,4,46
zCVBhewAs4duIFntlkSlw7,Velvet Star,Leo Blake,reggae,dreamy|sad|nostalgic,0.725,0.289,0.049,75.9,-9.09,0.034,0.303,0.061,0.215,181043,0,0,4,27
nJIVFSjqOcWSYcYitpjqa4,Crystal Heart,Talia Reyes,pop,energetic,0.549,0.508,0.69,115.7,-7.99,0.043,0.17,0.162,0.205,235708,9,1,3,28
5Cql8iQ3A944uqJIvh2dga,Silent Dream,Leo Voss,reggae,energetic|happy,0.522,0.791,0.742,120.0,-4.6,0.192,0.456,0.0,0.076,191182,2,1,3,18
Qv4N5FIXCOSULLBpk5pH1B,Hollow Rain,Iris Ryder,reggae,playful|chill,0.964,0.661,0.419,94.4,-11.23,0.064,0.359,0.0,0.211,195093,7,1,4,24
A89i2hWaj6FoVvJVedCZSL,Golden Shadow,Cole Wells,rock,nostalgic|uplifting|happy,0.229,0.926,0.369,157.8,-6.09,0.057,0.201,0.036,0.0,293003,7,1,4,41
ZrQCWMKohIrvQSCusmfCd8,Hollow Garden,Sena Cade,indie,playful|romantic|happy,0.376,0.584,0.753,141.1,-8.64,0.107,0.409,0.079,0.139,224676,1,1,5,37
X159oPNY1cbwroey00PCS6,Midnight Fire,The Waves,country,sad,0.501,0.419,0.521,94.9,-8.81,0.084,0.596,0.0,0.0,168417,8,0,4,66
J2WTBAmHaanmgm2XWExHSD,Bitter Heart,Nadia Shaw,pop,uplifting|playful,0.812,0.514,0.7,110.4,-0.44,0.073,0.025,0.194,0.252,214727,0,1,4,28
3Th9nLwurosdur4QRfz0Ql,Crystal Ocean,Kai Reyes,electronic,nostalgic|melancholic,0.81,0.701,0.311,119.0,-3.27,0.0,0.157,0.46,0.001,160321,3,1,3,40
NNuiuGddb603KBmfHcXWcK,Sweet Ghost,Nova Cade,r&b,nostalgic|aggressive|energetic,0.707,0.463,0.068,97.3,-6.34,0.064,0.083,0.0,0.283,242810,5,0,4,31
hMl0tQr3h90JNkprIljlsD,Broken Ocean,Wren Blake,r&b,happy|playful,0.617,0.55,0.76,95.9,-6.79,0.0,0.237,0.03,0.241,180508,7,0,3,74
BIzZ6eO4Pg6U8SIoKtUNFX,Crystal Shadow,Leo Marsh,hip-hop,chill,0.989,0.615,0.446,98.0,-7.53,0.208,0.348,0.175,0.0,147170,6,0,4,55
LczlNM8UZf3UoMdqgaP5r5,Golden Ghost,Leo Ryder,jazz,tense|romantic|happy,0.557,0.625,0.58,105.3,-11.82,0.078,0.403,0.302,0.074,227264,0,0,3,66
Z8VKsvXj0PSmUBigMam8Ae,Burning Road,Zara Stone,indie,sad|uplifting,0.457,0.47,0.555,91.2,-5.64,0.089,0.327,0.0,0.02,281324,8,1,4,44
n5x2OT4RnvYiS1Q0kDSDq3,Bitter Heart,Nadia Wells,country,playful,0.64,0.577,0.813,80.5,-6.1,0.055,0.293,0.0,0.0,202018,6,7,4,98
CBtk8tWLplEpJqI57IZEAe,Midnight Heart,Wren Ryder,latin,playful,0.948,0.565,1.0,119.4,-2.64,0.028,0.186,0.0,0.058,172523,4,1,5,23
0ZaHkd6XSQQzsy7b7W9iH5,Bitter Echo,Cole Knox,pop,happy|sad|nostalgic,0.912,0.664,0.399,100.6,-10.67,0.118,0.335,0.057,0.224,273475,5,0,4,88
tArOSnTdFFl8d8DQGd6WlI,Neon Storm,Toma Cross,reggae,energetic|melancholic,0.79,0.555,0.695,74.9,-8.44,0.041,0.451,0.273,0.255,209212,9,1,4,43
2tM81GBcd8x36tixeHGBPH,Radiant Heart,Cole Frost,r&b,melancholic,0.661,0.472,0.305,113.8,-7.6,0.066,0.233,0.115,0.125,161271,3,1,5,76
5H5Qnvc1XkBXwj4H3EK6c4,Crystal Bloom,Ava Shaw,reggae,melancholic|happy,0.617,0.529,0.399,75.4,-3.83,0.052,0.127,0.0,0.0,157535,1,0,4,20
cAGg0uuJOmNn7Iz8Bhongw,Neon Bloom,Ezra Vance,indie,chill|energetic|melancholic,0.426,0.465,0.465,118.9,-9.31,0.083,0.255,0.179,0.153,265548,6,0,3,34
imWY5Yg8NwhkgSvrZZ69OH,Endless Star,Reo Cross,classical,chill|tense|romantic,0.353,0.336,0.417,88.9,-18.25,0.128,0.698,0.669,0.219,303666,1,0,5,34
lO3ehh4vaHlX549sRP3GAP,Broken River,Finn Hale,jazz,aggressive|nostalgic,0.564,0.555,0.626,108.8,-8.83,0.069,0.518,0.248,0.001,215216,0,0,4,52
HPPuFyEXeyZZZ1ot41rFDK,Sweet Storm,Nova Reyes,latin,nostalgic|playful,0.861,0.469,0.518,100.3,-3.84,0.0,0.218,0.11,0.136,171145,7,0,4,20
neq12n7LAKj1AfKQiH6Xk5,Endless Bloom,Rio Cross,classical,dreamy|happy|romantic,0.519,0.251,0.813,107.0,-13.52,0.081,0.835,0.58,0.082,264241,10,1,3,15
2pe3JxE5WSeMUCu0fzrqY3,Endless Star,Toma Stone,r&b,nostalgic|uplifting,0.616,0.294,0.368,89.2,-5.75,0.013,0.102,0.041,0.17,208800,10,0,4,17
49kcGU1tU0U3JRho7ZKS7P,Crystal River,Ava Ryder,latin,aggressive|melancholic|dreamy,0.681,0.737,0.626,117.7,-6.46,0.109,0.421,0.122,0.004,206741,8,1,4,3
RDgnOSBqeiuV5Z4WW4rhHL,Crystal Horizon,Leo Cade,electronic,uplifting|dreamy,0.833,0.783,0.647,131.9,-6.27,0.03,0.034,0.288,0.19,208995,4,0,3,18
jRD0sRCa8rWyvCfODo322O,Endless Storm,Nova Frost,r&b,tense|uplifting|sad,0.688,0.548,0.643,89.8,-4.98,0.077,0.029,0.0,0.274,165401,11,0,4,77
uWS4okY2vGF6J6H7Fa5Vii,Broken Shadow,Talia Ryder,folk,nostalgic|tense|playful,0.464,0.469,0.577,93.4,-9.35,0.0,0.58,0.249,0.353,223969,8,0,5,12
LL1hSsRwqSWijGLEqnVqEz,Silent Wave,Nova Shaw,rock,tense,0.604,0.78,0.293,122.7,-7.64,0.006,0.02,0.0,0.1,215473,4,0,4,40
z6Em8G7QRBJTauBea9ykhD,Crystal Light,Mira Hale,electronic,tense|energetic,0.693,0.757,0.213,123.6,-6.3,0.073,0.0,0.312,0.199,124952,11,1,3,64
Q4GtTPnG6rJxhxSMyM0YJ5,Electric Echo,Jax Reyes,latin,energetic|aggressive,0.778,0.702,0.785,126.7,-6.1,0.137,0.348,0.0,0.098,229840,8,0,3,65
VlCEHYY4oWsd1s2SA8Awds,Hollow Memory,Zara Quinn,electronic,energetic|aggressive,0.785,0.749,0.412,136.8,-5.67,0.093,0.01,0.287,0.137,214231,1,1,5,16
vASydKqr4yNFILxZwddq72,Restless Bloom,Mira Wells,pop,aggressive|melancholic,0.587,0.536,0.555,114.5,-6.38,0.012,0.1,0.0,0.186,190155,2,0,4,95
3gFOzQIj4h9wz01uGJyJbk,Neon Light,Reo Blake,metal,uplifting|tense,0.339,0.905,0.214,133.5,-2.05,0.005,0.154,0.0,0.113,209348,9,0,5,66
X2DbU3IEdeqxa3A34xJ6as,Burning Wave,Reo Lark,folk,chill|sad,0.508,0.359,0.611,114.4,-5.79,0.173,0.676,0.0,0.157,223757,8,1,3,80
7Qn7HJTeWHSbqTcYaLvzXn,Faded Rain,Wren Voss,indie,uplifting|tense,0.439,0.596,0.456,110.7,-4.34,0.068,0.224,0.205,0.05,176759,7,1,4,30
82fQnAVrmSQL5zUl9gOM7F,Burning Fire,The Blooms,r&b,sad|dreamy,0.549,0.576,0.294,87.9,-9.57,0.075,0.281,0.0,0.118,237972,5,1,4,8
zlcCyBKYri7eCbaQdgYIYH,Faded Fire,Cole Shaw,r&b,sad|uplifting|nostalgic,0.612,0.39,0.669,113.5,-8.78,0.107,0.297,0.16,0.389,255691,9,1,4,41
7q0raUX22MQM8L961Fw1WC,Golden Light,The Stars,pop,sad|melancholic,0.728,0.43,0.549,119.4,-5.43,0.055,0.0,0.129,0.099,166563,11,1,3,37
yWujVxCwQ6UBMcCJRkmKVq,Fading City,Talia Knox,folk,chill,0.479,0.281,0.344,109.3,-6.9,0.099,1.0,0.0,0.132,231252,1,0,5,40
xla0JPlx34GdP8i4LJivfX,Hollow Skyline,Nadia Shaw,blues,tense|melancholic,0.377,0.69,0.113,100.8,-11.47,0.049,0.27,0.191,0.0,243829,4,0,3,30
8bGnSF2b8VIN3av5nFFN9K,Sweet Road,Nadia Frost,country,melancholic|chill,0.598,0.347,0.556,108.7,-5.79,0.087,0.624,0.04,0.128,307705,2,0,4,18
Uo7SHtJhLu3abagXxSPKUS,Burning Bloom,Cole Ryder,jazz,uplifting,0.33,0.504,0.48,96.5,-10.8,0.006,0.457,0.079,0.121,123095,0,0,4,16
C3SC22eu8DSWILKoFScm2H,Restless Shadow,Mira Blake,metal,romantic|nostalgic|melancholic,0.467,1.0,0.495,135.8,-4.28,0.0,0.0,0.02,0.121,241753,6,0,4,33
vVElyds5sXN1bNiwRjXPiH,Golden Memory,Kai Vance,electronic,aggressive|energetic,0.437,0.688,0.281,113.8,-6.0,0.035,0.088,0.26,0.0,249448,6,0,4,43
u92x0V0a8wSiHrp5at5spP,Fading Shadow,Talia Frost,classical,happy|energetic,0.515,0.524,0.701,107.1,-16.42,0.083,0.78,0.613,0.05,192581,8,1,4,27
OkuYPKtYvI50QmIX1OP8v3,Neon Dream,Cole Shaw,jazz,romantic|aggressive,0.546,0.119,0.409,109.4,-12.15,0.108,0.645,0.25,0.072,206798,7,0,4,59
5Ek88gFZJH2CJtteVw0Udx,Burning Star,Mira Cade,country,playful,0.623,0.561,0.701,124.8,-3.69,0.113,0.28,0.412,0.208,278345,5,1,5,0
Vl81OORbSIfDkF2xQwWixG,Faded Memory,Ezra Quinn,r&b,melancholic|energetic,0.625,0.499,0.585,83.9,-6.91,0.054,0.269,0.152,0.207,139726,2,1,4,34
Q0MFB39l2OPkclgvrX6tip,Sweet Bloom,Talia Shaw,electronic,romantic|tense,0.815,0.748,0.551,141.9,-3.21,0.048,0.013,0.555,0.054,298716,1,1,4,49
gxJNvU8P4wj32ndqwRPYgS,Wild Skyline,Finn Hale,r&b,sad|melancholic|uplifting,0.739,0.489,0.526,97.2,-7.53,0.006,0.0,0.036,0.025,285477,2,1,4,49
Zr3jBNrh4eXfCRinZqPBzb,Lonely City,The Horizons,metal,energetic,0.225,1.0,0.449,155.9,-8.9,0.039,0.193,0.0,0.12,206789,1,0,5,64
TjVHRFXOhE2fGuycy7TEhr,Sweet Bloom,Nova Frost,rock,energetic|dreamy,0.561,0.654,0.556,130.6,-1.48,0.072,0.0,0.07,0.083,209948,1,0,4,72
hAWLtcqKypVAvYUbIS18G0,Neon Bloom,The Rivers,pop,uplifting,0.644,0.478,0.635,107.8,-4.8,0.046,0.0,0.122,0.191,175472,1,0,5,55
u9vvmH4ZfRdNcrjKGxzuJx,Electric Memory,Reo Quinn,pop,chill|energetic|aggressive,0.552,0.775,0.469,108.9,-3.93,0.016,0.086,0.0,0.285,263031,6,0,4,53
2VBkQgAZSEIuwvWC1AavGE,Sweet Bloom,,blues,nostalgic|happy,0.526,0.492,0.474,66.5,-7.45,0.026,0.46,0.18,0.218,170802,2,1,4,47
0Z01LBof9IHFOhOH6EM9HG,Neon Echo,Leo Wells,metal,tense,0.279,0.876,0.375,137.1,-1.3,0.025,0.0,0.095,0.048,217954,4,1,5,39
nGc5LhxISGrKdXiHL6gVdq,Electric River,Kai Shaw,classical,melancholic|dreamy,0.039,0.24,0.338,109.7,-14.95,0.101,1.0,0.744,0.017,186491,2,0,4,62
J0UaGlIC7lXmIJxzXRS7vz,Hollow Ocean,Zara Wells,hip-hop,happy|dreamy,0.84,0.607,0.615,94.8,-2.48,0.117,0.114,0.0,0.059,231354,2,1,3,34
Ste8Aw4P6hfB739QmNVNmg,Faded Storm,Rio Cross,folk,melancholic|energetic|romantic,0.266,0.523,0.522,107.9,-4.99,0.068,0.5,0.083,0.022,198127,1,1,5,59
NsSxMFt0P7htugHFnzxg1x,Bitter Ocean,Rio Stone,r&b,melancholic|happy,0.526,0.464,0.331,100.3,-8.15,0.034,0.292,0.195,0.117,223867,9,1,4,46
qhgCpWC1eDItxHF2vJyPl2,Sweet Road,Talia Hale,indie,sad,0.61,0.483,0.562,126.1,-6.82,0.158,0.29,0.158,0.165,227559,8,1,4,31
aDwdtXpUogxVK82KNJ63PG,Restless Horizon,Mira Reyes,jazz,uplifting|playful,0.657,0.248,0.614,114.8,-8.56,0.141,0.599,0.288,0.172,209497,3,0,5,57
YfQUpvUU99FRB7pZe9hKXC,Faded Skyline,Leo Voss,latin,dreamy,0.896,0.595,0.694,109.0,-2.39,0.11,0.0,0.192,0.305,192678,6,1,3,30
DTiW4RzCLw2cnu7w7GJN9c,Crystal Echo,Wren Lark,pop,aggressive|playful|uplifting,0.779,0.516,0.592,147.7,-1.94,0.0,0.079,0.089,0.227,223101,8,1,4,62
FXcT5i86rbj9qPh2GEKIEG,Crystal Wave,Mira Cade,latin,romantic|dreamy|chill,0.629,0.649,0.435,89.0,-6.04,0.089,0.124,0.0,0.232,223446,5,0,4,38
WrRjxOlBrbu1eFNvHKieNg,Restless Ocean,Mira Blake,metal,nostalgic|energetic,0.214,1.0,0.425,143.0,-5.37,0.023,0.0,0.279,0.042,197825,1,0,5,41
9kTWjvYX0I2TxZ1C5jTIkG,Crystal Bloom,Mira Blake,pop,melancholic|aggressive,0.522,0.507,0.848,130.7,-8.17,0.079,0.097,0.19,0.203,179078,11,0,3,40
SL6leDE7yC0MCFf6EvM8Y6,Lonely Heart,Ava Cade,pop,uplifting,0.71,0.555,0.46,108.2,-7.34,0.06,0.032,0.0,0.059,189208,11,0,4,34
o0p0MegvJXqn3Tcho6eprJ,Restless Rain,Mira Knox,r&b,tense|nostalgic,0.49,0.463,0.428,91.4,-5.12,0.006,0.313,0.057,0.154,204223,0,0,4,41
rHGdhNl6DBoCTOGzl4JWTk,Crystal Horizon,Ezra Marsh,blues,dreamy|playful,0.308,0.464,0.482,74.4,-11.69,0.071,0.464,0.055,0.153,260709,0,1,4,33
2HTIA6UPLST9GtCuKvfGzv,Burning River,Sena Lark,jazz,uplifting|happy,0.311,0.642,0.84,97.7,-12.49,0.0,0.435,0.395,0.084,199619,0,0,4,33
FekeaAN5UH1nxDCpL3C5J9,Velvet Fire,The Storms,blues,melancholic,0.349,0.682,0.322,101.2,-6.08,0.214,0.962,0.198,0.006,247793,4,1,5,29
Rm8teYCVXRjV5TawcqU85y,Distant Storm,Nadia Cade,electronic,energetic|aggressive,0.684,0.912,0.539,144.3,-6.82,0.129,0.209,0.587,0.233,257684,5,1,4,31
p8C5xlppwxZW1PqNNQlcGy,Endless Road,The Blooms,hip-hop,energetic|tense,0.717,0.639,0.455,92.8,-5.37,0.21,0.131,0.203,0.379,277239,8,1,3,20
erPi7nEXdrVGvxgmg1V9o4,Bitter Fire,Finn Cade,jazz,nostalgic,0.44,0.569,0.418,116.9,-9.55,0.104,0.69,0.381,0.217,213397,9,1,4,37
QXZNNIW1MaX7deheIgKv2b,Distant Skyline,Toma Voss,rock,melancholic,0.398,0.863,0.766,117.6,-8.32,0.0,0.27,0.0,0.324,195983,2,1,4,30
O2pCkV9JpdcKnWcAnoJy6O,Electric Light,The Shadows,rock,aggressive|energetic,0.657,0.812,0.479,131.4,-8.7,0.027,0.0,0.0,0.469,250206,4,1,4,45
XokwTufjfnTRIndGpoN4mn,Fading Light,The Lights,hip-hop,sad|happy,0.885,0.634,0.439,105.5,-3.94,0.289,0.0,0.0,0.077,218933,10,0,5,14
BkU9UHbR3W9MRLwYAbvi20,Fading Rain,The Rains,pop,nostalgic|romantic|tense,0.703,0.593,0.328,122.2,-7.92,0.0,0.178,0.0,0.155,241694,3,0,4,39
Ndi97tY2ImVG6KB3yvmPz5,Restless Ghost,Iris Quinn,rock,energetic|tense|aggressive,0.505,0.866,0.559,106.5,-9.49,0.111,0.006,0.168,0.096,194803,1,1,4,45
Fs9zV49ikkiurty5ZP0pNz,Velvet Bloom,Nadia Wells,r&b,uplifting,0.612,0.457,0.741,80.2,-6.44,0.034,0.126,0.0,0.169,185606,6,0,4,11
SLqIQ0YtCg5U2zFxVyKQsW,Bitter Ocean,Ezra Voss,country,uplifting,0.458,0.632,0.49,124.2,-14.05,0.03,0.362,0.018,0.292,146660,9,1,4,31
sRPdIwS5Kv8uftWWMxDiOR,Neon Star,The Hearts,reggae,uplifting|romantic,0.5,0.546,0.523,93.8,-9.24,0.149,0.209,0.161,0.185,277444,5,1,4,2
tJfjqYF70Lx40BcuQ3bSj1,Golden Ghost,Nova Lark,classical,nostalgic|dreamy|energetic,0.424,0.334,0.576,81.1,-16.94,0.122,1.0,0.693,0.095,165248,10,0,3,65
yjwARzxsH6gL174dgYPgEd,Restless Star,Leo Blake,folk,aggressive|chill|dreamy,0.344,0.14,0.5,114.4,-13.05,0.088,0.492,0.031,0.052,247844,11,1,5,72
IVIEgpiPZlYGEwqjPH4Lbb,Distant Ghost,Nova Marsh,indie,uplifting|happy,0.597,0.441,0.416,113.4,-4.68,0.023,0.238,0.169,0.238,200498,7,0,4,34
gWuEq8iNKqnjewT1MAA5OI,Silent Wave,Reo Hale,pop,uplifting,0.673,0.797,0.445,136.3,-2.42,0.078,0.082,0.092,0.124,155705,7,1,5,38
t7PKMaOdTQLEqLLoCwCYKj,Restless Heart,Cole Frost,r&b,tense|aggressive,0.652,0.501,0.738,127.5,-10.29,0.076,0.355,0.0,0.274,235869,7,1,5,0
dlYrGj58K2GY722fnS3lci,Restless Shadow,Cole Knox,latin,happy|romantic,0.824,0.667,1.0,91.5,-8.77,0.107,0.0,0.101,0.182,200310,1,1,4,54
Xxg2tw1dV3JwqNPei70sVJ,Hollow Light,Kai Cross,hip-hop,aggressive,0.787,0.611,0.616,101.6,-8.01,0.222,0.122,0.113,0.204,228419,7,1,5,38
fY3f5dhF24MTL2kdDEcw1F,Restless Shadow,Reo Frost,country,energetic|tense,0.558,0.644,0.572,117.0,-5.54,0.058,0.357,0.087,0.235,218075,4,1,4,37
8WLySL39OooGNqFUl9BL2V,Restless Heart,Jax Shaw,classical,melancholic,0.398,0.135,0.529,95.3,-17.19,0.153,1.0,0.665,0.406,238392,4,1,4,23
NWhOn1utzTzPw6jiHKD7v6,Lonely Memory,Nadia Wells,electronic,sad,0.801,1.0,0.581,110.0,-5.38,0.044,0.246,0.314,0.008,192048,8,1,4,66
BH4KINz2ZOmiDDv9r8b3vx,Distant Heart,Toma Hale,hip-hop,nostalgic|energetic,0.67,0.738,0.419,83.5,-7.07,0.195,0.0,0.0,0.0,214735,7,0,4,18
8hjQfgTIuJ3Ivo0nMO6S69,Neon Bloom,Toma Cade,electronic,tense,0.67,0.818,0.391,150.6,-9.69,0.07,0.0,0.299,0.018,204368,0,0,4,0
r5hlBPVda0NfdoeiHcCQOj,Radiant Bloom,Ezra Stone,metal,energetic|playful,0.362,0.803,0.529,145.4,0.0,0.169,0.0,0.209,0.157,274636,1,0,4,52
EaA5cOFGdxtaCh8kL7HNMX,Restless Wave,The Dreams,hip-hop,dreamy|energetic|nostalgic,0.576,0.767,0.47,117.7,-9.21,0.245,0.126,0.0,0.0,209571,4,1,4,38
WljcJORflRF600VtMMpMfY,Radiant Heart,Leo Reyes,reggae,uplifting|tense,0.794,0.463,0.64,85.3,-9.53,0.06,0.213,0.227,0.246,224287,10,1,4,63
W8L836cI51k4z07GfZZuqj,Lonely Star,Nova Wells,latin,dreamy,0.957,0.812,0.768,103.3,-5.97,0.003,0.282,0.113,0.276,189630,9,1,4,47
aXCtVro8OQqEOVG62jf057,Endless Echo,Leo Stone,metal,aggressive,0.249,1.0,0.072,175.3,-1.21,0.069,0.0,0.002,0.15,252317,1,1,4,39
8RKl8XsiSdYO7KasjQOwIT,Fading Memory,Nova Hale,folk,tense|happy|romantic,0.406,0.184,0.416,106.0,-14.93,0.113,0.557,0.197,0.244,269703,5,1,4,41
obuaBNQLJFxHTuj8wF9krY,Radiant Shadow,Zara Knox,hip-hop,chill|happy|nostalgic,0.681,0.641,0.571,106.1,-7.5,0.26,0.351,0.0,0.141,272519,4,1,5,6
ev35xeVcWwX8hCF8vE82G1,Burning Dream,Rio Frost,latin,aggressive|happy|uplifting,0.754,0.55,0.692,117.9,-6.52,0.131,0.407,0.18,0.113,138718,7,0,3,48
hOOnXQ4UhRWXXzVJJ9MCHd,Lonely Memory,Mira Voss,metal,aggressive,0.228,1.0,0.506,146.1,-2.37,0.066,0.11,0.047,0.054,175434,0,1,3,53
AchcNNwGEkrseXfOfWp8KE,Lonely Horizon,Sena Reyes,metal,aggressive,0.534,0.837,0.341,153.9,-6.7,0.062,0.281,0.362,0.168,188077,0,1,3,38
pZ84Ujz1ngslqo5IjOjqTr,Neon Wave,Leo Frost,rock,romantic|sad,0.258,0.826,0.406,126.8,-8.64,0.0,0.0,0.006,0.073,247716,11,1,4,59
aNA7pCEsdXQO2689fMWql8,Neon City,Jax Cross,latin,tense|energetic,0.847,0.608,0.595,103.4,-6.45,0.012,0.123,0.14,0.096,238266,3,0,3,50
S92mUOsBRujUBEVPQtNMJH,Lonely Road,Nova Blake,pop,romantic|energetic|tense,0.885,0.572,0.487,107.0,-0.47,0.112,0.174,0.057,0.08,258447,4,1,4,36
cHXAcYtGMKqaOeJxf359sX,Faded Light,Iris Hale,country,melancholic|playful|dreamy,0.622,0.556,0.386,112.5,-8.93,0.073,0.201,0.0,0.287,162475,5,0,5,30
SbPn5XQg7aNmHXIGlNxymD,Radiant Garden,Nadia Knox,jazz,playful,0.585,0.379,0.608,131.0,-9.12,0.042,0.226,0.097,0.307,199889,7,1,4,13
Osa2D4iWf2e20Vh9luLy5Y,Burning Storm,Cole Wells,metal,sad,0.643,0.797,0.381,162.3,-1.51,0.103,0.079,0.31,0.321,160385,3,1,3,42
GMWEYRFT3ygkC14XAxh7Xq,Radiant Skyline,Leo Vance,metal,tense,0.492,0.94,0.48,146.2,-9.92,0.074,0.211,0.143,0.279,135592,5,1,4,19
ffSCrxhRYVGPH0WLpqCDoe,Golden River,The Horizons,country,happy|energetic|dreamy,0.531,0.536,0.575,119.0,-11.32,0.113,0.528,0.175,0.246,223657,6,0,3,64
PiAB2vcM5IbhEO1UUd0OSw,Hollow Wave,Ezra Cross,reggae,chill|nostalgic,0.534,0.482,0.797,94.4,-6.2,0.043,0.102,0.063,0.187,205235,11,0,4,50
vB9GUxUJWyNE0OqqXobjCG,Radiant River,The Rains,latin,playful|happy,0.668,0.656,0.695,104.9,-6.21,0.138,0.303,0.038,0.138,195026,8,0,5,31
teoX475T3kesRBc8EEJ28e,Sweet Rain,Rio Frost,reggae,tense|playful|energetic,0.905,0.514,0.728,69.3,-8.22,0.013,0.221,0.074,0.28,131338,8,0,4,66
7RFVPJrU97jOm0EQscuOfE,Broken Storm,Rio Quinn,country,melancholic|romantic,0.556,0.544,0.557,121.4,-7.54,0.078,0.489,0.012,0.251,190677,6,1,5,59
OvyjLwjiU1VsiMojBDqTvZ,Silent Heart,Finn Vance,electronic,aggressive|nostalgic,0.81,0.678,0.483,135.4,-2.89,0.133,0.31,0.371,0.104,198439,6,0,4,0
jEHhwYTCTwSHrLJEwTwYZO,Neon City,Kai Hale,indie,uplifting,0.709,0.675,0.551,124.6,-8.82,0.035,0.601,0.0,0.291,184804,3,1,3,45
o1IuOXa4rrZ42JyPdgdfzQ,Velvet Shadow,Ava Cross,folk,dreamy|sad,0.464,0.374,0.694,106.1,-8.22,0.09,0.771,0.214,0.083,210464,8,1,3,32
cyihqXcjrKLQH0IKp2PsRi,Electric Garden,Leo Blake,metal,energetic,0.273,0.823,0.544,133.5,-4.62,0.002,0.003,0.2,0.173,238657,6,1,3,85
0l8xpWj09rku30rSYCwKuE,Burning Skyline,Jax Wells,hip-hop,melancholic,0.683,0.432,0.434,81.6,-2.18,0.23,0.027,0.217,0.057,252523,10,1,5,43
B3CidJoUJH5HtSQBfQbHAk,Neon Light,Wren Reyes,r&b,happy|tense,0.582,0.628,0.327,93.6,-6.12,0.105,0.0,0.0,0.135,264718,2,0,4,51
LSBkh6MGwVRVYOhvxO6US9,Velvet Star,Ezra Wells,country,aggressive|uplifting|melancholic,0.473,0.484,0.518,104.1,-5.19,0.091,0.332,0.047,0.239,187266,3,1,3,67
OSGVAxVSa4rT7G6Ed653JC,Neon City,Kai Blake,r&b,playful,0.768,0.492,0.301,95.5,-6.3,0.051,0.433,0.0,0.133,197717,7,1,3,62
Cnj5I0vVzu4JOdO62UMdwX,Lonely City,The Memorys,r&b,romantic|happy,0.482,0.485,0.302,93.3,-8.05,0.0,0.348,0.0,0.255,222109,11,0,5,50
936OtWHMHnWE7PXAWpGLvO,Hollow Heart,Reo Hale,latin,aggressive|playful|romantic,0.857,0.662,0.628,102.8,-1.61,0.056,0.0,0.045,0.263,227695,10,1,4,44
HFwgqzb8diumbaNW8x1TOG,Fading Heart,Talia Stone,country,dreamy,0.473,0.549,0.538,111.2,-5.39,0.139,0.383,0.036,0.0,230881,10,0,4,47
duYHV23Tfmuxh6l3QAYQra,Midnight Star,Sena Shaw,classical,chill|playful,0.274,0.062,0.446,103.0,-18.38,0.053,0.974,0.705,0.226,204737,9,0,4,56
E15ICP1m3ykW1gJsGeCD52,Wild Road,Zara Stone,reggae,happy,0.653,0.466,0.541,84.7,-10.38,0.058,0.199,0.039,0.174,169172,5,0,4,52
OVcjOcWjPXnsMlxcN9SzfJ,Lonely Horizon,Zara Wells,country,melancholic,0.62,0.605,0.56,119.4,-3.96,0.09,0.597,0.0,0.139,232646,0,1,3,66
n9eRnkY2qYg6LYgdOdR4li,Distant Wave,Finn Voss,blues,nostalgic|playful,0.405,0.546,0.231,109.4,-4.32,0.116,0.307,0.022,0.002,234938,2,1,5,23
odVRwjXCbmqqUeIOrtXdTt,Velvet City,Reo Frost,classical,nostalgic|playful,0.372,0.538,0.48,110.7,-15.47,0.015,0.966,0.695,0.257,249661,3,0,3,78
bEkWTnfZQp4rgNgPBjJGtr,Sweet Memory,Reo Lark,latin,dreamy|playful,0.657,0.898,0.757,93.1,-2.82,0.0,0.267,0.0,0.084,212859,4,1,4,56
aicCNay2sCn2MUuTHcbVIV,Electric Garden,Nova Reyes,reggae,happy|melancholic|dreamy,0.748,0.12,0.718,85.4,-3.94,0.146,0.252,0.257,0.157,236946,6,0,5,42
GOXrmrOf9EBWvdpBbkMfMn,Midnight Ocean,Mira Shaw,pop,melancholic,0.435,0.841,0.591,114.6,-3.05,0.093,0.0,0.0,0.25,169178,8,0,4,30
ndtcy3oiwURjKxyL6famxk,Fading River,Ezra Shaw,rock,tense|happy,0.648,0.858,0.792,118.9,-6.56,0.183,0.025,0.071,0.128,234654,10,0,4,36
a4h2zXY0xqhHpRORGriNRR,Velvet Light,Leo Knox,reggae,uplifting|playful,0.764,0.473,0.86,98.1,-7.79,0.033,0.34,0.053,0.122,253800,3,1,4,38
6J9vG4Aq1RMdFNyhItXUdr,Neon River,Finn Hale,electronic,energetic|sad,0.822,0.787,0.561,130.7,-6.48,0.163,0.079,0.51,0.012,214163,10,1,4,2
I5FtPrHvmh2irWeF3UxNWZ,Electric Light,Toma Shaw,country,chill,0.594,0.483,0.662,114.5,-4.21,0.012,0.517,0.112,0.217,185442,10,0,4,37
zih3y0pevDDXAfwDs3Zowu,Electric Memory,Rio Vance,indie,playful,0.581,0.359,0.548,105.4,-7.51,0.056,0.337,0.111,0.15,227830,10,1,4,79
ftNkCKg9dY4kVyN23FYt4Q,Silent City,Ava Cade,country,playful|happy|romantic,0.445,0.607,0.385,90.5,-8.98,0.0,0.349,0.0,0.212,204376,10,1,3,58
FYQabWV7fl9RJbbjtme92J,Broken Heart,The Citys,blues,dreamy|chill,0.383,0.378,0.511,86.0,-8.03,0.011,0.545,0.049,0.082,176617,7,0,4,39
1KUvBDSNK2EerTQ3YRWBGW,Distant Storm,Ezra Lark,electronic,melancholic|playful,0.733,0.799,0.603,118.5,-6.34,0.124,0.0,0.556,0.16,199094,3,1,4,35
xwIDLECj7NG0NGCjvAL263,Velvet Garden,Toma Cade,folk,uplifting|nostalgic,0.559,0.518,0.68,99.9,-8.22,0.179,0.805,0.168,0.13,170922,0,0,4,70
cEQmPFDfv7dyepPHdXy7rM,Golden Heart,Jax Vance,reggae,sad|uplifting|playful,0.507,0.544,0.69,75.3,-8.07,0.0,0.18,0.177,0.088,244189,0,0,4,36
QuFuVC6q5sx1IkwPPD4rko,Restless Storm,Talia Voss,blues,chill,0.425,0.356,0.348,89.9,-10.07,0.071,0.698,0.146,0.164,253165,8,0,5,58
xrnmBzw72HOUeNTpkV6aMy,Hollow Storm,Jax Blake,pop,sad|dreamy|playful,0.92,0.677,0.81,130.1,-6.78,0.121,0.247,0.078,0.057,270273,0,0,5,43
055jG5R3UqzTfuLzutoKhV,Midnight Ocean,The Lights,classical,aggressive|dreamy,0.16,0.299,0.49,99.5,-15.54,0.026,1.0,0.786,0.125,219845,10,1,4,18
0g1iNPN2ph4YVwlp7W3aQb,Crystal Dream,Finn Frost,reggae,nostalgic|playful,0.794,0.428,0.796,104.7,-11.05,0.04,0.344,0.001,0.105,170906,9,0,4,83
4oSZhs4mvBapqee5rBlw34,Faded Road,Leo Marsh,latin,dreamy,0.817,0.855,0.523,111.2,-8.46,0.008,0.372,0.0,0.318,245494,10,1,4,59
gftuDxZnoLvRewPDrXBbA0,Endless City,The Stars,metal,sad|energetic,0.359,0.873,0.554,135.9,-2.68,0.071,0.245,0.109,0.159,200005,8,0,4,65
ogqJJL9COvx82xKAGqhmJK,Silent City,Iris Lark,blues,playful|dreamy|uplifting,0.405,0.384,0.64,113.4,-11.78,0.026,0.505,0.277,0.0,317752,1,1,4,87
WGCy0QEXvyBEnPgxOZIUrh,Endless River,Iris Cade,reggae,sad|nostalgic,0.621,0.529,0.32,70.4,-11.06,0.146,0.284,0.0,0.328,159156,3,1,4,39
HrtLWAqfhZpxQ4XHOOZLk4,Restless Horizon,The Ghosts,indie,sad,0.439,0.474,0.482,112.6,-7.43,0.033,0.276,0.162,0.267,224662,6,1,3,1
R6vgO2DErpsdjfNFZd4kbA,Lonely Fire,Sena Quinn,pop,chill|playful,0.815,0.837,0.931,124.3,-2.71,0.052,0.084,0.138,0.28,166407,1,1,5,0
aYDepJqvZzHrxJyfB03k7r,Bitter Fire,Rio Hale,country,dreamy|uplifting,0.645,0.815,0.372,119.0,-7.26,0.003,0.606,0.063,0.095,268047,1,1,4,12
o8LDMybbHAUaPFHcsKL8cn,Velvet Skyline,Nadia Hale,blues,sad,0.431,0.485,0.285,91.9,-12.81,0.092,0.498,0.105,0.0,273141,3,1,4,69
x2QdHuqjrch3jXGlEmfxsj,Broken Shadow,Toma Shaw,folk,aggressive,0.47,0.055,0.761,92.2,-11.4,0.04,0.75,0.109,0.056,240088,1,0,5,70
dPxRad5TNHvf8BGxauiX3K,Lonely Road,Leo Vance,r&b,nostalgic|energetic,0.668,0.518,0.358,93.9,-8.9,0.12,0.306,0.0,0.124,209412,5,1,5,54
kpsbFblA76PC9U9iWQBcgG,Sweet Horizon,Zara Blake,pop,chill|happy,0.559,0.625,0.668,124.7,-3.99,0.0,0.299,0.0,0.045,208448,10,1,4,43
XAqO2L3rPILQ2E8QcMATtK,Burning Road,Kai Cross,metal,uplifting,0.256,0.916,0.337,139.7,-7.66,0.117,0.0,0.051,0.214,211865,6,1,5,52
o0LbNaLbDhCciMblUUGc0R,Electric Memory,Mira Knox,blues,melancholic,0.311,0.444,0.189,116.6,-9.34,0.1,0.73,0.031,0.019,184934,10,0,4,23
N4sMZPv7vAJlfUVaAMdIIt,Midnight Echo,Wren Hale,rock,nostalgic|aggressive,0.447,0.967,0.379,133.2,-3.32,0.096,0.208,0.0,0.0,169359,11,1,3,76
CLm6Dy07ZaZjJIxxSjLWS2,Bitter Horizon,The Fires,hip-hop,sad|energetic,0.785,0.748,0.444,86.2,-5.12,0.119,0.253,0.1,0.184,259993,2,1,4,37
EIqeYH78xyDYRXHGzUnlUg,Burning Skyline,Mira Wells,classical,dreamy|romantic,0.496,0.264,0.444,98.7,-14.78,0.058,1.0,0.687,0.101,180779,7,0,5,65
Mq05TZU8W5DQ0AstPgw1dS,Restless Bloom,Zara Lark,hip-hop,happy|playful,0.768,0.401,0.612,87.0,-10.87,0.233,0.071,0.0,0.147,231669,9,1,3,74
JEKApvFHsyegW5mHqu3fT9,Velvet Horizon,Mira Vance,country,happy|dreamy,0.526,0.661,0.594,94.1,-8.37,0.0,0.486,0.227,0.216,213390,10,1,5,60
1i7edBQZBryDBoC1zc6DyX,Midnight Light,Ezra Marsh,indie,dreamy,0.525,0.416,0.703,118.6,-6.66,0.0,0.384,0.04,0.055,215512,2,0,4,0
4CKJPtEOqbhJdEAH8h8obS,Broken Horizon,Nadia Reyes,hip-hop,melancholic|tense,0.595,0.635,0.232,88.8,-7.07,0.226,0.019,0.0,0.201,195693,11,1,5,41
nrT6ggEY2cj0DiKUVpvUwK,Restless Memory,Zara Cade,folk,sad|dreamy|chill,0.263,0.135,0.459,129.2,-6.07,0.132,0.444,0.239,0.086,178835,4,1,4,48
nDUYD3wl9Uj7m33wyw54wf,Crystal River,Reo Lark,pop,happy,0.782,0.764,0.923,120.5,-5.04,0.044,0.0,0.014,0.173,168803,8,0,5,82
JalXGhlvLwrkxdrOptsiBQ,Silent Horizon,Nova Stone,r&b,uplifting,0.581,0.588,0.623,106.6,-3.86,0.035,0.135,0.035,0.196,221194,1,0,3,47
UU9Kin6IkWkc24xalw1YId,Silent Star,Talia Wells,jazz,nostalgic|tense,0.358,0.459,0.446,103.2,-6.38,0.107,0.413,0.331,0.183,188405,2,0,4,54
YrQBBuKXmxk7pHxETg3khP,Silent Skyline,Ava Blake,classical,melancholic,0.327,0.473,0.324,101.6,-17.17,0.01,0.873,0.946,0.242,248226,6,1,5,60
EQ8g7KB5VE13PU6aohauYm,Restless River,Kai Marsh,folk,nostalgic,0.174,0.22,0.309,100.3,-14.4,0.0,0.587,0.147,0.026,173351,1,0,4,66
jfzBqRqUs1vVaODRql3eEH,Restless City,Ava Cross,blues,playful|aggressive,0.625,0.434,0.692,88.0,-6.29,0.088,0.385,0.233,0.229,157996,4,0,4,73
2BPoab6EZ9R9kgJ2kWzSwp,Crystal Memory,Leo Blake,latin,uplifting,0.899,0.641,0.824,119.0,-6.85,0.079,0.161,0.0,0.028,183237,6,0,3,32
NFVxHEU7XFQ4ZVSBPLHEKz,Midnight Star,Kai Hale,reggae,energetic|happy,0.508,0.675,0.857,111.5,-5.87,0.143,0.225,0.019,0.022,226470,11,1,4,36
LsgB9lcphw2Lhv2Dmgt80m,Midnight Ocean,Leo Cade,country,nostalgic,0.523,0.679,0.476,109.8,-7.5,0.035,0.643,0.155,0.167,269635,10,1,4,34
PjIWpj06JOOQaazuwytkru,Bitter Dream,Jax Voss,pop,sad|energetic,0.682,0.671,0.474,110.8,-8.02,0.057,0.371,0.057,0.109,280706,0,0,5,45
k9sNPbOu3sUX2eoknCfwpx,Endless Bloom,Ezra Lark,latin,uplifting|sad,0.735,0.832,0.873,105.0,-2.99,0.019,0.06,0.066,0.201,139385,4,1,4,39
vjQapu2rzfjGawOt1pKTg8,Velvet Shadow,Wren Wells,folk,playful,0.532,0.417,0.325,111.4,-11.71,0.145,0.574,0.184,0.163,299316,3,0,5,46
njZKQJA7S8gJVGN8eG1U84,Burning Echo,Nova Marsh,rock,aggressive|energetic,0.621,0.893,0.595,140.1,-6.79,0.055,0.007,0.166,0.22,210625,2,1,4,78
bTfMfY9Yusdk4jXrYIUdAq,Neon Horizon,Toma Wells,electronic,energetic,0.775,0.819,0.513,118.5,-5.82,0.045,0.014,0.286,0.123,267169,2,0,4,62
8p526Bf8f0XWRw5c36V2zt,Endless Ocean,Nadia Blake,folk,uplifting|aggressive,0.521,0.421,0.537,107.1,-10.44,0.075,0.551,0.087,0.224,190340,1,0,3,66
XTSIPVu85rBX2c0dGg87eG,Fading Ghost,Ava Hale,rock,playful|tense,0.791,0.902,0.566,109.0,-6.15,0.096,0.0,0.163,0.223,220957,1,1,3,31
3j1w9hb2qc2o2PbB468HlG,Broken City,Ezra Stone,latin,nostalgic|playful,0.856,0.825,0.651,103.2,-7.72,0.08,0.198,0.0,0.082,218982,10,1,4,59
83tClO1mKbaW3yClGRkuk1,Fading Fire,Sena Voss,folk,dreamy,0.586,0.225,0.442,110.8,-9.47,0.0,0.815,0.093,0.143,235090,11,0,4,20
k07ibvKTEXMH9RI9rQV1xu,Fading Skyline,Rio Vance,electronic,melancholic|aggressive,0.868,0.878,0.794,138.2,-5.81,0.109,0.07,0.414,0.099,173170,9,1,4,35
4HEX0KJZDz9cvMfTiPCKZF,Silent City,Talia Wells,electronic,aggressive|playful,0.678,0.558,0.869,109.5,-3.67,0.115,0.071,0.209,0.095,242857,2,1,4,54
OkBG89ITXNHxfwwOgLzvZC,Sweet Dream,Leo Shaw,classical,nostalgic|energetic,0.131,0.202,0.254,71.9,-20.16,0.0,0.932,0.833,0.27,210425,7,0,5,46
3vJkdNp3wCs49s5eHgs7A4,Faded Road,Kai Knox,jazz,dreamy,0.471,0.31,0.483,106.3,-12.55,0.066,0.672,0.341,0.346,164941,8,0,3,48
0vNDNX41Q3dmxywheA2MMG,Hollow Horizon,Reo Stone,rock,energetic,0.494,0.848,0.305,116.5,-4.64,0.116,0.324,0.114,0.209,222632,11,1,4,34
BLAyJiVtWL0rZ8DryNluNC,Hollow Wave,The Lights,folk,melancholic|chill,0.477,0.338,0.45,99.5,-6.43,0.03,0.531,0.171,0.056,213328,0,1,4,29
oNfjd115qcUJczmYCzoevG,Hollow Bloom,Ezra Frost,electronic,energetic,0.812,0.78,0.417,127.8,-4.86,0.023,0.254,0.548,0.126,202785,3,0,4,46
j4BFUOFbCMrerXi5HlqIIp,Broken Rain,Finn Quinn,metal,energetic,0.458,1.0,0.356,136.8,-6.24,0.048,0.185,0.016,0.052,212296,3,1,3,88
XEK2wSEy3ue2nMBdgngoif,Midnight Garden,Rio Quinn,pop,romantic|playful,0.451,0.845,0.737,115.0,-2.19,0.153,0.324,0.031,0.161,190830,5,0,4,30
2ouajI29RxagqBHNDC3nwn,Hollow City,Nadia Wells,indie,happy|uplifting|sad,0.6,0.595,0.768,132.0,-7.03,0.0,0.628,0.0,0.121,243993,8,1,5,0
WT2VAEWagbpRFDv7AxHWBQ,Radiant Road,Talia Cade,r&b,dreamy|energetic|melancholic,0.643,0.634,0.428,99.5,-7.0,0.031,0.39,0.0,0.168,231960,3,1,3,10
dc6jrzj8LxQ2TyyG4bxee0,Faded Rain,Wren Stone,folk,dreamy|sad,0.429,0.242,0.498,108.5,-10.37,0.107,0.679,0.0,0.119,210307,1,0,4,40
nBbxfCeo2ysrvM7VlpBqZK,Radiant Garden,Toma Frost,hip-hop,happy,0.881,0.394,0.643,93.0,-10.15,0.264,0.068,0.049,0.036,243525,7,1,4,47
ycmxgUJnEY4npNgG9qP4RH,Hollow Horizon,Nova Lark,country,chill,0.806,0.667,0.597,100.8,-5.4,0.057,0.213,0.0,0.161,200724,3,0,4,58
dULArzyrltKseIk2EuXsS7,Velvet Heart,Leo Stone,classical,romantic,0.08,0.202,0.61,102.9,-18.11,0.142,1.0,0.675,0.145,283917,9,0,4,58
erFa5k2CNRRqPXdqLHQYye,Electric River,Talia Shaw,r&b,chill,0.515,0.349,0.257,70.8,-9.08,0.083,0.248,0.061,0.186,239076,6,1,3,41
GLOwwTtZH3hYDlzE87SoeQ,Silent Wave,Kai Ryder,country,happy|energetic,0.419,0.434,0.798,99.8,-9.52,0.06,0.404,0.0,0.177,279172,0,0,5,45
94JyqJM3Cg42YqpMBAX5OP,Golden Horizon,Zara Cade,folk,melancholic|dreamy|happy,0.73,0.32,0.528,112.0,-9.39,0.065,0.671,0.0,0.244,266687,9,1,4,64
ZPn4M66d8hQwtXbu89ZzkA,Faded Road,Leo Knox,rock,energetic|nostalgic,0.55,0.818,0.441,122.3,-7.03,0.0,0.22,0.074,0.181,262691,11,0,5,54
LdAlQkrJWep2K44RiLWQq5,Neon City,Reo Wells,metal,sad|dreamy,0.342,0.981,0.157,134.8,-1.97,0.093,0.083,0.249,0.197,214060,5,0,4,26
EFzDBpK5YhDXebsRpqT2ec,Burning Shadow,Talia Knox,rock,energetic|aggressive,0.673,0.798,0.51,142.0,-5.67,0.061,0.124,0.02,0.085,188309,5,0,4,30
1mNQBNr7wMgwhQeyfpg1sT,Bitter Bloom,Nova Lark,indie,nostalgic|chill,0.547,0.432,0.492,134.4,-10.5,0.015,0.124,0.082,0.124,244021,1,1,4,41
2DzBx6iUAGxpaCWsUVtcgS,Wild Echo,Talia Ryder,hip-hop,melancholic|sad|uplifting,0.869,0.65,0.529,110.6,-12.5,0.09,0.254,0.0,0.16,253481,9,0,4,61
6UqHHTcEPgNRQ1zoftjKeH,Crystal Dream,Nadia Marsh,country,playful,0.375,0.647,0.574,123.0,-4.36,0.087,0.488,0.129,0.157,235447,4,1,4,46
NfuL30q7lK6zIMswF8iLNG,Endless Skyline,Nadia Vance,blues,sad|melancholic|tense,0.558,0.549,0.369,107.2,-6.73,0.028,0.307,0.079,0.163,209163,11,0,3,70
nJIrM9u7HmRZZqpu96JsMF,Neon Garden,Nova Hale,latin,aggressive|happy,0.693,0.626,0.556,102.1,-5.45,0.0,0.416,0.06,0.286,208509,9,1,3,47
yD0SGTzVUprcw8IjWSN6cN,Endless Heart,Ezra Wells,jazz,energetic|romantic,0.699,0.442,0.45,102.1,-9.44,0.004,0.436,0.379,0.125,217168,6,1,4,5
qCKMQQa90DTmEbSXCVRr0m,Wild City,Kai Vance,folk,nostalgic,0.456,0.191,0.486,88.1,-7.47,0.01,0.812,0.0,0.141,224496,0,1,4,26
FFjaHLD3NgP5GIpAfBtxQz,Radiant Memory,Toma Marsh,pop,aggressive,0.537,0.813,0.596,125.3,-5.18,0.105,0.086,0.116,0.189,250192,6,0,4,42
WbE1xp85E3f970skkEzM1c,Lonely Light,Talia Ryder,rock,energetic|playful,0.739,0.667,0.699,126.2,-4.55,0.053,0.0,0.0,0.248,259368,10,0,3,38
bRim6BcpgBxcGXC4xweFo0,Faded Bloom,Kai Lark,blues,dreamy,0.441,0.245,0.473,94.3,-4.78,0.094,0.36,0.135,0.221,222122,7,1,4,22
Epg0NgTSRLU69CwW9AVHol,Burning Garden,The Oceans,folk,melancholic|romantic,0.31,0.379,0.205,114.2,-8.8,0.04,0.653,0.099,0.238,248109,1,0,4,85
v8NoJ58JFcw8BFBGdkZbmq,Endless Skyline,Rio Voss,country,happy,0.641,0.574,0.722,111.9,-2.52,0.12,0.473,0.0,0.0,272701,3,0,5,76
G8So1swmzu8ouLzJUuTzQG,Velvet Star,Ava Frost,r&b,chill,0.68,0.472,0.466,81.6,-11.31,0.079,0.185,0.0,0.175,245555,8,0,4,55
4XWcV9bOUW4BP9oNirMr51,Sweet Fire,The Rivers,country,uplifting|melancholic,0.505,0.554,0.446,109.8,-6.71,0.191,0.388,0.0,0.161,234902,3,1,4,35
HSqALShIfyv7q0Z13BpyGU,Golden Ocean,Wren Shaw,r&b,sad|happy,0.523,0.296,0.424,90.6,-9.68,0.052,0.388,0.079,0.042,232480,5,1,4,30
lBSY5ve7LR6DBig927TVi8,Burning Light,Wren Vance,folk,tense|nostalgic,0.514,0.323,0.638,114.6,-8.82,0.062,0.769,0.0,0.313,270660,6,1,4,39
GpwBkFVTnEgfKf0GRj332a,Burning Horizon,Ezra Vance,pop,tense|energetic,0.601,0.826,0.598,117.7,-6.95,0.079,0.0,0.0,0.227,280870,3,0,4,42
X6m3rGVePK6vEgtZTzoMEb,Radiant Horizon,Cole Quinn,electronic,nostalgic|melancholic|chill,0.54,0.649,0.27,120.4,0.0,0.0,0.106,0.369,0.227,257759,10,1,5,57
oywTJM6r6XWj2CG8pJfA35,Fading Ocean,Nadia Wells,rock,energetic,0.433,0.815,0.563,143.2,-8.57,0.068,0.283,0.095,0.118,202644,1,0,3,20
UCxtgdLu0NCuAGv8TtjbAy,Endless River,Talia Ryder,reggae,chill|nostalgic,0.677,0.574,0.61,101.3,-8.15,0.04,0.419,0.017,0.141,175047,4,0,4,57
StkQPYGefiPmOAkL5TnI05,Silent City,Iris Knox,blues,energetic|playful|chill,0.447,0.478,0.426,85.8,-5.76,0.067,0.308,0.063,0.0,213265,8,0,5,20
1G9zoa8q4bDsgMGGGH48zz,Lonely River,Zara Hale,pop,melancholic|romantic|sad,0.638,0.689,0.995,108.3,-6.58,0.178,0.144,0.11,0.0,144488,9,1,5,0
dmIns0TmXVaBN58bYpuV8w,Burning Fire,Nadia Shaw,folk,happy,0.461,0.313,0.446,118.4,-8.71,0.067,0.944,0.0,0.245,170231,6,0,4,29
RAkMPVSyOAkMjmhKgOklzA,Endless Ocean,Rio Hale,metal,uplifting|tense|chill,0.418,0.954,0.412,157.5,-4.06,0.043,0.185,0.2,0.164,287853,3,0,5,66
Xih5XSq3DKYuMKmJALnJn1,Golden Memory,Toma Frost,metal,aggressive|sad,0.41,0.712,0.126,140.0,-2.69,0.025,0.009,0.188,0.097,135748,3,0,5,47
b0s42Z4JVgYGLPV0YWajLc,Electric City,Nova Reyes,metal,happy|uplifting,0.292,0.984,0.171,156.1,-1.44,0.052,0.281,0.082,0.0,176207,9,1,5,43
mKWP6G0Cgr3cLPzeLHspWV,Neon Skyline,Sena Quinn,hip-hop,nostalgic|chill,0.611,0.587,0.15,101.8,-1.78,0.222,0.024,0.05,0.052,142531,5,1,4,29
xgYSVpbBEMWfZnoJq8oTsU,Burning Memory,Zara Stone,reggae,aggressive|playful|chill,0.703,0.588,0.547,86.6,-10.59,0.062,0.337,0.0,0.34,209148,3,1,4,38
9WdG0iIStgHOJ7Kr4ALuJ4,Wild Garden,The Ghosts,country,chill|dreamy|aggressive,0.442,0.306,0.518,111.4,-7.82,0.022,0.291,0.0,0.212,176026,7,1,5,45
YioZrjNR0OMkyq3EyPMAu0,Golden Memory,The Citys,rock,happy|uplifting,0.573,0.827,0.595,128.8,-5.92,0.103,0.192,0.091,0.292,251206,7,0,3,54
fZids9ytssziEqen7R8MF4,Fading Light,Rio Stone,electronic,tense|melancholic,0.834,0.802,0.38,127.9,-3.67,0.172,0.0,0.294,0.214,132197,6,0,4,69
fmjaPgBbEyjyvbBt2Z37WU,Midnight Echo,Toma Stone,indie,dreamy,0.617,0.48,0.521,108.6,-5.13,0.04,0.262,0.121,0.174,239767,3,0,5,36
cXRM0AqDF8fz7unwrpZqBM,Radiant Rain,Ava Lark,latin,happy|melancholic|playful,0.74,0.662,0.597,108.5,-3.37,0.094,0.331,0.021,0.154,146529,4,0,4,47
h4sXjVoVTTuYX6tsSplsaH,Burning Memory,The Echos,r&b,romantic,0.69,0.451,0.441,85.5,-9.03,0.106,0.0,0.05,0.37,240787,2,0,4,62
UoBdGc8ycJ4o0OfUTErORi,Restless Fire,Toma Blake,latin,tense|melancholic,0.901,0.85,0.345,96.6,-4.53,0.0,0.089,0.016,0.0,207652,10,1,3,44
EBg8bJ5kH0HpqBKdMay4Mw,Crystal Fire,Nadia Hale,folk,chill,0.405,0.27,0.777,109.8,-7.8,0.08,0.652,0.385,0.155,182114,5,1,4,38
Oy6dkAuh4V5youPnEmQ6in,Fading Skyline,Kai Vance,hip-hop,playful,0.658,0.7,0.408,99.5,-4.43,0.214,0.071,0.0,0.226,185865,5,0,4,40
7UKcKOukn3oymYhqvrOA68,Broken Ocean,Cole Frost,jazz,sad|uplifting,0.524,0.2,0.561,125.7,-11.94,0.089,0.762,0.259,0.239,281198,7,0,3,50
B3ihS5JlnXxHBnzpU7ICJK,Velvet Dream,Zara Cross,country,chill|tense,0.411,0.553,0.455,92.2,-11.32,0.06,0.419,0.0,0.26,287398,1,0,3,43
59GRaqcxqgjFons9xdTXSx,Burning Echo,Zara Stone,hip-hop,playful|romantic|energetic,0.739,0.393,0.702,126.2,-4.44,0.222,0.183,0.0,0.112,201010,10,0,4,25
w54S5QgYoLtD7uMtorNyCD,Sweet Garden,Iris Reyes,hip-hop,energetic|dreamy,0.832,0.768,0.674,89.0,-5.93,0.293,0.0,0.0,0.0,170110,6,1,4,32
OzLYr1FSUekBFoAvdEVn4p,Electric Fire,Reo Ryder,electronic,happy,0.866,0.787,0.55,104.2,-2.79,0.007,0.035,0.134,0.165,258390,1,0,4,40
ndyW3vzQ2poS2xm6yH3xSm,Golden Shadow,Nova Wells,reggae,melancholic|playful,0.7,0.621,0.856,73.6,-7.74,0.069,0.514,0.0,0.272,218834,1,0,3,26
90uuPtSQWN02asFyXOBoLc,Distant Light,Wren Quinn,country,sad|uplifting|chill,0.547,0.547,0.612,107.8,-6.95,0.058,0.742,0.067,0.0,213568,9,1,4,0
YIJrjXjrFIMmdyKRj94NbT,Crystal Ocean,Sena Reyes,jazz,melancholic|aggressive,0.52,0.422,0.451,112.9,-10.54,0.06,0.688,0.263,0.141,217392,9,1,4,32
luOO60SJw2R3NuG9Yc0emi,Burning Fire,Sena Ryder,reggae,happy|playful|uplifting,0.729,0.588,0.759,114.0,-7.57,0.085,0.276,0.024,0.185,279884,3,1,4,26
GPQ4PahOSdoVfDRq9PG6Fb,Fading Dream,Iris Shaw,reggae,playful|dreamy|romantic,0.718,0.288,0.553,86.6,-9.08,0.0,0.147,0.092,0.0,279888,7,0,4,30
STnw7Uffv9xZjqfwUECMkO,Crystal Star,Wren Hale,rock,nostalgic,0.568,0.683,0.528,130.1,-2.51,0.064,0.29,0.002,0.066,227335,10,1,4,28
MmlJMXwvCMhHRdvmVnEUYW,Sweet Road,Jax Marsh,blues,dreamy|chill,0.643,0.348,0.501,87.2,-9.83,0.04,0.625,0.234,0.285,193762,10,0,4,31
8GyGLzvCeRqA5GrUQFlGLz,Lonely Horizon,Mira Reyes,metal,aggressive|nostalgic|uplifting,0.748,0.922,0.483,151.3,-4.3,0.139,0.0,0.152,0.0,285228,0,1,5,66
cGvYfDz8CvSfQQ5zeb8iFO,Endless Wave,Zara Lark,r&b,energetic|uplifting,0.805,0.65,0.524,119.8,-10.15,0.082,0.002,0.081,0.294,219190,4,0,5,26
UaZ1QFKxKFbN4mkgrhJYfR,Sweet Rain,Reo Cross,rock,romantic,0.631,0.66,0.404,108.7,-5.5,0.067,0.0,0.032,0.077,175126,11,0,4,50
DiY4Q00KinAwS5CXMHLgsB,Sweet Road,Talia Quinn,jazz,aggressive|happy,0.51,0.377,0.434,137.6,-10.21,0.097,0.436,0.421,0.128,199967,5,1,4,41
bvmAiBeC8FYfRo8un9HPLM,Golden Wave,Cole Stone,hip-hop,melancholic|energetic,0.744,0.704,0.555,109.0,-6.07,0.112,0.067,0.0,0.082,233371,1,0,5,51
qNLReW2h2x1wmNbhwKN33C,Velvet Ghost,Rio Lark,jazz,uplifting,0.653,0.408,0.815,118.6,-6.74,0.012,0.332,0.069,0.118,225376,10,1,4,66
4MgUSBxcsOOZNmKRSHdYwa,Fading Rain,Zara Lark,pop,playful,0.743,0.634,0.39,117.2,-5.59,0.051,0.0,0.0,0.173,123869,6,0,3,39
sj2uwkptUSK3pTViX2rfuR,Burning City,Kai Shaw,pop,uplifting|aggressive,0.701,0.822,0.675,141.2,-4.9,0.103,0.011,0.0,0.123,256057,4,0,3,64
S0UfK909nfWTsuathfOxGT,Silent Shadow,Wren Frost,pop,dreamy|playful|sad,0.698,0.5,0.614,114.4,-6.5,0.055,0.052,0.0,0.147,197942,0,1,3,29
eSW8pVA7yA7fXI7JcdNPYR,Endless Shadow,Cole Frost,reggae,sad|playful,0.489,0.306,0.63,78.6,-2.34,0.08,0.178,0.062,0.279,271602,10,1,4,29
44Du1BkyNhslUkPLjDgayZ,Faded Garden,Iris Lark,blues,uplifting|energetic,0.595,0.486,0.346,101.4,-5.52,0.02,0.427,0.258,0.025,208031,8,1,4,75
HOfDV5WB7aJUQdEMs11zA8,Electric Memory,The Horizons,rock,tense|aggressive,0.63,0.871,0.627,120.2,-5.25,0.029,0.16,0.193,0.127,249879,10,0,5,61
ReSO6kV9VfpSodVvDQfZ7x,Electric Bloom,Rio Hale,folk,nostalgic|chill,0.414,0.385,0.587,-5.0,-3.93,0.026,0.545,0.361,0.02,250925,7,1,3,37
c53umpKZL6PaXQkAvMjBzv,Midnight Wave,Reo Hale,electronic,sad,0.399,0.711,0.546,136.4,-4.06,0.087,0.251,0.276,0.115,237495,2,1,4,53
5offe8a3mN2DsEj90ZTYWM,Distant Light,Ezra Wells,country,melancholic|playful,0.789,0.6,0.777,108.7,-8.26,0.067,0.507,0.08,0.11,152784,3,7,5,11
SJnhlmczGel8uUG5EH2hPO,Broken Heart,Wren Quinn,electronic,happy|romantic|playful,0.65,0.574,0.525,126.7,-3.14,0.141,0.0,0.406,0.133,256799,0,1,3,32
em4SIYtkJ8D04mombCC9nD,Distant Echo,Talia Shaw,rock,tense|chill,0.562,0.876,0.665,144.1,-3.72,0.06,0.252,0.078,0.276,210305,11,0,4,61
Aa5ZOh5rdpoyFBLThiowRZ,Endless Wave,The Horizons,hip-hop,uplifting,0.757,0.67,0.564,104.6,-4.88,0.228,0.0,0.0,0.281,283018,5,1,4,51
ZRKvfsmT9ez8xSGxuV6W24,Restless Storm,Talia Blake,electronic,playful|dreamy|happy,0.701,0.99,0.685,121.0,-8.99,0.091,0.015,0.238,0.153,132729,9,1,4,47
sJYCeajEVarNnQVKy0ZR6r,Electric River,Talia Stone,r&b,happy|nostalgic,0.675,0.542,0.368,91.9,-9.46,0.033,0.254,0.089,0.0,109551,0,1,3,29
cjwUA8lcj7SI0oZxziOdto,Bitter Wave,Kai Cross,country,energetic,0.377,0.747,0.746,127.9,-4.0,0.077,0.163,0.058,0.156,210844,2,0,4,37
8t0yyS4hiNz1pe2e7xzK7E,Electric Garden,Finn Marsh,rock,aggressive|melancholic|nostalgic,0.388,0.894,0.493,137.1,-4.91,0.078,0.0,0.115,0.165,235714,1,0,4,52
JOyeV1pt4CeFzOfQm2C5KJ,Sweet Light,Iris Stone,blues,playful|uplifting,0.456,0.549,0.466,90.0,-13.94,0.169,0.317,0.279,0.2,257152,8,1,3,65
6nTIGGorbQlQOxGykAnIbH,Burning Bloom,Rio Marsh,classical,happy,0.42,0.184,0.302,109.7,-22.13,0.006,0.957,0.855,0.012,222467,3,0,3,32
GKqdziCKoc1vDMZW4ytoJJ,Endless Echo,Nadia Quinn,latin,chill|romantic,0.806,0.613,0.682,114.0,-5.63,0.078,0.08,0.051,0.0,245557,4,0,4,30
Nq9HA9NmvYbtMwmBPsdpWw,Neon Storm,The Skylines,jazz,energetic,0.593,0.494,0.565,136.8,-10.35,0.03,0.459,0.347,0.23,216566,0,0,4,56
IfjdaJMwr8fox3jAi0kGKT,Bitter Dream,The Oceans,folk,tense,0.427,0.706,0.491,110.4,-8.63,0.0,0.88,0.154,0.106,125284,11,0,4,44
XfhVDPaI9F7JVjj2oGvvs1,Restless Light,Talia Shaw,pop,romantic|nostalgic|happy,1.0,0.711,0.641,109.8,-7.22,0.118,0.096,0.0,0.28,262260,0,0,3,16
hd5yhKkcGYOtWeTijjc4Tp,Sweet Garden,Finn Shaw,folk,dreamy|tense,0.347,0.542,0.263,74.6,-13.7,0.043,0.718,0.232,0.261,253667,4,1,4,51
5A80XxpsckN2lz4yF2RngB,Endless Star,Cole Vance,hip-hop,energetic|nostalgic,0.712,0.628,0.448,103.7,-11.71,0.144,0.237,0.064,0.259,264504,10,0,4,42
0vVlGqwoQfhwXHDcDMfQRq,Sweet River,Sena Quinn,latin,uplifting,0.603,0.692,0.81,99.7,-4.48,0.0,0.195,0.0,0.042,112008,11,1,3,40
SKArPxnpUDgUuLEUqY9oom,Fading Echo,Nova Blake,indie,playful|dreamy,0.668,0.527,0.431,131.0,-16.0,0.0,0.55,0.322,0.057,284164,8,0,5,69
SWj8PjaVtHCkHCtQoPN7sm,Distant Star,Mira Blake,classical,uplifting|nostalgic,0.366,0.277,0.389,80.8,-18.86,0.06,1.0,0.793,0.327,241438,10,0,3,68
nlmsPkvh5mGZBhCuPuAueD,Velvet Bloom,Jax Cade,folk,dreamy|uplifting,0.418,0.601,0.46,107.4,-9.2,0.058,0.734,0.0,0.056,201384,5,1,4,66
Ivs0VeR8isTrFHJ6sndbRY,Crystal Horizon,Sena Lark,folk,chill|sad,0.51,0.157,0.627,108.1,-11.64,0.012,0.476,0.0,0.139,252024,4,1,3,48
nqiVk3Pkxyi0r78zTUFEue,Burning Ghost,Finn Voss,jazz,chill,0.662,0.367,0.339,121.4,-10.11,0.007,0.428,0.228,0.0,292377,1,0,5,45
R4CBca96aOtdSIUYmX75Km,Hollow Ghost,Nadia Cade,rock,aggressive|happy,0.485,0.732,0.552,120.6,-9.75,0.092,0.164,0.0,0.101,274575,9,1,3,58
OKE9pshDtaqFf7w9MiKhiS,Electric Memory,Cole Knox,metal,tense,0.58,0.86,0.18,123.9,-5.74,0.064,0.0,0.051,0.236,225176,5,1,4,51
BEWYmmVrP6xLGRqcVSEgXS,Endless Road,Ezra Shaw,electronic,uplifting|tense,0.856,0.93,0.731,123.9,-0.41,0.102,0.073,0.336,0.064,205641,0,1,4,17
DyeZusaaglGXGafspthIRl,Fading Ocean,Toma Vance,pop,melancholic|happy,0.709,0.662,0.657,111.5,-4.1,0.052,0.03,0.0,0.116,195800,10,1,5,33
iJooEZbTCNZdcndklrOk43,Endless Wave,Leo Cade,jazz,energetic|dreamy|happy,0.531,0.447,0.737,121.3,-13.64,0.071,0.446,0.364,0.188,223160,11,1,3,33
wGJjUGaTS11Z9meiVq35nH,Restless Heart,The Ghosts,jazz,happy,0.622,0.472,0.611,100.4,-15.83,0.07,0.528,0.311,0.146,137355,11,1,3,55
wbT1PYBjW0Lti1VcrOZFAn,Lonely Horizon,Nova Reyes,r&b,playful|chill,0.641,0.34,0.403,99.7,-6.21,0.0,0.189,0.0,0.169,185617,10,0,4,36
Aqv1hzFJHxVbxZRhHa4ZN4,Endless Heart,The Dreams,jazz,playful|dreamy,0.482,0.587,0.424,123.2,-14.21,0.062,0.399,0.276,0.127,218409,2,1,4,22
kms7l9okjSncL8OD6OdSfT,Neon Ghost,Mira Blake,latin,energetic|sad,0.736,0.747,0.348,103.4,-8.23,0.113,0.354,0.047,0.109,256110,11,0,4,55
rmXKEOk4qilCKm6sUBkQNc,Restless Road,Mira Quinn,electronic,aggressive|playful|romantic,0.445,0.865,0.544,119.3,-4.94,0.027,0.317,0.337,0.0,172129,7,0,3,36
WsB3xBvKStIOp93yVELi63,Golden Star,Ezra Frost,reggae,happy,0.744,0.457,0.687,86.4,-9.48,0.005,0.198,0.0,0.176,229760,4,0,4,68
qP2BwRkkXMCHlJbD9uow12,Radiant Fire,Reo Reyes,pop,uplifting|happy|energetic,0.593,0.667,0.619,115.6,-6.63,0.071,0.099,0.0,0.282,236656,6,0,4,45
g3FEuRSnsnoEs4E6XNQPUL,Wild Road,Rio Vance,reggae,sad|melancholic,0.707,0.354,0.967,74.3,-8.27,0.063,0.008,0.136,0.201,193090,7,0,5,80
xtwYwub7t817gXuJWFPMY6,Midnight Fire,Kai Cade,rock,tense,0.44,0.661,0.655,133.0,-6.61,0.136,0.0,0.0,0.109,168214,2,0,4,24
v42Mdt8zI4Us0cY8G9S6Ks,Midnight Bloom,Sena Ryder,r&b,nostalgic,0.593,0.618,0.115,93.2,-5.59,0.095,0.294,0.016,0.137,194758,8,0,3,36
ChrElCcpX5NmLxr8OLUJP9,Lonely Road,Finn Marsh,r&b,uplifting|melancholic,0.509,0.363,0.285,106.5,-6.27,0.097,0.127,0.0,0.194,195569,10,1,3,18
9hTZVItxGVUzkmKemNyFCt,Lonely Fire,Leo Ryder,classical,nostalgic|sad|dreamy,0.215,0.325,0.483,96.9,-19.62,0.117,0.882,0.664,0.041,191901,9,0,4,29
yLt4yswKsqxdatbgCC0S8A,Endless Ocean,The Hearts,rock,energetic,0.591,0.756,0.697,129.2,-10.77,0.0,0.365,0.0,0.136,210782,3,0,4,41
UIy0EjsbQnbvSQPqBx4JQF,Bitter Storm,Iris Wells,metal,nostalgic|melancholic,0.317,0.825,0.279,144.8,-3.66,0.014,0.0,0.059,0.106,197213,4,0,3,68
hAMNnD8AVNCaGBokKwzVFv,Sweet Fire,Leo Knox,blues,chill|energetic,0.422,0.292,0.51,102.8,-7.93,0.071,0.383,0.183,0.221,257610,10,0,5,75
GA3DXHj4HGvnEOJ4pHOWgX,Fading Wave,Nadia Quinn,latin,uplifting|playful,0.806,0.938,0.41,109.6,-8.82,0.038,0.376,0.0,0.106,316385,3,0,4,11
NRllK181qoikS3DWg59eu5,Silent Echo,Cole Knox,pop,chill,0.586,0.484,0.703,124.2,-6.2,0.042,0.203,0.0,0.15,294153,2,1,4,23
q8hUJRASLdwzZpGbsbbtxx,Neon Ocean,Finn Lark,reggae,romantic|happy,1.0,0.665,0.774,86.7,-9.92,0.12,0.268,0.08,0.159,159706,1,1,3,45
ExudPmC7YzQZ53tV9FGL8h,Lonely Memory,Ava Knox,r&b,romantic|playful,0.553,0.425,0.144,113.7,-7.84,0.059,0.106,0.021,0.024,237644,3,0,5,36
4g4BeQMJSB4qPdx2pFACcS,Wild Dream,Ava Cade,country,nostalgic,0.661,0.495,0.567,97.1,-5.2,0.0,0.571,0.0,0.097,169479,6,1,4,44
G6VIufrv0FSK4uzcwAXcEp,Endless Storm,Nova Blake,blues,dreamy|nostalgic,0.476,0.277,0.143,97.4,-12.21,0.081,0.934,0.115,0.13,277096,11,0,3,29
EWTg66sPqSl4hs1bkcMkeS,Golden Shadow,Zara Voss,pop,playful|aggressive,0.408,0.776,0.378,118.6,-4.15,0.04,0.254,0.101,0.179,161418,1,1,4,30
eTQk87YuUlgVf9VhZV68S8,Burning Wave,Sena Cade,folk,chill|happy|dreamy,0.688,0.055,0.433,86.1,-12.46,0.0,0.898,0.011,0.129,350665,7,0,5,33
umNc83cNa80xJWr7HXfpAR,Faded Ocean,Wren Wells,folk,playful|aggressive,0.196,0.374,0.475,84.6,-10.32,0.1,0.87,0.087,0.329,203678,11,1,3,69
WtUzq9zbS2zl6uTQecrI78,Neon City,The Storms,electronic,aggressive,0.779,0.954,0.415,133.3,-3.7,0.156,0.021,0.309,0.02,232408,7,1,3,42
ykzKEMv2wnSyXbArKzPi5h,Faded Garden,Zara Cade,country,dreamy,0.361,0.446,0.69,119.9,-7.26,0.046,0.513,0.0,0.113,218785,11,1,4,52
ey9Jtd4zRe2xERm0BpwAf0,Radiant Heart,Toma Hale,rock,happy|aggressive|chill,0.459,0.577,0.505,101.4,-5.58,0.12,0.161,0.0,0.088,215093,7,0,5,73
hPUjBqdqcCLJkQ17bOBm9p,Electric Road,Finn Knox,rock,romantic|playful,0.35,0.614,0.663,127.7,-4.93,0.126,0.204,0.034,0.022,187745,10,0,4,27
UhTOv2mWV2tGCg8mt80OcS,Sweet Echo,Cole Shaw,pop,sad,0.679,0.605,1.0,114.5,-10.67,0.049,0.359,0.185,0.18,140805,7,0,5,47
rMgsk3loOrD8f48L9S3dvD,Wild River,Sena Quinn,jazz,dreamy,0.632,0.318,0.447,119.0,-12.52,0.0,0.708,0.456,0.153,233897,0,1,4,29
VgsJHDea9ALvT1ylu15Xet,Burning Ocean,Jax Cade,jazz,chill|romantic,0.524,0.374,0.441,114.3,-8.42,0.105,0.51,0.35,0.0,164713,5,0,4,7
3Rccw6QGFWQtVLOMPt3w6p,Electric River,The Shadows,rock,energetic,0.387,0.713,0.535,138.4,-4.62,0.063,0.098,0.0,0.226,239329,1,1,4,99
ICI1eeg1nl0C1J15QwOJRl,Broken Heart,Jax Wells,country,nostalgic,0.454,0.549,0.656,131.1,-8.68,0.005,0.188,0.218,0.0,210168,7,0,3,61
7N35PIYY7F06itLu0GdBMW,Distant Echo,The Hearts,hip-hop,energetic|dreamy,0.656,0.577,0.581,105.7,-4.37,0.213,0.0,0.009,0.099,228410,10,0,4,15
T8a2rqtXvOnFzdYQ8d5AED,Lonely Echo,The Ghosts,jazz,playful|romantic,0.615,0.505,0.593,99.9,-11.36,0.06,0.684,0.386,0.065,284924,1,1,4,16
DbcZ2cYDeg43BVK3fC57rg,Sweet Storm,Finn Reyes,blues,melancholic|dreamy,0.798,0.477,0.475,93.2,-8.7,0.111,0.639,0.226,0.302,209895,11,0,4,66
1EWegczvGmHw4iC9DQjIl6,Bitter Wave,Wren Frost,rock,happy|sad,0.453,1.0,0.658,134.2,-9.07,0.13,0.0,0.118,0.212,282190,10,0,3,40
2GsSTBMaMmPXyQpy7zldxC,Midnight Fire,Toma Shaw,indie,tense|sad,0.509,0.599,0.601,109.7,-11.19,0.048,0.078,0.0,0.0,224226,7,1,4,64
yvDkcbCTfO0YYkWcG7eopR,Neon Rain,The Shadows,r&b,chill|romantic,0.685,0.47,0.707,104.8,-11.83,0.027,0.433,0.0,0.195,295022,0,0,4,27
EsKACf3KTSqW7F1fjx2ZcS,Faded Memory,Kai Cross,rock,sad,0.492,0.785,0.44,129.1,-7.61,0.0,0.01,0.238,0.13,234599,7,1,4,20
45nK3AFC7xR0ZFl6MI6w4q,Midnight Storm,Ezra Reyes,country,romantic,0.54,0.471,0.726,123.0,-6.02,0.097,0.234,0.0,0.196,219642,10,0,4,36
PyICg5wX8Afjla34BBTCe6,Crystal Ocean,Nadia Lark,rock,energetic,0.31,0.755,0.615,124.1,-7.59,0.087,0.011,0.0,0.0,245674,1,0,4,37
KaE0BEfStS5TBkmughP6XT,Bitter Skyline,Jax Quinn,folk,tense|melancholic,0.58,0.346,0.41,115.6,-11.54,0.106,0.853,0.028,0.179,270918,7,1,5,46
BEG8JjpXwxeowmlDwLiowf,Radiant Wave,Rio Cross,latin,nostalgic|playful|melancholic,0.965,0.667,0.763,109.1,-6.66,0.037,0.215,0.0,0.167,241019,5,0,4,51
ApA792DKqnmKuPKvUyrjjo,Broken Rain,Kai Reyes,classical,sad|tense|chill,0.393,0.289,0.304,85.5,-17.25,0.091,1.0,0.849,0.079,241707,10,1,3,29
M3UfDuE2GqScfnUy8BijdY,Hollow Echo,Ava Cade,pop,happy|nostalgic|aggressive,0.591,0.768,0.406,101.5,-5.54,0.085,0.132,0.0,0.11,184493,9,1,4,11
740OJQ9RfBMuE68OJCjnbD,Fading Rain,Zara Hale,jazz,dreamy,0.664,0.297,0.656,116.7,-10.83,0.211,0.498,0.355,0.13,162934,8,0,4,48
hyM21EZEvi4WPYxOCsz261,Wild Dream,Iris Ryder,classical,uplifting,0.213,0.499,0.667,105.5,-15.13,0.129,0.924,0.822,0.203,283208,2,0,5,65
gyqtw9zRNb1j35dcYvnph8,Hollow Rain,The Hearts,country,tense|nostalgic|aggressive,0.594,0.67,1.8,100.5,-10.2,0.132,0.667,0.0,0.095,249491,0,0,5,21
LCGwERb1GqEd5CKCCT2dbs,Silent Ocean,Iris Cade,reggae,uplifting|playful,0.754,0.458,0.602,84.0,-10.97,0.047,0.108,0.088,0.039,164109,3,0,4,32
HrhJzT5tljm7xLBbw8nS13,Faded Light,Jax Stone,classical,playful|chill|melancholic,0.325,0.47,0.406,102.0,-17.74,0.092,0.837,0.704,0.0,89078,8,0,4,86
QsbGl2JTA8zpRf9J2L7kLa,Electric Road,Ezra Vance,metal,tense,0.45,0.845,0.623,141.2,-0.12,0.043,0.138,0.181,0.317,235344,3,1,3,40
F2pYgQmvIcMN8s9TSvXS4y,Restless Skyline,Nadia Reyes,pop,dreamy,0.753,0.69,0.582,115.5,-0.9,0.085,0.018,0.054,0.305,197550,10,1,4,59
sUSagMdH1t4J6wnN5penPJ,Faded Road,Iris Reyes,pop,uplifting|dreamy|energetic,0.536,0.627,0.711,116.6,-4.68,0.054,0.098,0.0,0.297,244787,11,0,3,91
P2XkZzs3IgpQhj1jqnaW9O,Wild Wave,Nadia Lark,classical,playful|chill,0.27,0.308,0.664,115.3,-24.65,0.034,1.0,0.855,0.133,225088,2,0,4,36
L7jIsXG3HTh2wMd1BUeLiL,Silent Skyline,The Fires,indie,aggressive|melancholic,0.59,0.617,0.549,136.0,-6.86,0.046,0.448,0.0,0.153,217468,6,1,5,33
GtwlqpsRRuYjt9o1zGafF5,Golden Star,Iris Knox,indie,happy,0.352,0.599,0.488,143.8,-7.78,0.07,0.517,0.126,0.0,142206,7,0,4,37
aFzPVIjmgO4sXxCBh8hdjl,Distant Dream,Nadia Ryder,jazz,nostalgic|sad,0.531,0.343,0.376,109.3,-13.34,0.034,0.503,0.366,0.214,255699,5,1,4,44
ePu02C2chyPpM4so0zz6ug,Broken Shadow,Reo Stone,blues,energetic|uplifting|melancholic,0.448,0.377,0.229,96.8,-12.32,0.0,0.369,0.0,0.208,258950,5,1,4,67
xCUgXFxkzf2r3k9lcCMG2l,Restless Memory,The Shadows,pop,dreamy|melancholic,0.68,0.605,0.641,126.9,-5.68,0.047,0.268,0.125,0.028,178356,6,1,4,40
fkfWcX19ZohuunJmhyhwpX,Faded Heart,Kai Quinn,classical,sad|playful,0.366,0.453,0.681,96.2,-18.7,0.128,0.908,1.0,0.129,223084,0,1,3,30
Y4hF1doxsGaEe8LNLphNzZ,Wild Heart,Ava Reyes,indie,dreamy|happy,0.497,0.428,0.52,102.9,-10.96,0.065,0.317,0.359,0.156,165747,2,0,4,30
MgCLJ4mc5minW0ghdNnG1E,Sweet Star,Jax Frost,jazz,nostalgic|dreamy|chill,0.509,0.225,0.577,121.4,-9.96,0.073,0.69,0.352,0.164,235794,10,1,3,33
L0WHIzsFVeOsPMqMCrWz4K,Neon Memory,Nadia Vance,metal,romantic,0.591,0.742,0.365,146.7,-5.33,0.007,0.0,0.0,0.205,249782,10,1,4,23
GWyJnufYj0aPq3VYRkxApt,Fading Echo,Jax Blake,blues,nostalgic|uplifting,0.418,0.538,0.504,95.9,-5.92,0.066,0.264,0.0,0.302,215598,2,0,3,39
b3SEzlvKN6XAl5grMly7f3,Fading Skyline,Ezra Wells,r&b,chill|playful,0.385,0.363,0.35,119.2,-8.42,0.109,0.308,0.0,0.168,175628,2,1,3,23
9UmF5pX9i32J9k2dQ54huw,Golden Light,Jax Vance,folk,dreamy,0.333,0.32,0.564,104.0,-10.67,0.029,0.672,0.261,0.167,191189,10,1,4,13
vkkEkdtpHQe9sfjer7xvAA,Fading Fire,Cole Knox,reggae,happy|playful,0.865,0.473,0.705,101.8,-8.62,0.057,0.329,0.13,0.286,276568,6,0,4,38
JqLCnIyAzeAXbe2cDNtRUw,Midnight Bloom,Cole Ryder,blues,aggressive,0.235,0.669,0.284,92.5,-7.71,0.097,0.489,0.04,0.17,249543,9,0,4,69
XjTySzQX4FRzuroHGum2Gc,Crystal Echo,Talia Hale,r&b,aggressive|uplifting,0.839,0.415,0.357,73.4,-9.58,0.103,0.216,0.0,0.077,263168,7,1,3,64
4FCAw6Ii6IdPDVjFpxIBCt,Silent City,Wren Wells,reggae,chill,0.572,0.504,0.573,89.7,-7.5,0.0,0.247,0.162,0.182,214816,0,0,5,24
U4B1oYDOL7ovSIWLs5qRfq,Lonely Storm,Zara Ryder,blues,tense|sad,0.336,0.454,0.388,75.8,-8.23,0.078,0.542,0.0,0.214,205569,2,1,4,41
zC1XHpD03coNmYMyTJFUA7,Endless River,Sena Shaw,metal,melancholic|nostalgic,0.543,1.0,0.116,109.6,-4.55,0.047,0.0,0.0,0.355,160448,4,1,3,16
c8lNHcDJ4fk9V3Qfzb92tY,Faded Heart,The Stars,pop,playful|romantic,0.803,0.66,0.649,116.3,-7.85,0.057,0.278,0.0,0.116,274980,0,1,5,20
Lw3TMj1FVYqyJgBjajBHG4,Velvet Storm,Cole Knox,classical,tense,0.382,0.278,0.244,111.5,-17.32,0.101,0.695,0.702,0.13,258057,10,0,4,41
W97ZsWM8mYDyP5m7eUmedI,Distant Ocean,Ezra Reyes,jazz,aggressive|chill|uplifting,0.553,0.562,0.577,104.2,-10.97,0.06,0.676,0.298,0.195,221929,7,0,4,70
c9qEZrmALP5s2Sy8JdxsWP,Burning Memory,Talia Reyes,jazz,energetic|chill,0.623,0.457,0.494,116.4,-13.54,0.049,0.61,0.387,0.12,218052,2,1,3,63
2NBHwej1zXFoLbUH2OBL2P,Wild Memory,Sena Knox,folk,happy|energetic,0.515,0.262,0.481,109.1,-5.95,0.042,0.661,0.109,0.103,236880,10,1,4,21
AGI7V02pnufzzcFEmHBz56,Endless Echo,Zara Wells,indie,aggressive|melancholic|playful,0.446,0.746,0.568,98.0,-2.46,0.106,0.067,0.051,0.175,270628,3,0,4,56
ERz3Fjokn2k2K2O4aDvRUB,Bitter River,Toma Reyes,r&b,chill|melancholic,0.57,0.683,0.378,107.6,-4.1,0.087,0.281,0.171,0.0,205802,7,0,4,22
28wc7atNzIF34PVdHKoBSg,Burning Shadow,Iris Cross,jazz,dreamy,0.589,0.306,0.5,106.7,-12.34,0.075,0.404,0.299,0.272,240317,8,0,3,35
hzBaElI6KQI3PyuG0odLG4,Lonely Light,Ezra Reyes,country,aggressive|nostalgic|dreamy,0.512,0.658,0.688,115.1,-3.57,0.106,0.199,0.184,0.187,214484,1,1,4,49
PUd6KYbOu3nK1bscd5rUsq,Electric Star,The Storms,country,playful|energetic|happy,0.459,0.653,0.627,121.3,-6.07,0.049,0.732,0.0,0.137,238902,4,0,4,44
MjbzmIbEZzLAN7FjMc4dyr,Lonely Star,Ezra Marsh,latin,energetic|tense,0.64,0.727,0.866,92.9,-3.6,0.032,0.169,0.0,0.01,227168,11,0,4,33
Op4vq0H0PZyz2KgsYiuY6v,Fading Shadow,Wren Frost,electronic,tense,0.615,0.717,0.478,84.5,-3.23,0.013,0.0,0.394,0.13,214303,2,1,4,23
JoqgwGSvJnLmyzdv8xQOmC,Bitter Skyline,Leo Lark,reggae,happy|aggressive,0.698,0.754,0.559,99.1,-10.57,0.016,0.359,0.037,0.152,244720,2,1,3,32
0qj9WN2v6lsNAZDkyLyfMO,Electric Skyline,Toma Vance,rock,happy|tense,0.382,0.86,0.577,128.6,-3.26,0.075,0.0,0.0,0.317,105405,9,1,5,88
heNdUn2PwZ22KmCZ0TxzpG,Sweet Ocean,Toma Frost,indie,dreamy|nostalgic,0.396,0.55,0.63,117.0,-12.88,0.049,0.297,0.203,0.085,264166,6,0,4,38
zJe57pZfrptiaqkZtNW52o,Radiant Storm,Finn Ryder,metal,melancholic|sad,0.367,0.818,0.27,144.6,-3.19,0.0,0.135,0.009,0.0,226913,10,1,5,67
ySBjul1HlO48wgOytVyU25,Crystal Memory,Nova Hale,pop,dreamy|happy,0.978,0.472,0.82,116.1,-8.91,0.104,0.083,0.0,0.107,189448,1,1,4,40
l4fAEmI3at4CAC1VEZIPpM,Golden Dream,Zara Stone,jazz,sad|dreamy,0.191,0.51,0.135,118.9,-12.64,0.0,0.68,0.23,0.056,248592,5,0,4,79
inOOwPoVdooAELJpkGRK8g,Burning Light,Mira Cade,metal,sad,0.389,0.936,0.367,148.1,-0.42,0.028,0.0,0.0,0.269,214855,8,1,4,37
LpxIoxqedTmkUBDJJ1D26M,Hollow Light,The Memorys,indie,sad,0.379,0.515,0.285,100.0,-7.25,0.036,0.242,0.075,0.016,312996,10,1,4,35
Uqq86S3HLdyuLoD6No1aen,Electric Heart,Iris Blake,jazz,dreamy|uplifting,0.658,0.379,0.671,91.7,-12.56,0.0,0.641,0.227,0.105,175447,6,1,3,54
1WfHFvsRYbOBWuFaTj2jsv,Sweet Ocean,Reo Blake,electronic,happy|aggressive,0.673,0.76,0.26,112.8,-8.9,0.029,0.01,0.502,0.112,262930,4,1,4,12
USewdR1npE1PFEQR1Yq4UY,Restless Rain,Finn Knox,metal,tense|melancholic,0.377,0.901,0.192,151.1,-3.94,0.0,0.137,0.0,0.306,246840,1,0,4,85
93YJdtTsir14hyA23Y7cW7,Restless Skyline,Zara Frost,indie,energetic|chill,0.587,0.555,0.507,120.3,-7.23,0.0,0.313,0.031,0.19,172469,10,1,3,31
m4nmzj8r8XGKdYab0g8MbK,Velvet Star,Finn Reyes,r&b,melancholic|playful,0.455,0.415,0.601,77.9,-8.13,0.0,0.235,0.0,0.216,241751,8,1,4,44
w9SU7wdgq7vndRZFQWPOnW,Golden Horizon,Ava Cross,hip-hop,romantic|melancholic|uplifting,0.936,0.644,0.641,85.0,-3.45,0.168,0.157,0.0,0.106,187609,0,0,4,41
MM8LvETwp1Hc7PlML38LgU,Neon Horizon,The Hearts,country,happy|sad,0.44,0.496,0.727,109.4,-11.5,0.035,0.369,0.0,0.19,219999,10,0,4,43
DJ8XBgYTpRdHuGTVVxbRdh,Endless Light,Jax Cross,country,romantic,0.548,0.564,0.577,119.2,-6.58,0.007,0.202,0.0,0.105,191308,0,0,4,62
mcUH4KBtBKyl2s2mWrhpqN,Faded Bloom,Wren Frost,latin,uplifting|playful,0.759,0.451,0.782,101.7,-10.08,0.013,0.486,0.0,0.145,265728,9,1,4,76
mB5pZO1DuMKuoirWVyyJLY,Burning Garden,Nova Hale,classical,sad|energetic|dreamy,0.403,0.135,0.385,105.9,-15.34,0.117,0.841,0.674,0.151,225036,8,1,5,34
TXmbsmffRSoc4fjXeY4wx7,Golden Heart,The Waves,metal,sad|tense,0.305,0.873,0.218,131.1,-0.68,0.094,0.364,0.199,0.063,208493,1,0,5,55
RXczHWuIa4QOy0SM3JW9rp,Fading Wave,Cole Knox,blues,melancholic|energetic,0.439,0.326,0.46,98.4,-7.58,0.056,0.497,0.0,0.123,287054,8,0,4,38
PLZtIZmuxmIfazB5zflJYg,Burning Fire,The Skylines,blues,uplifting,0.65,0.463,0.679,106.4,-10.23,0.0,0.444,0.158,0.011,140559,0,0,4,51
1o14KM8J0MQIM2bxPkgvix,Restless Rain,The Skylines,folk,playful|dreamy,0.48,0.275,0.706,99.0,-9.47,0.0,0.591,0.0,0.0,180801,2,1,5,62
mvRAlnlyhcalE2cmhS4tWt,Neon Ocean,Leo Cross,metal,dreamy,0.466,0.969,0.399,127.8,-6.7,0.007,0.003,0.227,0.125,131999,8,0,4,56
Ml6XIHniiPL9HpWFsAelkb,Endless Heart,Nova Knox,rock,aggressive,0.656,0.845,0.562,140.6,-10.19,0.093,0.101,0.0,0.081,171426,10,1,3,46
Xm3Z2v9q6DjWVrbeHMexNT,Radiant River,The Stars,indie,aggressive|dreamy,0.487,0.475,0.52,106.8,-6.86,0.1,0.394,0.26,0.088,202921,11,1,4,25
MHSHN5L4AGqiZ4FvV6JYsR,Burning Ghost,Sena Stone,folk,uplifting|tense,0.309,0.319,0.617,100.3,-7.96,0.169,0.685,0.205,0.149,185565,10,0,3,24
tYmZtjLAAtngjhGOIuhHjf,Burning Fire,Kai Vance,hip-hop,melancholic,0.781,0.783,0.493,102.6,-10.33,0.257,0.0,0.053,0.155,195013,9,0,4,43
xp5dqHqEALF081TmMEh28z,Fading Garden,Ava Knox,pop,sad|dreamy,0.847,0.623,0.512,105.6,-5.72,0.059,0.0,0.057,0.246,212509,8,0,3,45
KBDp6n9fczba0LY0zjfxLP,Wild Star,The Citys,electronic,tense|dreamy|nostalgic,0.724,0.803,0.472,113.6,-7.56,0.143,0.0,0.317,0.218,219857,9,0,4,56
hkNdBv8SIlIlhg7ow9NhOz,Electric Echo,Cole Knox,rock,playful,0.405,0.664,0.409,120.4,-7.94,0.015,0.235,0.075,0.11,225149,0,1,5,27
R2pmZPBguKc8DlBB5PPTQV,Restless Dream,Wren Cade,latin,aggressive|romantic,0.685,0.435,0.508,105.4,-6.98,0.006,0.169,0.0,0.134,216873,6,0,5,47
RUgcf6LXRlmUDdj5A9zKRg,Radiant River,Jax Cade,classical,energetic|dreamy,0.153,0.269,0.565,79.0,-22.12,0.142,0.987,0.845,0.267,221496,2,1,3,41
9PIPqTbczWTYXwTIyev1Gq,Lonely Road,Leo Stone,indie,dreamy,0.381,0.624,0.123,100.4,-15.32,0.081,0.291,0.0,0.216,138448,3,1,4,27
Sjgak6dPFtpTiY9fdvBNTc,Electric Storm,The Fires,latin,energetic|happy,0.734,0.688,0.744,85.3,-9.31,0.067,0.354,0.006,0.138,205557,6,1,4,56
QlZjEIoQghyKvjp7xUTMUT,Velvet Wave,Jax Cross,indie,playful,0.672,0.638,0.729,120.1,-13.58,0.145,0.265,0.212,0.131,204707,7,1,3,38
lbL581tuvDqSBm4NK3bW9s,Lonely Memory,The Lights,hip-hop,happy|romantic,0.775,0.615,0.589,98.2,-4.47,0.245,0.116,0.187,0.0,251712,11,1,4,31
moKDQqZvckh5sxpgfxKEtN,Restless Star,Finn Stone,classical,uplifting|chill,0.192,0.317,0.591,95.7,-17.28,0.093,0.902,0.998,0.33,261120,11,1,3,30
OEcMvlBnyXPlCrliuJunKA,Lonely Road,The Waves,latin,dreamy|uplifting,0.72,0.758,0.595,127.4,0.0,0.062,0.373,0.0,0.121,250134,2,0,5,83
4qmk8rEZPYBf6etoqoGopx,Midnight Light,Reo Ryder,classical,dreamy|romantic,0.279,0.139,0.704,79.4,-16.48,0.0,0.686,0.616,0.214,261688,8,0,5,37
TxnleCOaLhgFYEP5IAV2Qs,Radiant Ghost,Nadia Lark,reggae,uplifting|happy,0.635,0.434,0.456,67.9,-7.1,0.037,0.315,0.0,0.271,202250,7,0,4,67
rOn2zNPciTxZYHuXv4Wlwe,Hollow River,The Waves,jazz,nostalgic|happy,0.404,0.251,0.556,127.2,-12.83,0.144,0.2,0.403,0.181,145007,11,0,4,0
xNAUpmdd6Yo92C8qhFl0E4,Broken Fire,Reo Shaw,r&b,uplifting,0.56,0.428,0.609,82.5,-6.94,0.228,0.112,0.0,0.089,218095,1,0,4,66
fa2PnSJ5KfNh4GYWEscu03,Bitter Fire,Ava Cade,pop,romantic|dreamy,0.928,0.745,0.881,123.9,-4.48,0.004,0.284,0.054,0.139,187968,9,0,4,93
vhHXaTX0rL64R0BnEEcQkF,Golden Horizon,Leo Vance,folk,uplifting,0.524,0.482,0.652,97.0,-10.28,0.09,0.535,0.11,0.154,224100,11,0,5,53
5jIwamIIUx3YoBE5Y7eDyu,Velvet Fire,Zara Voss,latin,sad|happy,0.793,0.684,0.731,103.0,-7.01,0.037,0.056,0.0,0.188,186048,8,0,4,54
1kDqFcQusdQMZHuOUzDcyV,Neon Dream,Talia Cade,blues,playful,0.437,0.493,0.614,73.4,-9.99,0.008,0.48,0.211,0.078,212429,3,0,3,72
2Bck7UwyDsSJy1w1vNY4GS,Velvet Dream,Talia Blake,r&b,happy,0.779,0.246,0.199,81.8,-8.3,0.045,0.325,0.0,0.264,128141,5,0,4,63
dQqHkDSifvwcWmLOBSGTbh,Broken Light,Nova Shaw,indie,happy|aggressive,0.467,0.672,0.445,109.8,-4.69,0.015,0.063,0.099,0.222,145177,9,1,4,38
s1x9gmOe8M7IZLrQOQHWtW,Restless Heart,Nova Knox,blues,tense|uplifting,0.53,0.447,0.487,99.1,-12.56,0.0,0.58,0.265,0.357,274186,2,1,5,52
cPukbBIh2a7YTAL0AgmJ0C,Lonely Rain,Reo Reyes,rock,tense,0.381,0.95,0.651,123.2,-4.8,0.009,0.094,0.0,0.087,255606,5,1,4,61
K9TnCiKMIhJFzpk3j56Pg2,Golden City,Nova Ryder,pop,happy|melancholic,0.858,0.609,0.356,114.3,-7.38,0.047,0.172,0.148,0.005,237696,8,0,4,48
CYEfqXkwt5XyR222podFiE,Velvet Dream,The Roads,electronic,melancholic|playful|aggressive,0.814,0.7,0.546,112.1,-4.03,0.0,0.0,0.292,0.111,188531,8,1,4,46
omVKkUanoUabMIMYXINnLz,Electric Road,Ezra Voss,rock,sad|melancholic,0.621,0.729,0.193,124.4,-5.05,0.196,0.26,0.0,0.076,182701,11,0,4,57
DhVXfAsHHPWFJRMI1ooPFo,Neon Horizon,Cole Hale,blues,chill|nostalgic,0.323,0.286,0.094,78.4,-7.74,0.114,0.481,0.23,0.142,190408,1,0,4,65
AI3HfOeoZsAKHrfNW1JZ6v,Distant Echo,Rio Blake,country,aggressive|uplifting,0.675,0.479,0.803,97.5,-6.37,0.08,0.332,0.093,0.07,254857,7,1,3,39
E6foWqtpKhvQXMnP1AFwow,Radiant Fire,Ezra Lark,pop,aggressive|dreamy,0.789,0.519,0.549,139.8,-1.85,0.07,0.183,0.009,0.031,185470,3,1,5,47
huvPHpWdhQM2gSY0AsZWBo,Electric Skyline,The Shadows,latin,uplifting|energetic,0.997,0.738,0.405,110.3,-0.3,0.032,0.137,0.0,0.05,186138,2,0,4,30
9ReH5M8XYcdQbLepXixmeZ,Electric Shadow,Kai Ryder,indie,nostalgic|sad|tense,0.864,0.535,0.38,118.7,-7.35,0.044,0.0,0.215,0.13,233287,10,1,5,57
oqzvGuxxVbW1l0soUBctgg,Golden Memory,Talia Cross,indie,tense|happy,0.556,0.638,0.509,118.2,-11.4,0.149,0.158,0.0,0.238,160167,5,0,3,76
cLXjxXKrsxkIZC1LRO0grH,Bitter Dream,Sena Stone,pop,aggressive,0.634,0.873,0.858,111.1,-7.87,0.028,0.402,0.125,0.075,204160,10,0,4,38
Jwe5KlX36PgIdr2pLYLBLk,Restless River,Sena Ryder,indie,sad|melancholic,0.32,0.412,0.386,106.6,-7.58,0.045,0.389,0.138,0.056,199376,0,1,5,45
mWtXUAjolY4RVfzH8Yks6X,Electric Wave,Rio Hale,hip-hop,melancholic|tense,0.755,0.68,0.479,110.2,-1.03,0.206,0.0,0.081,0.134,256993,6,1,4,21
I34hy9jna7MkCcFG5O1RPy,Sweet Bloom,The Horizons,jazz,happy|tense|energetic,0.28,0.684,0.624,115.6,-9.54,0.075,0.784,0.254,0.088,228402,6,1,3,61
kAXGRnpYf3CZSsocfFeZ30,Faded Bloom,Nova Cross,hip-hop,chill|tense|melancholic,0.61,0.575,0.786,113.3,-4.86,0.112,0.188,0.0,0.079,216933,2,0,4,38
v7wLnhNsi67AdOjgJgUlLL,Distant Storm,Cole Vance,blues,dreamy,0.404,0.376,0.67,87.1,-10.33,0.145,0.304,0.095,0.028,203512,7,0,3,71
dh9zXVJ8GSN2E5jRXCtIwy,Broken Memory,Jax Wells,country,uplifting|sad,0.529,0.556,0.642,122.3,-6.93,0.024,0.258,0.0,0.218,173153,2,1,4,0
TaQSgi2zQajunkYrJsbwLW,Faded River,Ava Marsh,jazz,nostalgic|happy|chill,0.418,0.284,0.514,124.1,-11.77,0.063,0.681,0.414,0.109,232768,8,1,5,42
fTXZVAHBy7O7YNHUMbKt3M,Distant Dream,Kai Stone,reggae,aggressive,0.729,0.488,0.704,111.4,-8.87,0.015,0.416,0.0,0.048,210607,1,0,4,37
a0rFcoYhTKsS6gytUUrq8m,Lonely Road,Ezra Quinn,indie,romantic|tense,0.527,0.407,0.346,120.9,-6.33,0.0,0.726,0.072,0.226,221197,10,0,3,26
OsZI0v35pXgG5itSAYS0Ed,Electric Storm,Leo Voss,latin,uplifting|sad,0.854,0.447,0.829,117.7,-4.58,0.114,0.187,0.0,0.101,185157,9,0,3,60
KX8e1Slcgo3vGnskj4KGj6,Burning Bloom,Wren Quinn,rock,chill|playful,0.506,0.599,0.495,130.7,-5.52,0.017,0.169,0.0,0.175,147149,5,1,4,47
hCLVsVBjpZHpRAOnAK2ava,Restless Memory,The Fires,r&b,sad,0.685,0.542,0.112,99.6,-9.91,0.035,0.356,0.0,0.0,168957,5,1,3,79
6GaH4aCnZzPQ4ugf85nmkD,Wild Fire,Cole Cross,jazz,playful,0.365,0.287,0.607,109.1,-6.15,0.085,0.472,0.257,0.014,223081,6,0,4,55
Craa6Og6ijBooYQ4dbWeMX,Neon Wave,Toma Cross,reggae,uplifting|dreamy,0.81,0.811,0.799,96.2,-11.14,0.032,0.346,0.289,0.187,213727,3,1,4,78
lAenkjgBYHlIa9RJfylgEp,Midnight Horizon,Nova Voss,blues,playful|nostalgic,0.407,0.473,0.431,87.8,-7.0,0.105,0.479,0.171,0.208,203799,9,1,4,26
5DWyUNwcb4JDkTpn61SK5x,Electric Garden,Toma Vance,country,chill,0.625,0.628,0.48,116.4,-6.49,0.074,0.32,0.0,0.281,256247,6,0,4,45
HjBjrrQXHzmMO8GTTCETgu,Burning Road,The Hearts,blues,uplifting,0.481,0.556,0.842,101.4,-11.8,0.0,0.521,0.083,0.149,242612,4,0,4,59
fCfQmK1D64RNSyFiWDCa7r,Broken Skyline,Nadia Marsh,latin,nostalgic|melancholic,0.788,0.614,0.493,98.9,-5.28,0.07,0.298,0.017,0.273,176366,3,1,4,27
juh6kmIYeVLzlYBUmPoBwX,Velvet City,Reo Shaw,r&b,energetic|uplifting|sad,0.651,0.51,0.394,101.1,-3.34,0.128,0.0,0.0,0.031,189529,0,0,5,52
DnJisb0CL9SmZyvlW2Z612,Bitter Bloom,Zara Frost,electronic,happy|aggressive,0.685,0.945,0.686,123.0,-5.17,0.009,0.0,0.227,0.064,226355,3,0,4,29
Yu7uZFNJEmT5jYhT2zjWJl,,Toma Cross,metal,aggressive|uplifting,0.192,1.0,0.76,140.1,-3.62,0.005,0.0,0.265,0.002,200309,4,0,5,38
MqvpZjIrU4UZ7oxCZ2GZZY,Bitter Fire,Leo Frost,reggae,happy|uplifting,0.611,0.581,0.7,107.0,-5.41,0.0,0.192,0.146,0.15,183853,6,1,3,41
ATx0DX3jBYRl22wWAkzYwI,Crystal Wave,Mira Lark,pop,uplifting|melancholic|happy,0.813,0.508,0.358,120.1,-3.22,0.137,0.148,0.071,0.189,197157,11,1,4,33
6rpiMaEAuJiq4TsVIL5GF5,Endless Fire,Toma Lark,classical,dreamy|chill,0.101,0.327,0.469,124.7,-20.99,0.059,0.856,0.71,0.163,230528,9,1,3,25
JPwMW9T7Q1Qh5cBf9wQoZr,Lonely Memory,Nadia Knox,country,dreamy,0.59,0.725,0.554,134.3,-8.07,0.052,0.382,0.0,0.3,245410,5,0,4,38
yRWxl1Y7lwyzkNxl8RnWaS,Distant Memory,Cole Reyes,reggae,sad|happy,0.685,0.403,0.915,100.7,-7.38,0.045,0.0,0.397,0.213,135452,4,0,4,65
dEfmmmMW0vMRDui3n29xWD,Faded Ghost,Sena Reyes,r&b,melancholic|tense,0.747,0.55,0.333,89.2,-6.59,0.118,0.059,0.0,0.18,234886,8,0,4,0
u9WyjnytcAV0nGA8nBa6xE,Fading Garden,Iris Wells,r&b,happy|sad,0.778,0.545,0.305,97.0,-4.62,0.006,0.006,0.102,0.173,235060,1,0,5,40
J5BvxITeY0i5GrI6QuTvc5,Crystal Light,Rio Vance,classical,romantic|melancholic,0.312,0.287,0.493,80.3,-16.85,0.075,0.813,0.68,0.248,164276,3,0,4,52
n4d6XG8RxGiVZwKjNHjYHh,Neon Shadow,Finn Blake,rock,nostalgic|energetic,0.717,0.914,0.345,135.7,-1.82,0.043,0.182,0.108,0.152,149419,7,0,4,22
TDUFxc8rfgNauaFHnhkzMk,Silent Echo,Finn Wells,latin,dreamy|uplifting|aggressive,0.738,0.747,0.8,126.6,-6.22,0.031,0.445,0.191,0.0,181182,8,0,4,39
pGKk5se5VkOxZWAmDqE7z1,Silent Light,Zara Stone,latin,tense,0.975,0.873,0.54,99.7,-9.39,0.057,0.22,0.0,0.202,212800,3,0,3,54
a1bH3WEGa24nlsaR8X2LE5,Electric Light,Rio Ryder,r&b,aggressive|melancholic|happy,0.617,0.518,0.409,91.1,-8.93,0.105,0.43,0.0,0.19,194893,5,0,4,45
MCcI8YNUYvjU1cO5RN9TG0,Electric River,Ezra Cross,hip-hop,nostalgic,0.676,0.59,0.34,101.1,-7.29,0.194,0.173,0.0,0.162,207223,2,0,4,6
kHSSmQfaSngKnMVJOPea2R,Lonely Road,Ezra Blake,rock,energetic|chill,0.481,0.764,0.288,130.0,-7.16,0.006,0.039,0.066,0.03,200572,8,0,5,47
o4fym5bOMIsVdGBncV5SRM,Lonely Ghost,Wren Lark,folk,uplifting|chill|tense,0.445,0.35,0.551,121.0,-12.33,0.017,1.0,0.413,0.007,218657,9,0,4,76
PncmvM9K5qRa73RgjoBgZB,Burning Heart,Rio Shaw,r&b,dreamy,0.621,0.394,0.447,90.9,-10.78,0.094,0.137,0.048,0.0,229964,9,0,4,56
V3a0hqR2S1PSrh1AK2SKoc,Endless Garden,Jax Hale,classical,happy|romantic,0.234,0.125,0.731,115.9,-17.38,0.029,1.0,0.702,0.205,231032,1,1,4,26
9jDEPcPf811uxNc3dRumWF,Hollow River,Toma Blake,folk,romantic|uplifting|nostalgic,0.465,0.464,0.238,119.2,-6.45,0.093,0.765,0.0,0.051,164539,3,1,4,13
WydKuOnNnrMlnazEMsA9Cn,Velvet Dream,Nova Stone,blues,playful|happy,0.582,0.586,0.613,95.3,-12.37,0.024,0.401,0.269,0.105,217043,7,0,5,36
rNiPT1UWxQqxVlSwiqeyey,Burning Memory,Jax Voss,electronic,tense|aggressive,0.75,0.775,0.419,139.0,-2.39,0.079,0.0,0.422,0.258,160976,5,0,4,38
J12OLZjzxs4Mx5kFYLFhRO,Velvet Skyline,The Echos,jazz,energetic,0.481,0.441,0.37,113.1,-12.23,0.013,0.514,0.36,0.109,193543,4,1,3,33
99hTEZnmL4IIpkwudgeJXQ,Distant Shadow,Reo Cade,electronic,romantic|chill,0.759,0.849,0.573,127.3,-2.55,0.0,0.0,0.407,0.057,247819,1,1,5,19
ZAYcryDZYNpl76mAEbx8p8,Hollow River,Ava Lark,blues,uplifting,0.482,0.446,0.434,94.5,-8.28,0.164,0.276,0.15,0.137,183496,1,0,4,2
1cU0Af6vQX67p9mUNZNz5h,Velvet Memory,The Skylines,folk,energetic|uplifting,0.275,0.219,0.678,117.3,-8.95,0.127,0.816,0.258,0.323,179038,4,1,5,69
c2naYaIyoGAqLO9NLXkFNj,Wild Shadow,Toma Blake,folk,tense|aggressive,0.654,0.53,0.555,93.3,-9.49,0.027,0.684,0.329,0.216,281524,8,1,4,91
gLmaxSyERvgqT69DlWBRFI,Faded Heart,Jax Marsh,pop,uplifting,0.734,0.433,0.392,110.5,-6.66,0.124,0.277,0.0,0.171,190383,5,0,5,30
Z86g6Bq51xqz2u9YooNRPP,Faded Dream,Ava Hale,latin,uplifting|energetic|dreamy,0.677,0.792,0.633,101.6,-4.89,0.114,0.195,0.012,0.244,245404,11,0,4,58
WNZicT2GuuvtwNxasfJfcQ,Restless Ocean,Rio Shaw,pop,uplifting,0.618,0.701,0.729,122.5,-10.7,0.079,0.313,0.15,0.26,130561,1,0,4,51
oEh3mlFKc7nSRok8kvR9nO,Golden Rain,Nova Cross,blues,melancholic,0.371,0.447,0.295,109.9,-8.58,0.054,0.503,0.39,0.161,243179,10,0,4,45
5V6SjCEjxKrFles6glWFb4,Neon Shadow,Cole Shaw,metal,nostalgic|aggressive,0.553,0.943,0.239,146.3,-5.14,0.063,0.105,0.008,0.171,196348,0,1,4,27
Z4HMhE7j4Gzr2xwfGH7esR,Velvet Dream,Jax Marsh,classical,dreamy,0.244,0.202,0.209,78.1,-14.2,0.127,0.976,0.873,0.089,182040,5,0,5,35
JfFgrZBrkfTmMDXti3qwG5,Sweet City,The Storms,folk,dreamy,0.671,0.469,0.579,106.3,-17.02,0.037,0.841,0.129,0.079,224820,10,0,5,36
usRVtLg0C0LkiIdnxVgrw4,Sweet Ghost,The Storms,r&b,dreamy|chill,0.665,0.578,0.489,73.9,-7.47,0.034,0.115,0.0,0.224,221505,0,1,4,32
CVkxfaqnqY2PBIqwAY1WJz,Midnight Horizon,Mira Shaw,metal,melancholic,0.291,1.0,0.119,135.2,-7.95,0.023,0.0,0.159,0.226,242186,8,0,3,36
k26URYtT398lanByChqHjc,Broken Light,Wren Knox,rock,energetic|melancholic|chill,0.505,0.885,0.375,125.2,-4.62,0.0,0.142,0.039,0.117,306302,0,1,4,47
6PE0eNmOkZIQ0YSVVXqsmI,Silent Storm,Nadia Voss,latin,playful,0.923,0.56,0.711,102.8,-6.43,0.068,0.147,0.0,0.23,193353,1,1,4,51
HS4SMvAwgYYIZ8xeAy0RmY,Wild Shadow,Talia Hale,jazz,sad|dreamy,0.365,0.361,0.481,124.3,-7.86,0.09,0.372,0.451,0.161,194237,0,0,4,44
bL8peS9QDnITJbiQijYFGz,Faded Shadow,The Skylines,latin,dreamy|playful,0.808,0.767,0.656,131.8,-4.86,0.054,0.099,0.005,0.248,226636,10,0,4,54
EjYNvpNpJP08qly567sdcG,Bitter Garden,Nova Shaw,electronic,energetic|happy,0.913,0.738,0.485,124.1,-6.4,0.021,0.038,0.475,0.21,239105,7,1,3,23
oSS8Od8KM10OY7Azkk6LaA,Lonely Rain,Ava Blake,classical,aggressive|dreamy,0.418,0.296,0.57,85.1,-15.59,0.0,0.878,0.711,0.0,220259,6,0,3,52
R6Ev8Tp8UVovFnRy1hdxW3,Midnight Star,Talia Cross,hip-hop,melancholic|chill|aggressive,0.507,0.658,0.347,111.7,-5.2,0.042,0.123,0.062,0.02,190597,1,0,4,15
v0OMvJMkOJHBBS1dMv7ylw,Faded City,Ezra Frost,pop,romantic|nostalgic|energetic,0.567,0.479,0.52,105.5,-1.94,0.118,0.157,0.169,0.234,183547,0,0,3,31
pqJmHVnrV1THnaoCgkvYSJ,Fading Ocean,Ezra Voss,hip-hop,tense,0.69,0.949,0.626,96.6,-7.51,0.174,0.139,0.147,0.068,234781,0,1,5,46
GRJ5OWYtp30IplTROfX7Tm,Silent Dream,Nova Reyes,indie,uplifting,0.652,0.682,0.445,134.3,-10.41,0.128,0.703,0.0,0.288,185109,8,0,3,24
wMqj4fFSOkATOcGkgnOuMf,Neon Wave,Jax Voss,latin,nostalgic,0.724,0.716,0.867,70.3,-7.5,0.053,0.105,0.024,0.0,222820,11,1,5,28
JJ7iPE4TKE6VZ1rfpKPQCo,Broken Garden,Ava Cade,r&b,chill|sad|melancholic,0.585,0.561,0.353,84.8,-4.2,0.133,0.012,0.083,0.089,191850,2,1,4,42
SFrWIH9fMbZNybF5zXVdUs,Distant Light,Leo Cade,pop,romantic|tense,0.67,0.79,0.462,121.4,-7.09,0.031,0.109,0.051,0.176,250421,0,0,4,49
cG4YiQnCTIpGxXkY3yZnSx,Velvet Skyline,Wren Hale,folk,romantic,0.493,0.312,0.26,83.6,-7.2,0.125,0.751,0.265,0.04,208001,1,1,4,45
vr0jXBdkBFzORevfJQeLpp,Broken Heart,Talia Shaw,electronic,aggressive|uplifting,0.748,0.767,0.735,125.4,-2.81,0.0,0.056,0.397,0.0,193402,0,0,4,38
jtJMHv7410qwFZtXKLJNrD,Lonely Star,Kai Quinn,blues,chill,0.413,0.477,0.552,101.6,-6.16,0.106,0.601,0.369,0.105,244068,9,0,5,52
ib4rK7bLa0NxKsPsqt07Y1,Golden Ocean,Cole Frost,reggae,uplifting,0.56,0.63,0.789,68.0,-4.12,0.0,0.148,0.137,0.051,258914,5,1,4,46
FCQI0FXdkiyPU4V8HPwrd5,Silent Garden,Mira Voss,blues,melancholic|uplifting,0.287,0.556,0.513,97.6,-4.95,0.064,0.252,0.102,0.169,134839,11,1,4,47
nJYyPp3AtuIQZNu72r5NYU,Hollow Garden,The Ghosts,pop,uplifting,0.665,0.538,0.708,109.8,-10.67,0.0,0.31,0.211,0.143,223982,7,1,5,29
b1SKdkmWaC8XVw6aZqSMh0,Hollow Star,Finn Cross,pop,happy|uplifting,0.749,0.57,0.667,109.7,-0.34,0.115,0.184,0.0,0.262,217366,11,1,4,11
e5D0LnyovXXtDcsdHdApL0,Silent City,Toma Quinn,indie,romantic|nostalgic,0.423,0.438,0.393,106.1,-11.75,0.036,0.375,0.165,0.024,250160,2,0,4,46
Z3aiV5NzxMfE6AfWigtnda,Neon City,Sena Cross,rock,uplifting|aggressive,0.463,0.887,0.261,118.5,-6.83,0.056,0.0,0.0,0.238,123960,8,1,5,52
goB0MKG7CLbQqxTtBs0mFV,Lonely City,Nova Cade,hip-hop,playful|romantic|nostalgic,0.718,0.568,0.559,103.5,-5.29,0.312,0.046,0.0,0.089,211829,4,0,4,100
GaGZBJjhzOThm30v7kYRy1,Fading Shadow,Leo Lark,hip-hop,energetic|melancholic,0.545,0.5,0.504,96.6,-4.16,0.261,0.006,0.0,0.235,242261,4,1,4,35
fFKQWlKAIFCTiKeJ18U58H,Fading Fire,Iris Cade,jazz,dreamy|melancholic|sad,0.618,0.242,0.78,97.2,-10.33,0.061,0.593,0.285,0.037,176161,4,0,4,59
jkqZfg9JRQGR2ojsv9jOyv,Burning Skyline,Kai Shaw,reggae,dreamy|melancholic|uplifting,0.502,0.318,0.888,70.2,-10.21,0.083,0.214,0.0,0.223,215147,8,0,4,4
hggHsr6MSOkmoBu6u6UcGh,Distant Memory,Leo Hale,country,tense,0.389,0.794,0.447,116.8,-4.7,0.02,0.546,0.139,0.14,178949,11,1,3,53
jn311HFdSEQYannBKk8kRX,Wild Wave,Iris Marsh,country,aggressive|happy|uplifting,0.485,0.449,0.647,114.4,-3.78,0.115,0.695,0.0,0.204,228383,1,1,4,61
fqg2auUHOOQFkxrlLcXD7r,Lonely Memory,Zara Marsh,reggae,chill|aggressive|playful,0.56,0.764,0.652,87.6,-7.55,0.09,0.369,0.161,0.14,138600,8,0,5,49
sVKJ5kSYTYPYQ9gtLVxh0l,Faded Fire,Jax Marsh,rock,aggressive|melancholic|uplifting,0.611,0.662,0.452,118.7,-2.5,0.034,0.102,0.052,0.091,226469,0,1,5,51
EhGtzOFd4F3QjCj0MXUFtP,Fading Heart,Jax Reyes,metal,sad|tense|happy,0.458,0.793,0.428,155.7,-3.5,0.083,0.0,0.012,0.071,272754,0,0,4,20
I4foqe9au6MFbHHeknO64X,Hollow Skyline,Ezra Frost,country,playful,0.534,0.468,0.755,105.8,-12.51,0.058,0.274,0.0,0.052,251907,2,0,3,14
6sT6Q8sSEU93lMSKNjmm4X,Crystal Echo,Talia Voss,latin,sad|happy|energetic,0.78,0.709,0.524,92.3,-4.93,0.073,0.0,0.106,0.183,-1000,11,0,5,58
KqXwhawv9gDUEZP49X4vFv,Silent Ocean,The Lights,blues,uplifting|happy,0.305,0.502,0.54,99.1,-6.05,0.084,0.405,0.407,0.377,202671,6,0,4,29
hWIh0gad3YO4EgSFLfDbEN,Distant Memory,Toma Shaw,hip-hop,energetic,0.953,0.949,0.482,112.5,-5.82,0.233,0.095,0.034,0.106,202362,11,0,4,36
OMx4iFsvamynTvm5lsmJqu,Endless River,The Ghosts,reggae,romantic|playful,0.747,0.527,0.453,-5.0,-8.53,0.05,0.051,0.087,0.174,167807,7,1,4,86
IkgelCjLnKqh4tyWjCAckJ,Midnight Rain,Ava Cade,folk,playful|chill|nostalgic,0.619,0.074,0.376,96.6,-4.62,0.036,0.688,0.214,0.05,314693,3,1,4,42
IAE9RNyFfVoi3Sw56zkYNj,Bitter Wave,Rio Knox,r&b,uplifting,0.643,0.458,0.465,83.2,-12.86,0.058,0.416,0.0,0.245,234017,9,0,4,23
id7MMJ5bPQDfqHI95QtVRA,Hollow Horizon,Jax Ryder,pop,aggressive,0.634,0.702,0.458,111.2,-3.98,0.029,0.0,0.167,0.226,355794,9,0,5,59
7RN5EKvjXPx5wlet2kV6DG,Distant River,Wren Vance,reggae,tense,0.717,0.523,0.657,90.3,-7.75,0.092,0.246,0.153,0.108,255622,3,1,3,23
szOaEwOFgLzTIAhC948ATC,Golden Fire,Leo Hale,rock,tense,0.663,0.848,0.734,132.2,-4.22,0.107,0.391,0.126,0.215,224135,11,0,4,47
ZDTNXjUvo22fteR1eiYrCJ,Sweet Storm,Cole Cade,indie,sad|melancholic,0.583,0.61,0.341,133.9,-6.3,0.024,0.241,0.161,0.111,184226,5,1,5,36
JCHUYBG2NwoOwuv2Fb8Pu7,Radiant Memory,Sena Vance,rock,aggressive,0.458,0.978,0.661,127.1,-10.26,0.141,0.182,0.0,0.079,270269,10,1,5,62
zQ3NgAiCoRcJmRf6kPbX3X,Radiant Ghost,Reo Reyes,r&b,chill|romantic,0.578,0.306,0.387,104.7,-3.41,0.092,0.027,0.082,0.16,185807,8,0,4,11
otktfecYXxJHIIl3G1JYEj,Lonely Bloom,The Skylines,electronic,nostalgic|dreamy|chill,0.805,0.871,0.564,130.8,-3.34,0.102,0.0,0.342,0.146,313306,3,1,4,50
OnUsGjAqvZ17lr4aZbvE1n,Distant Garden,Reo Lark,hip-hop,aggressive|playful,0.616,0.735,0.487,109.6,-4.86,0.246,0.136,0.23,0.146,175251,3,0,4,66
OEE0S4YxDz3cZWhHJ9AQ2F,Sweet Skyline,Finn Lark,metal,aggressive,0.252,1.0,0.434,125.7,-2.37,0.137,0.165,0.037,0.165,213905,7,0,4,14
56DAOBH1sv1qZQOlFD4iTl,Broken Fire,Sena Knox,folk,melancholic|dreamy,0.385,0.261,0.64,90.0,-11.69,0.071,0.761,0.0,0.26,267861,1,1,4,22
MjrEgLz8aUshCAHVsgveCc,Midnight Horizon,Nadia Quinn,rock,melancholic|aggressive,0.715,0.713,0.606,104.3,-3.44,0.127,0.215,0.0,0.183,262843,9,0,4,18
sHDGzRrOzv6ZIfPXY6wN6y,Burning Star,Jax Shaw,jazz,playful,0.404,0.323,0.8,103.4,-10.36,0.114,0.735,0.426,0.315,227479,6,1,4,38
DILazAQZkv0K7PvHj1Pf7Z,Wild Echo,The Lights,latin,uplifting|chill|melancholic,0.787,0.583,0.949,106.8,-2.46,0.014,0.582,0.0,0.0,188452,8,0,4,82
A3lLf08v53245IXesF7tu0,Endless Memory,Ezra Quinn,latin,aggressive|energetic|tense,0.763,0.702,0.617,115.9,-1.08,0.0,0.023,0.0,0.001,244108,2,1,5,30
DDEeeT7ooQi6dqjJCaoKy4,Burning Memory,Nadia Wells,pop,happy|sad,0.884,0.775,0.845,119.3,-4.84,0.01,0.0,0.036,0.213,228742,1,0,4,80
KVXgyJBAhR63iIwQxYRUdk,Faded Rain,The Shadows,country,tense|playful,0.528,0.715,0.897,106.6,-5.03,0.066,0.091,0.0,0.295,167277,6,0,4,47
v4ixl24P7vBaGGsFRQaFPf,Electric Storm,Sena Hale,pop,nostalgic|aggressive|melancholic,0.725,0.559,0.383,128.2,-5.66,0.094,0.377,0.148,0.139,258839,3,1,4,20
bbeKJnzm49C5z0b4cvGMtx,Distant Dream,Nova Reyes,folk,playful|dreamy|uplifting,0.491,0.391,0.522,110.8,-8.45,0.115,0.643,0.047,0.219,178382,5,1,4,83
QCdeLWFHZJgfcLbTMaWQtm,Lonely Garden,The Ghosts,jazz,tense,0.437,0.348,0.453,97.4,-9.2,0.031,0.535,0.262,0.141,178197,4,1,3,20
CZBfhRFLSAhATUCByESgw4,Restless River,Zara Shaw,blues,melancholic,0.464,0.56,0.312,97.5,-8.0,0.047,0.32,0.201,0.261,231882,11,0,4,32
ptTBE96tHSHuhIGwfm8yoA,Neon Dream,Nadia Hale,hip-hop,sad,0.874,0.687,0.599,110.8,-8.61,0.203,0.0,0.021,0.068,194046,10,0,4,67
SmnpA4DckygSm82Fzed3ou,Neon Echo,Sena Reyes,r&b,melancholic,0.892,0.549,0.182,84.7,-6.34,0.07,0.337,0.007,0.224,200911,4,1,3,19
dhMSBjjA5aR1VJfSLvST4L,Sweet Ocean,The Lights,hip-hop,tense|aggressive|romantic,0.834,0.545,0.529,91.2,-4.57,0.154,0.126,0.019,0.143,223062,7,0,4,52
CARSJ0o4kSzIJWzlhTKU51,Wild Ghost,The Dreams,jazz,aggressive,0.52,0.302,0.492,90.1,-12.65,0.033,0.605,0.495,0.138,232634,2,0,4,18
Y1LKAWapY5VPnwBm8WqJnC,Radiant Ocean,Sena Wells,latin,playful|happy|nostalgic,0.705,0.845,0.613,114.8,-7.01,0.0,0.0,0.0,0.0,240760,4,1,4,34
0yll40dvOA10WhwMLGQ8Wc,Lonely Garden,Mira Voss,classical,dreamy,0.428,0.337,0.453,95.1,-20.73,0.0,0.924,0.907,0.227,304179,1,1,4,14
w542jlkXMKe9V3h92QXIRr,Golden Horizon,Cole Marsh,folk,romantic,0.405,0.282,0.556,106.9,-10.52,0.028,0.727,0.216,0.259,200360,10,1,5,52
TLLDWW6pIJb22wkJv3aNUX,Hollow Ocean,Nadia Lark,blues,melancholic,0.264,0.485,0.515,86.6,-11.38,0.044,0.463,0.37,0.0,280791,6,0,4,79
NHdzHienjx8ve31DaK8hxK,Velvet Dream,Ezra Hale,pop,melancholic|happy,0.908,0.639,0.544,125.4,-4.61,0.09,0.0,0.061,0.043,206174,7,1,5,71
m8J6gQa9khbkwfHuHkY4V5,Lonely Garden,Toma Frost,metal,playful|romantic,0.396,1.0,0.241,132.0,-5.49,0.113,0.0,0.0,0.199,299565,9,1,5,23
XS8Ifu02MoOEnrdhQ2mUo2,Distant Storm,Finn Lark,jazz,nostalgic|romantic,0.617,0.647,0.606,115.1,-12.46,0.059,0.526,0.145,0.134,225093,7,1,4,59
I4LnduLNCxuLwWOeieXk4G,Burning Wave,Mira Cross,blues,chill|energetic,0.605,0.322,0.572,95.1,-8.31,0.131,0.43,0.0,0.192,182424,0,0,5,44
Q9cmiGjh4VsZ6iFFIfcGs6,Hollow Star,Mira Lark,pop,nostalgic,0.718,0.758,0.241,123.7,-2.05,0.1,0.16,0.114,0.272,182889,1,0,3,36
6u2qfTZMfnZvYsxUtllCjz,Electric Star,Mira Stone,reggae,playful|aggressive,0.619,0.594,0.89,100.5,-8.7,0.03,0.438,0.068,0.023,225244,11,1,4,56
TVgJVE2VFPpwNxRaGrT5SM,Lonely Ghost,Nadia Cade,metal,energetic,0.332,0.806,0.411,141.2,-5.76,0.071,0.044,0.04,0.081,236106,11,1,5,49
TUqmbMVe4FVVC5OJ7J5165,Hollow Horizon,The Echos,r&b,uplifting,0.72,0.496,0.464,98.7,-5.77,0.085,0.093,0.1,0.133,211049,1,1,3,23
XdqiUgsTd8HbgDt5G0nH80,Velvet Light,The Citys,rock,energetic,0.294,0.806,0.62,132.5,-7.25,0.091,0.087,0.0,0.092,226269,3,0,4,20
mqQmuF67AaxqdX5fxbnxp6,Radiant Fire,Sena Hale,r&b,sad|melancholic,0.547,0.395,0.285,98.6,-3.79,0.049,0.148,0.014,0.251,236644,4,1,4,100
YLKIU8xWgsCBjgklJyz9v9,Broken Light,The Lights,metal,sad,0.69,0.869,0.388,136.0,-4.19,0.042,0.19,0.0,0.056,174047,6,1,4,45
KkOE0R3Fw0CLaP04yaYmUj,Midnight Wave,Wren Quinn,folk,chill,0.499,0.287,0.442,108.8,-9.92,0.042,0.714,0.017,0.144,243095,8,0,5,45
QYhq6gJmKV7q9zBKvYRbGs,Electric Star,Rio Cade,classical,aggressive,0.217,0.332,0.672,94.1,-20.29,0.051,0.953,0.83,0.194,261655,2,0,5,33
pa9dXsUdMIZMVv0Biv1HN4,Wild Fire,Wren Lark,jazz,sad|happy,0.564,0.412,0.587,118.0,-11.37,0.093,0.578,0.359,0.161,220209,3,0,5,45
Or6KwKeALBaP9GtgegW9tr,Golden Garden,Wren Quinn,classical,chill|nostalgic,0.123,0.098,0.278,99.7,-18.41,0.023,0.86,0.71,0.129,164248,5,0,3,22
vHjCuojXBXkoVODTYelDUu,Electric Bloom,Rio Wells,classical,melancholic|chill,0.33,0.083,0.319,119.7,-17.73,0.131,0.902,0.823,0.111,190643,11,1,4,47
3JCY9Npb6Er0InEQXDyJZh,Golden Memory,Talia Knox,rock,aggressive,0.427,0.838,0.398,116.7,-7.9,0.086,0.02,0.0,0.166,216748,0,0,4,47
L3kwP9CCY9otFu4HM7Yfzh,Radiant Garden,Reo Reyes,classical,dreamy|chill,0.208,0.129,0.558,75.5,-18.57,0.084,0.919,0.773,0.108,233951,6,1,3,85
qZOWQkjTamTM8i7fdgQyft,Bitter Dream,Leo Knox,reggae,nostalgic|chill,0.847,0.569,0.407,96.6,-13.11,0.094,0.395,0.116,0.226,189546,2,1,5,48
OUNC0XH4iiLrThrbBfYjTR,Velvet Dream,Mira Ryder,hip-hop,nostalgic,0.699,0.473,0.507,97.8,-6.02,0.196,0.516,0.039,0.175,243853,8,0,4,53
iYjuwOv9Zgh5KDkAngCQlS,Endless Shadow,The Oceans,electronic,tense|nostalgic,0.742,0.766,0.514,133.2,-3.78,0.099,0.247,0.153,0.376,248167,5,1,3,32
76ulQI7mhUJC1ZWSc2Tsxd,Velvet Garden,Ezra Cross,metal,tense|romantic,0.443,1.0,0.203,142.3,-3.19,0.11,0.0,0.104,0.185,230988,6,1,4,69
1lQbujF51da6QcIzDzStp5,Hollow Bloom,Talia Quinn,electronic,uplifting|playful,0.755,0.875,0.606,120.9,-1.76,0.041,0.0,0.519,0.16,229365,6,1,4,59
GYoSbgzlMGHuVDErtIUnb2,Endless Ocean,Cole Stone,rock,melancholic|energetic,0.514,0.838,0.497,139.0,-8.31,0.07,0.235,0.107,0.171,189974,3,0,4,67
nuGKhsRcNkUOA26wfeTNi0,Midnight Rain,Nova Lark,electronic,uplifting|tense|energetic,0.831,0.884,0.943,117.4,-1.09,0.138,0.101,0.427,0.124,212470,9,1,5,16
ztan7Qb2p9D91TlCA7ynLC,Crystal Bloom,Ezra Voss,latin,dreamy|happy,0.865,0.726,1.0,96.5,-4.39,0.0,0.183,0.0,0.221,135242,7,1,4,50
3YjfaL7hrMe5zTPXIXFuOV,Endless Fire,Jax Marsh,reggae,happy|playful,0.584,0.489,0.87,66.7,-10.79,0.047,0.308,0.227,0.218,212697,4,1,5,48
eWuxrGEiUHM6l0sQBEoUCw,Hollow Storm,Toma Ryder,reggae,playful|chill|uplifting,0.721,0.53,0.958,79.6,-6.92,0.022,0.08,0.175,0.168,168298,7,0,5,10
eTEvvWPT7hosJkFz7XTCQ7,Hollow Wave,Ezra Reyes,hip-hop,playful|romantic|happy,0.801,0.545,0.562,97.8,-7.66,0.175,0.248,0.0,0.397,257262,3,0,4,52
OtcN1xc54jAr8Re5ZXIC0l,Lonely Star,Nadia Wells,country,happy|playful|nostalgic,0.629,0.699,0.525,105.6,-6.91,0.0,0.234,0.049,0.094,219207,7,0,4,87
P0t0RHza7V6pWNRnjjmtKX,Endless Skyline,Ava Voss,latin,dreamy|romantic,1.0,0.752,0.685,83.3,-8.46,0.038,0.11,0.069,0.12,199150,6,1,5,71
UUncuVyGUjhOThd5ZlnecY,Lonely Star,Zara Cade,reggae,uplifting,0.664,0.871,0.672,87.3,-7.48,0.097,0.305,0.0,0.166,211743,4,0,4,72
lUpZ27fizFYS3uO9pzitHR,Endless City,Zara Frost,country,happy|romantic,0.537,0.61,0.694,119.0,-5.85,0.047,0.32,0.0,0.204,223664,7,0,3,56
MMifrA3hfLhKYGmKh63n8s,Neon Memory,The Echos,jazz,aggressive,0.521,0.355,0.517,102.8,-10.36,0.068,0.753,0.111,0.074,233197,7,0,5,46
ss0yjx8NCQr4bhSugFOhsS,Velvet Ocean,Zara Quinn,pop,playful|aggressive,0.534,0.618,0.708,134.6,-7.92,0.0,0.487,0.127,0.207,209422,1,1,5,30
rBGrD5PMNdz2X1ixTXesxM,Velvet Horizon,Zara Stone,jazz,chill|happy,0.518,0.488,0.563,122.3,-8.58,0.03,0.509,0.314,0.233,264267,7,1,4,41
5bYKisngtXVIfJBqvOPRfQ,Burning Skyline,Ava Ryder,indie,happy,0.881,0.598,0.751,121.1,-10.66,0.036,0.629,0.106,0.199,273516,4,1,4,10
xjcaaL6hVKBwWBTGuq0yUH,Velvet Rain,Reo Knox,r&b,energetic,0.456,0.603,0.445,98.7,-8.78,0.103,0.16,0.112,0.026,229028,1,0,3,38
Gt7z2jlcEPALnU8EDqusVj,Midnight Wave,Reo Quinn,r&b,dreamy,0.762,0.37,0.283,78.7,-14.51,0.106,0.235,0.0,0.091,251325,8,0,4,48
K8bifeo5B3U0WRcdvT9CG5,Bitter Memory,Toma Frost,classical,energetic,0.182,0.118,0.448,86.7,-16.12,0.061,0.872,0.933,0.175,199082,4,0,3,36
lwdBzcX7MBsz2FI3SjzGdn,Restless Wave,Leo Shaw,jazz,nostalgic|aggressive,0.493,0.389,0.673,108.2,-12.52,0.138,0.522,0.233,0.042,251794,9,0,5,8
jAqDHCt3H5Cym3j4WVNqX8,Silent Fire,Ezra Voss,metal,aggressive|melancholic,0.311,0.926,0.459,138.3,-2.79,0.042,0.0,0.1,0.158,248222,2,0,4,21
qAIpoYLFVhm6geAMgpvJJf,Hollow Light,Toma Reyes,electronic,aggressive|happy,0.727,0.783,0.567,96.6,-2.89,0.157,0.154,0.376,0.085,188951,2,1,5,58
NeJmNzpXP0Vq1e2zj1CSyl,Silent Ghost,Nova Blake,rock,tense|aggressive|playful,0.406,0.938,0.603,147.6,-4.4,0.014,0.0,0.261,0.0,203753,4,1,4,84
jAQFIH0EaKbhTScJf92yXP,Lonely Light,The Horizons,folk,energetic|chill,0.316,0.284,0.564,108.5,-4.49,0.077,0.735,0.011,0.127,239868,9,0,4,65
dYh677okg46R5U6wuEZO9m,Silent Garden,Kai Knox,folk,dreamy,0.471,0.279,0.456,99.0,-11.17,0.11,0.86,0.358,0.334,255705,2,1,3,19
5ZRF0Zg2Rah0wMvuNgLJX5,Crystal Wave,Sena Shaw,rock,sad|uplifting,0.48,0.905,0.316,120.6,-5.84,0.074,0.0,0.06,0.267,188653,9,1,3,38
6X8CVvvkexxdZPkCChmy7N,Restless Dream,Zara Ryder,indie,happy|playful,0.406,0.529,0.68,99.8,-13.45,0.068,0.482,0.226,0.147,216704,1,0,4,28
SyexxOynFUdkDFckupG6g3,Distant Skyline,Iris Wells,rock,playful,0.523,0.926,0.604,114.8,-4.9,0.128,0.351,0.102,0.194,265536,6,0,3,46
2hkmc1e48FBxch4ZlHOdZO,Endless Storm,Mira Reyes,jazz,tense|romantic,0.408,0.201,0.588,114.9,-9.0,0.014,0.375,0.435,0.3,243312,0,0,4,89
UzUN4USBEf01AanSvBLAzf,Crystal Rain,Jax Lark,jazz,chill,0.528,0.439,0.493,94.8,-12.78,0.0,0.697,0.269,0.181,271311,2,0,4,27
4DQLdfnmOwOdzEGSzrRQXX,Neon Echo,Cole Reyes,latin,tense|aggressive,0.883,0.838,0.372,63.8,-3.42,0.02,0.322,0.192,0.224,238748,9,1,5,19
qtw7QmyUf3bufmIfbg9vUw,Electric Ghost,Ezra Reyes,reggae,aggressive|happy,0.453,0.592,0.976,101.7,-8.77,0.061,0.407,0.163,0.254,233060,2,1,5,33
aC0qfTxaD8loHP4PLv6skI,Endless Road,Mira Voss,electronic,tense,0.573,0.79,0.411,133.0,-7.17,0.095,0.131,0.493,0.266,241589,6,0,4,57
coMeuMvNz1dOpWIsswFQc3,Crystal Road,Rio Frost,latin,romantic,0.845,0.612,0.611,112.3,-5.61,0.053,0.0,0.414,0.208,236982,1,0,4,25
QYsMlTZp9IH31QVMk374wa,Midnight Horizon,Ezra Wells,classical,aggressive|romantic,0.47,0.348,0.465,109.0,-19.56,0.089,1.0,0.647,0.095,156237,11,0,4,52
i6kkTu5umZNGo3eRZwa8cE,Restless Ghost,Jax Vance,folk,energetic|sad,0.415,0.584,0.571,100.9,-8.6,0.015,0.586,0.024,0.056,219996,4,0,4,40
HP5djsauPReB5kRs4p0jDW,Electric Bloom,Sena Marsh,reggae,uplifting,0.583,0.418,0.878,103.9,-8.78,0.051,0.261,0.155,0.286,184101,11,0,3,55
4xgTDEw9Sy6xETbipfzkIo,Neon Bloom,Rio Blake,blues,nostalgic|chill,0.549,0.27,0.38,103.6,-9.05,0.001,0.653,0.403,0.078,170900,0,0,4,63
xMRME0px08JH158QiTrOsP,Electric Light,Mira Reyes,reggae,dreamy|nostalgic,0.809,0.504,0.521,85.7,-8.25,0.003,0.255,0.012,0.073,217931,5,0,5,40
PR72qVTYgZLYDLWFu7DAa9,Electric Dream,Zara Frost,jazz,nostalgic|sad,0.605,0.426,0.315,119.6,-9.35,0.0,0.863,0.344,0.184,256227,11,0,4,39
8Kg8lxyLPxj2uNBnRfFAhY,Burning Garden,Nova Ryder,indie,sad|melancholic,0.616,0.581,0.357,121.4,-8.86,0.133,0.298,0.194,0.215,232548,3,1,3,31
qyCN44xSNB5ft0F7ODI36f,Fading Light,Ava Marsh,reggae,energetic|playful,0.864,0.646,0.642,94.4,-8.01,0.073,0.169,0.162,0.171,264908,1,0,4,18
QieRixFVc0ky3wJbQRgDtQ,Sweet Light,Iris Lark,classical,uplifting|melancholic,0.142,0.319,0.599,73.3,-19.63,0.064,0.922,0.687,0.162,185575,7,1,5,27
lkmvzn2dNEwQ9xM0FLbzZn,Bitter Heart,Nova Shaw,pop,energetic|playful,0.454,0.84,0.698,109.1,-8.81,0.043,0.0,0.041,0.078,233207,2,0,4,37
WJHYnejGGlQURL03HpRjar,Wild Heart,Sena Stone,rock,romantic|energetic,0.482,1.0,0.794,132.4,-0.21,0.036,0.0,0.031,0.286,114824,2,0,4,38
YUtX2HTXsrl5ZnqRkj7ZVn,Sweet Wave,Reo Cross,country,sad,0.381,0.509,0.234,86.7,-4.93,0.137,0.222,0.117,0.0,268295,1,0,4,62
8q4A33J4kXwFXRdBuAplbb,Velvet Storm,Cole Marsh,metal,dreamy,0.289,1.0,0.398,153.1,-3.85,0.018,0.045,0.136,0.305,184087,7,0,3,44
UDfCktqjipiQUpx11ONkCK,Broken Ghost,The Oceans,folk,energetic|dreamy,0.537,0.165,0.241,101.2,-9.79,0.0,0.764,0.0,0.177,265356,10,0,5,50
aSYvL529BRQWW4DIJdBj5u,Neon Wave,The Storms,classical,energetic|sad,0.362,0.153,0.633,107.7,-14.04,0.128,0.905,0.841,0.05,186366,2,0,3,22
atHQp6kgxOBmi5TpCpQNel,Burning Light,The Blooms,pop,romantic,0.729,0.787,0.682,128.6,-2.67,0.064,0.169,0.0,0.0,263677,11,1,4,23
QwQj6POXV1PVmC0OB5t6zJ,Lonely River,Reo Blake,hip-hop,aggressive|sad,0.687,0.595,0.568,90.9,-8.75,0.123,0.463,0.0,0.0,203680,4,1,4,59
8aGULUOnc1821UcCfsjstX,Endless Ghost,The Storms,blues,dreamy,0.607,0.302,0.539,113.9,-9.06,0.075,0.491,0.085,0.19,237281,1,0,4,36
H7kf79mnqEaIs5Er7JWptK,Electric City,Talia Shaw,classical,dreamy|chill,0.118,0.127,0.418,99.6,-16.1,0.039,0.723,0.663,0.186,291549,3,0,4,51
otktfecYXxJHIIl3G1JYEj,Wild Star,The Lights,metal,tense|uplifting,0.487,1.0,0.659,143.4,-8.04,0.023,0.279,0.116,0.142,195099,5,1,3,41
9tdN61mk9wesxPTbidMbRx,Fading Skyline,Leo Vance,r&b,sad|tense,0.507,0.574,0.285,95.4,-7.08,0.046,0.191,0.047,0.093,159615,11,0,4,63
pqXrpBWjKLcmVLsIhgQfkK,Restless Light,Iris Marsh,hip-hop,uplifting,0.667,0.534,0.495,102.0,-5.69,0.204,0.0,0.0,0.101,231032,3,0,4,58
3cgac0HodH9AIMQKd4pAnO,Endless Horizon,Finn Reyes,rock,energetic|aggressive,0.831,0.947,0.527,135.6,-7.51,0.078,0.138,0.282,0.026,252194,8,0,4,36
WYcG2vPlxsu2B1HsDMM3gV,Restless Skyline,Zara Vance,electronic,tense,0.512,0.873,0.557,111.0,-7.06,0.019,0.135,0.608,0.251,174988,8,0,4,59
frj3yEFsTHQCg38WeQbuEC,Lonely Horizon,Zara Frost,latin,energetic,0.57,0.724,0.751,100.0,-7.75,0.078,0.0,0.0,0.195,257806,3,1,4,44
yizNkiy5J1tjbM2jlZ9Pfo,Hollow Heart,Iris Quinn,classical,happy|energetic|uplifting,0.101,0.471,0.108,99.2,-16.61,0.09,0.893,0.722,0.076,237744,9,1,4,62
j0Jky6hGAELzFNkFiwKK2G,Fading Bloom,Ava Reyes,metal,aggressive|uplifting|tense,0.488,0.856,0.453,137.8,-5.81,0.115,0.235,0.0,0.167,168663,4,1,4,59
hrzkgPG9Ns55gEKwFxHfOg,Sweet Ghost,Ava Shaw,blues,romantic|melancholic|sad,0.405,0.502,0.379,100.4,-9.4,0.161,0.268,0.264,0.129,212837,0,1,5,52
jZueru5sA5bBQd8DYBq758,Radiant Horizon,Reo Reyes,country,chill|uplifting,0.692,0.753,0.553,111.3,-9.82,0.04,0.338,0.0,0.268,202339,1,1,4,19
mxmGtK3AWflXO1SV2vuvQM,Neon Skyline,The Rains,pop,sad|nostalgic|dreamy,0.6,0.676,0.381,139.0,-4.67,0.093,0.508,0.0,0.223,200602,9,1,4,20
gnwdG28pk6PmYjoRvLfUAO,Burning River,The Rains,blues,chill|energetic|uplifting,0.388,0.56,0.275,116.4,-12.58,0.021,0.589,0.0,0.191,268017,10,0,5,14
I41FEvuaDgGeRalxvPTcIt,Lonely Skyline,Talia Shaw,metal,romantic|aggressive,0.403,0.883,0.38,141.7,-0.99,0.038,0.0,0.137,0.066,203913,8,0,5,60
bMs9XwzFxJbZPLVt5InRb6,Broken Echo,Wren Cross,classical,dreamy|chill|tense,0.254,0.19,0.597,105.2,-21.15,0.048,0.875,0.762,0.049,123767,8,1,4,50
OMdPq7eMcUixfgKajs7r05,Broken Echo,Nova Wells,indie,sad|romantic|uplifting,0.543,0.504,0.409,117.4,-9.59,0.0,0.315,0.095,0.137,217666,3,1,5,7
AZhg8yUSOhCooPGD8SfKhH,Lonely City,Toma Voss,r&b,energetic|melancholic,0.616,0.171,0.528,80.7,-11.99,0.054,0.202,0.023,0.0,192611,8,0,4,32
5tCD5p6iF9TwlHOUHjXaLw,Golden Bloom,Ezra Vance,indie,melancholic,0.765,0.533,0.394,126.7,-11.57,0.107,0.384,0.0,0.022,220439,8,1,3,71
wlq1urADSFv3jfaHlYgLg5,Fading Echo,Toma Vance,folk,happy|melancholic,0.241,0.183,0.541,126.6,-12.52,0.042,0.798,0.0,0.124,169007,8,0,4,20
Runi247k9EbUJB0wGkDfUn,Lonely Light,Cole Blake,latin,uplifting|happy,0.618,0.81,0.728,83.8,-9.99,0.119,0.139,0.0,0.19,229357,8,1,4,46
zxW7JNDWnDwZcDb1aETHlH,Electric Wave,Wren Marsh,metal,tense|energetic,0.595,0.971,0.16,146.0,-4.72,0.006,0.0,0.0,0.058,181180,7,0,4,82
IV7eQsDM37GsXm0ZgPlXz8,Fading Garden,Toma Wells,classical,melancholic,0.496,0.093,0.345,107.6,-18.93,0.111,0.897,0.801,0.2,154769,7,0,3,49
CR5ugB2DyYQJpsXi38y7NU,Midnight Memory,Nova Reyes,hip-hop,happy,0.525,0.499,0.622,96.8,-6.33,0.252,0.0,0.0,0.18,203877,10,0,3,62
Ws5dsGJ9OC7szMBgXaPuLN,Broken Skyline,Reo Wells,jazz,melancholic|happy,0.55,0.386,0.694,109.5,-8.64,0.04,0.81,0.232,0.102,222149,6,0,3,48
TRcBWtFXAqdxNaXOSsqaSJ,Lonely Echo,Nadia Marsh,r&b,chill,0.741,0.545,0.212,95.4,-7.72,0.052,0.041,0.205,0.277,147788,4,1,5,53
LvqFCUePyXcqHbxD2549pu,Sweet City,Cole Ryder,folk,sad,0.473,0.376,0.343,110.2,-9.76,0.066,0.533,0.08,0.141,264651,4,0,5,71
xxXW8IP1gbRRZoXKd315KI,Bitter Horizon,Jax Frost,country,playful|melancholic,0.468,0.732,0.753,98.7,-7.59,0.004,0.329,0.053,0.1,219747,1,0,4,49
vHvFN4ptDdKCwfjqeP1CYW,Radiant Rain,Ezra Lark,latin,uplifting,0.794,0.529,0.782,87.9,-3.04,0.0,0.118,0.164,0.176,157096,10,1,3,58
xkF7ZypTyy83H0EbLJLasw,Golden Star,Talia Knox,pop,nostalgic|melancholic,0.637,0.669,0.966,119.7,-6.82,0.249,0.229,0.0,0.0,212300,4,1,3,33
oYzDwPGHen8xl0JR7wNb7E,Hollow Ocean,Cole Lark,metal,sad,0.246,1.0,0.443,135.6,-3.31,0.116,0.305,0.0,0.107,173540,3,0,4,67
RLYreLhZ29s7v8IZNlNCbP,Sweet Skyline,Kai Wells,classical,uplifting,0.287,0.292,0.68,90.0,-17.74,0.168,0.845,0.957,0.094,201039,0,1,4,13
b56wyLIEovQiAKdK3cetGN,Restless Ocean,Talia Reyes,latin,melancholic,0.546,0.872,0.578,98.1,-5.83,0.037,0.3,0.006,0.189,219026,6,1,4,63
NL3gUWdDgcFjOAqxy8lMkW,Electric Shadow,The Hearts,jazz,playful|chill|melancholic,0.552,0.454,0.39,107.8,-12.79,0.108,0.634,0.05,0.098,219034,3,1,4,58
A9wSJ79lnSy8m06c73AiCD,Endless City,Toma Hale,blues,sad,0.651,0.411,0.431,108.5,-13.53,0.066,0.538,0.0,0.0,243215,7,0,4,56
KYeCKeXyUq3zMsIF2gfluz,Endless Memory,Nadia Marsh,reggae,romantic|energetic|nostalgic,0.567,0.632,0.542,72.5,-4.39,0.085,0.266,0.244,0.069,266840,7,1,5,71
yfSl00zAHfHioNl6qwDztX,Faded Skyline,Jax Quinn,country,playful,0.503,0.621,0.76,131.5,-6.5,0.127,0.21,0.158,0.33,185116,11,1,5,72
wvh3a8zgeBpJKs0RrLYZWt,Electric Memory,Jax Stone,country,melancholic|happy,0.634,0.341,0.697,106.6,-5.78,0.06,0.418,0.0,0.004,204591,9,1,4,61
YuBLdUUCztDy77Q9Ci3O7k,Fading Ocean,Ezra Cade,latin,energetic|romantic,0.732,0.735,0.492,114.6,-6.17,0.087,0.121,0.108,0.098,179303,2,1,3,55
Tg2Napjq5qg61pojYOlqWZ,Crystal Garden,Toma Hale,pop,nostalgic|uplifting,0.655,0.625,0.542,113.7,-7.1,0.084,0.222,0.096,0.009,217042,5,0,4,67
8laJguqjzLWwba1eZNSBGt,Hollow Star,Rio Shaw,r&b,romantic|sad,0.771,0.503,0.368,82.0,-8.29,0.082,0.194,0.097,0.273,185086,6,1,4,52
PRi5vqojzox23d4WNlBnzL,Golden Memory,Toma Cross,blues,melancholic|dreamy|aggressive,0.478,0.393,0.373,83.3,-11.71,0.059,0.59,0.117,0.262,235528,4,0,4,45
skNDza9nqBgQeFYpIznTUw,Crystal Light,Sena Blake,pop,chill|uplifting,0.708,0.564,0.417,133.0,-5.16,0.21,0.157,0.017,0.143,219247,7,0,5,46
P35vd7rZ703JWoCeeRjLcT,Burning Memory,The Storms,electronic,chill,0.7,0.828,0.51,139.6,-4.51,0.02,0.0,0.343,0.031,255035,8,0,5,35
oqZ0uqZAkXARW65A9x87YE,Crystal Rain,The Storms,metal,happy|chill,0.392,1.0,0.526,144.1,-12.06,0.041,0.02,0.07,0.112,141383,4,1,4,72
midohOaXbU5zPuj0mjegok,Lonely Horizon,Jax Stone,pop,dreamy|chill,0.655,0.656,0.685,112.0,-3.88,0.076,0.589,0.069,0.187,247582,10,1,4,57
Xk1bYmAxJ8rhVd6DwiHNfU,Broken Light,Mira Cade,rock,tense,0.366,0.841,0.59,112.6,-7.0,0.042,0.193,0.0,0.168,189131,8,0,4,79
gxtRNi1EAOuhzXcnwbdGWT,Burning Wave,Ezra Wells,r&b,aggressive|chill,0.576,0.573,0.505,96.5,-6.53,0.0,0.36,0.0,0.148,229829,3,0,4,51
ad1Fe496UM5leb28Cgq1Ne,Sweet Shadow,Toma Wells,hip-hop,playful,0.725,0.569,0.429,90.5,-3.82,0.207,0.467,0.0,0.183,185054,1,1,5,5
Mt85dyfBtH8h1GGLGVDrog,Crystal Garden,Jax Hale,blues,playful|tense,0.441,0.435,0.626,71.4,-11.36,0.0,0.763,0.0,0.237,163684,4,1,4,23
xLyXj6eSW2a4qE7EgBR22F,Neon Light,Rio Marsh,electronic,uplifting|romantic,0.74,0.821,0.715,119.3,-8.44,0.071,0.0,0.273,0.133,142697,7,1,4,37
SZ9u7WnG7unh5ONmtGyQ3t,Restless Ghost,Nadia Voss,rock,dreamy|aggressive,0.564,0.943,0.59,116.0,-6.01,0.166,0.023,0.099,0.199,193947,0,0,4,60
qhLDTtnBQl8CYfWjep7Egt,Distant Bloom,Sena Marsh,rock,romantic|melancholic,0.413,0.735,0.322,155.0,-5.89,0.052,0.051,0.175,0.049,200670,7,0,4,44
vgRfN3CZBPA6Sr8NzEh3Wf,Faded Light,The Hearts,metal,chill,0.563,0.873,0.499,158.9,-2.86,0.101,0.15,0.0,0.187,170024,1,0,5,59
XNjly5AtacMeq778gEzlwB,Velvet Shadow,The Waves,country,happy,0.498,0.548,0.482,123.9,-3.4,0.047,0.395,0.035,0.091,257029,3,0,4,42
MCBG9tvFsYKqhiSwhQDoa4,Restless Dream,Cole Voss,pop,playful|aggressive,0.769,0.315,0.32,106.6,-5.35,0.111,0.053,0.163,0.295,199315,11,1,4,50
8MX67uNRA8oZPwZwZmHCOl,Electric Rain,Ava Vance,electronic,romantic|tense,0.862,0.79,0.519,144.5,-5.0,0.013,0.012,0.429,0.273,225908,9,0,4,32
SDB1uXTnchFEcd7RMWPorx,Restless Fire,Finn Lark,electronic,dreamy|tense,0.585,0.758,0.484,119.7,-7.3,0.008,0.174,0.276,0.175,225613,2,1,5,54
IEgZvPhWoKSimteGBIBV5C,Wild Skyline,Kai Lark,hip-hop,tense|chill|romantic,0.952,0.695,0.561,105.8,-6.31,0.249,0.225,0.072,0.177,173585,0,1,3,73
GPaayNtAyzFQatavYSDfWJ,Bitter Light,Mira Wells,folk,playful|uplifting,0.351,0.305,0.63,107.3,-7.2,0.028,0.549,0.165,0.144,258487,4,1,4,77
AM1HIlYBqmV71RdOk4nF7i,Broken Garden,Nova Quinn,classical,chill|aggressive|romantic,0.466,0.357,0.514,116.3,-17.01,0.105,0.655,0.72,0.187,225989,2,0,5,53
KuTmIEzd0pi33NLg3qGMdj,Wild Shadow,Sena Lark,hip-hop,melancholic|aggressive,0.632,0.713,0.609,86.3,-8.68,0.073,0.256,0.0,0.083,225179,10,0,4,35
cOpkFopfD8ITsVQfW3VIYl,Burning Horizon,Zara Lark,metal,dreamy,0.155,0.796,0.333,132.3,-5.23,0.175,0.0,0.076,0.171,275896,5,1,3,26
hcy69lZbp3Asz19cc75Y1X,Faded Star,Iris Voss,latin,aggressive|energetic,0.882,0.727,0.642,79.6,-6.93,0.018,0.374,0.061,0.091,184608,6,1,5,66
r55RxPUq5zz4aZKB7q7H3q,Restless Fire,Leo Frost,jazz,romantic|nostalgic|tense,0.34,0.337,0.349,99.2,-14.03,0.059,0.618,0.176,0.272,233049,10,1,5,75
SS2uYDJyQqIhbEnXFQIAoU,Sweet Ghost,Nova Vance,pop,aggressive,0.755,0.641,0.549,114.2,-8.33,0.038,0.0,0.028,0.102,184471,3,1,3,25
LfBYCi2irmNEAkZRpMEJp6,Broken Dream,Wren Vance,r&b,chill|nostalgic,0.416,0.314,0.169,90.4,-7.49,0.0,0.118,0.018,0.171,187023,6,1,4,48
ucFWK7OzLfrCAb2PsZ6QKl,Sweet Rain,Reo Vance,reggae,playful,0.512,0.482,0.866,84.6,-6.74,0.072,0.378,0.0,0.07,231761,1,0,5,48
vjPuLIysULSRirqMJmRMiS,Silent Wave,Reo Ryder,latin,nostalgic|energetic|tense,0.871,0.937,0.632,102.1,-4.63,0.104,0.0,0.0,0.083,260993,5,1,4,31
Mz4wgmhl0Hc6g7T1wUhgun,Bitter Ocean,Nadia Cross,indie,melancholic|aggressive,0.682,0.344,0.594,121.3,-5.52,0.089,0.354,0.021,0.2,229402,9,1,4,23
iTKdMvFxdkk9CWZeMXFXvY,Hollow Horizon,Sena Shaw,r&b,energetic|aggressive,0.491,0.673,0.416,91.5,-9.22,0.092,0.41,0.0,0.143,250412,8,0,4,65
piUVEk6MEalEI6zrLhoQ9o,Electric Ghost,Nova Stone,r&b,nostalgic|dreamy,0.803,0.201,0.395,82.9,-10.84,0.111,0.289,0.157,0.091,281780,5,1,4,49
D0Rf1GBq4hs5xpWF5moBHy,Golden Skyline,The Fires,blues,tense,0.281,0.409,0.376,101.9,-11.47,0.016,0.844,0.233,0.236,294442,4,0,4,15
9gb9VfWruaBfzZZ5TPevcF,Neon Wave,The Blooms,hip-hop,happy|playful,0.831,0.598,0.589,89.9,-7.69,0.189,0.264,0.0,0.268,160567,1,1,3,50
Cr32h1zq2Ee8KU93MlfiTG,Broken City,Wren Knox,jazz,aggressive,0.649,0.332,0.525,112.5,-12.85,0.069,0.473,0.614,0.125,141887,9,0,4,33
6xxFNYvoSYzqVj3eUnRFNe,Electric Road,Iris Reyes,electronic,nostalgic|happy,0.71,0.8,0.464,126.2,-6.64,0.0,0.093,0.354,0.075,220781,3,1,3,22
8pGUV0QZ2an7AODPjmdc6D,Radiant River,Talia Cade,reggae,aggressive,0.784,0.511,0.503,78.9,-6.23,0.0,0.302,0.0,0.262,205604,3,1,4,16
sI3KO0SMdWdQQI3Uz3qBEw,Neon Star,The Roads,pop,energetic|happy,0.83,0.731,0.67,133.9,-0.52,0.064,0.072,0.0,0.162,164595,11,1,5,56
37oNhsbx0rwBIgkUYuNOqd,Electric Star,Zara Vance,latin,energetic|dreamy,0.883,0.762,0.76,97.8,-7.47,0.119,0.0,0.0,0.348,204554,3,0,4,63
Qs9fE6RNR3JYqnnQ3LJlgP,Golden Rain,Leo Quinn,reggae,chill|aggressive,0.808,0.65,0.807,101.0,-5.84,0.015,0.352,0.143,0.318,168787,5,0,4,45
9OR9Vc3ijaWMSUNlqzdD1A,Neon Light,Mira Shaw,indie,uplifting|energetic,0.466,0.364,0.473,123.8,-9.34,0.041,0.203,0.09,0.0,181799,2,0,3,27
gbRQCyMoIfRpydPiMgY1Y9,Radiant Light,The Rivers,classical,romantic|energetic,0.387,0.198,0.514,100.2,-16.75,0.061,0.812,0.943,0.182,204186,11,1,5,42
YYdP9bnedJkCVCphys4bL3,Restless Road,Nadia Hale,r&b,nostalgic|happy,0.703,0.32,0.318,91.2,-4.94,0.015,0.222,0.2,0.42,241441,11,0,4,48
G0DJ0unmKwBZHloCeeQYTE,Distant Garden,Cole Hale,pop,tense|happy,0.557,0.657,0.626,107.7,-5.57,0.0,0.003,0.0,0.119,211788,1,1,5,66
eqorjGUBUA1eNjS6WXVhaY,Neon Bloom,Wren Knox,indie,sad|energetic,0.516,0.509,0.582,117.6,-6.95,0.031,0.368,0.0,0.032,192360,9,1,4,57
4spaPi5OWnYJw7tuetHeJ0,Electric Rain,Mira Marsh,classical,aggressive,0.408,0.274,0.546,95.3,-19.47,0.0,0.878,0.81,0.023,165231,5,1,3,26
xPpZ4WInLRFrBUKxMBipFu,Distant City,Mira Quinn,pop,energetic,0.89,0.563,0.383,126.7,-4.82,0.117,0.054,0.275,0.115,166388,1,0,4,84
qCNZgGKb8lisU6X2JsK7oF,Midnight Storm,Reo Ryder,jazz,happy|playful,0.395,0.407,0.667,105.5,-7.7,0.029,0.587,0.473,0.118,175769,2,1,4,66
kIjeE3nWxm1q3V4x05H2fe,Burning Light,Wren Shaw,pop,romantic|melancholic,0.609,0.623,0.574,117.3,-3.34,0.0,0.369,0.07,0.17,261211,10,1,4,59
cVzKPtuEvODe32wPIPD9XD,Midnight Heart,Sena Frost,pop,melancholic,0.546,0.443,0.845,114.8,-4.35,0.067,0.0,0.0,0.256,205056,4,0,4,31
81vyabP5XzR0kaYecr3Xzy,Wild Echo,Kai Knox,indie,playful|tense,0.649,0.622,0.447,109.5,-6.13,0.118,0.334,0.046,0.103,207148,2,0,4,45
2jXawePFCH3u3lymDpdjov,Crystal Echo,Mira Hale,latin,chill,0.751,0.823,0.782,105.8,-6.64,0.026,0.551,0.04,0.023,159862,7,0,4,41
qWbt7odqqw2R6CyQ54inUS,Silent Echo,Jax Cade,pop,uplifting,0.757,0.781,0.823,109.5,-6.56,0.074,0.279,0.0,0.151,261348,9,0,3,48
BOfxu3PSoCt5hdoahUPQ3T,Electric Echo,Mira Marsh,r&b,uplifting|aggressive,0.665,0.504,0.524,79.2,-8.07,0.078,0.629,0.005,0.15,118970,2,1,4,93
X4f7TrpgccGiY7jrwblTv3,Radiant Dream,Zara Knox,indie,melancholic|chill,0.453,0.628,0.574,140.0,-5.96,0.062,0.584,0.046,0.115,262476,6,0,4,80
RYOltqsooJiG8vsxJlQzlD,Broken Road,Mira Wells,rock,tense,0.531,0.773,0.799,117.1,-6.09,0.016,0.101,0.106,0.194,226577,10,1,3,0
hiuJgOtsvqjld9ps5b1YUt,Midnight River,The Echos,rock,uplifting|romantic,0.474,0.797,0.779,135.7,-5.66,0.106,0.291,0.248,0.131,284224,10,1,3,8
9b5sCGLtOmLlGm33MiGv13,Lonely City,Ava Hale,hip-hop,chill|tense,0.91,0.72,0.425,99.8,-9.49,0.249,0.197,0.0,0.032,278316,0,1,4,67
NlOacgRa1Mf8LtbLXmX4UU,Hollow City,Rio Ryder,r&b,romantic|chill,0.563,0.392,0.43,88.4,-6.32,0.062,0.188,0.0,0.213,141141,2,1,4,37
c0sI4e2aM5d7w1BwtyoAqf,Radiant Bloom,Finn Stone,hip-hop,aggressive|energetic,0.488,0.526,0.336,90.1,-9.7,0.19,0.09,0.134,0.017,203683,11,1,5,72
yvJKelmPIEfLDlDzYMDzEW,Bitter Fire,Mira Voss,electronic,playful,0.571,0.863,0.514,117.4,-3.05,0.098,0.0,0.457,0.19,223706,2,0,4,33
TArWZW1UgZLI28QSaHe4x9,Burning Rain,Jax Blake,classical,uplifting,0.135,0.218,0.49,106.0,-11.62,0.048,1.0,0.789,0.216,129338,0,1,4,59
wA60hfoGQ5SOKcQYQtV6dA,Silent Light,Ezra Reyes,rock,energetic|tense|chill,0.511,0.841,0.748,116.9,-4.19,0.047,0.263,0.008,0.0,214423,0,0,5,73
VcqULBYR7yUgIO6Z6doZj7,Midnight Ocean,Kai Cade,country,uplifting|melancholic,0.551,0.341,0.576,100.8,-6.08,0.0,0.242,0.0,0.245,240023,6,1,4,65
fokKHJnno78B4hACVLdb4E,Broken Dream,Reo Shaw,reggae,nostalgic|happy,0.658,0.424,0.646,93.3,-8.62,0.059,0.315,0.04,0.138,183597,8,1,4,39
mf7MSh6fFYzM7og3hcog4O,Midnight Horizon,Nadia Knox,hip-hop,chill|romantic,0.864,0.728,0.282,102.2,-5.02,0.212,0.0,0.0,0.142,216397,9,1,3,47
0XtkMc8U1yiLIfq8ufcuLy,Silent Ocean,Ezra Vance,rock,uplifting|happy,0.436,0.686,0.652,120.5,-5.08,0.054,0.085,0.19,0.0,204451,9,0,4,68
vdxJcQJdgvxQuvOfqNdOmq,Restless Wave,Ezra Knox,jazz,aggressive|playful|energetic,0.518,0.426,0.548,125.9,-10.48,0.082,0.589,0.324,0.118,221261,7,1,4,44
hfqgiPp5phERnIOnzOs21i,Bitter Road,Wren Reyes,r&b,energetic|dreamy,0.699,0.453,0.328,74.1,-9.13,0.014,0.205,0.051,0.0,280570,4,0,3,62
GR60tb1nJn5WBtkwQefCO1,Radiant Horizon,Zara Shaw,latin,playful,0.78,0.63,0.745,113.7,-7.92,0.107,0.169,0.0,0.061,168822,2,0,4,1
fTgu3QmjTjEyPQPcntJrCV,Bitter City,The Horizons,,melancholic|dreamy,0.754,0.283,0.368,106.4,-10.2,0.108,0.103,0.0,0.189,219581,0,1,5,45
wrByTJcFWMD4IqlOxun0LS,Burning Dream,The Stars,jazz,nostalgic|romantic,0.488,0.503,0.484,102.7,-10.94,0.141,0.741,0.373,0.157,226721,9,0,3,42
FmM06qi4yyec9MM4x9IYoR,Lonely Horizon,Rio Reyes,indie,romantic|sad,0.447,0.543,0.442,135.2,-10.26,0.116,0.425,0.054,0.091,286441,1,1,4,33
kSnzVAZxTV019QLtko2ipy,Broken Storm,Zara Cade,classical,chill,0.418,0.137,0.313,95.6,-17.94,0.098,1.0,0.743,0.189,225895,3,1,4,11
WlbYyvyDbPkFpZ8FZz3fqM,Radiant City,Jax Reyes,metal,melancholic|tense,0.49,0.86,0.386,172.3,-1.76,0.053,0.0,0.0,0.094,183963,2,0,5,29
6A8k6eLJCRPfyX0ecicerT,Crystal Horizon,Nova Ryder,metal,energetic|romantic,0.526,1.0,0.412,111.7,-9.39,0.031,0.0,0.088,0.006,169169,2,1,3,19
GSw3A7teCw7bsYBx3IrDuf,Fading Shadow,The Shadows,folk,nostalgic,0.515,0.42,0.381,102.7,-10.73,0.079,0.883,0.155,0.0,239674,0,1,5,21
8c28UE6Pbdl00H4wYvOGi0,Lonely Skyline,Wren Blake,hip-hop,happy|sad|nostalgic,0.543,0.564,0.337,94.7,-4.13,0.157,0.261,0.058,0.207,201006,2,0,5,23
OMCHh9h7LVW0qwqTrGIcI1,Restless Memory,Nova Quinn,electronic,nostalgic|energetic|aggressive,0.767,0.736,0.191,133.8,-4.44,0.008,0.099,0.132,0.142,231738,6,0,4,53
1iBjAdxBerhJNjoteOVefL,Hollow Skyline,Jax Stone,electronic,chill|romantic,0.782,0.71,0.456,124.1,-6.72,0.005,0.0,0.416,0.169,230966,9,1,4,77
hNDfbT8j2Ps2XSv3eL9LhE,Lonely Bloom,Finn Shaw,r&b,uplifting|nostalgic,0.508,0.58,0.524,72.2,-6.11,0.084,0.0,0.0,0.174,266307,8,0,4,26
OcyCyTvnpYzoUp3bfKP8NB,Distant Storm,Finn Shaw,hip-hop,uplifting|aggressive,0.661,0.498,0.547,116.4,-6.95,0.255,0.245,0.0,0.022,255155,2,1,5,57
llv3PeFwWdNrlifv2av4UF,Wild Fire,Wren Vance,blues,uplifting,0.418,0.447,0.53,91.3,-4.75,0.034,0.593,0.124,0.064,212281,11,0,4,91
D8Z2E6Q40NaYuutNzcZhuu,Faded City,Jax Knox,country,aggressive,0.169,0.72,0.751,89.1,-8.63,0.099,0.727,0.0,0.112,247049,0,1,4,43
YqgpURl2y0b0s0M1so4YXu,Silent Bloom,The Hearts,blues,aggressive|dreamy,0.222,0.365,0.391,88.4,-12.25,0.098,0.612,0.243,0.094,239583,10,1,4,34
704A2wUw3IWcoN9HvSGSZC,Neon Horizon,Ava Vance,indie,sad|nostalgic,0.644,0.672,0.217,126.6,-9.78,0.0,0.388,0.16,0.127,262436,4,0,4,75
oEMaG6YryaLS40pUAVTCu5,Bitter Rain,Reo Wells,jazz,happy|tense,0.569,0.443,0.582,100.9,-13.19,0.076,0.649,0.365,0.279,174341,11,0,4,47
yMrx0vx0QrIg51iSsspikk,Midnight City,Iris Frost,reggae,romantic|dreamy,0.954,0.436,0.738,94.0,-7.38,0.036,0.127,0.104,0.154,218663,9,1,3,32
nulaccym5mpJQIE2ad07c9,Restless Wave,Nova Hale,metal,uplifting,0.247,1.0,0.418,158.8,-3.8,0.0,0.0,0.383,0.196,239488,1,0,3,18
IwXhNTwsFtyHqFpZ66XpF2,Distant Horizon,Zara Knox,reggae,happy,0.588,0.358,0.891,91.4,-7.64,0.018,0.365,0.018,0.272,251380,10,1,3,57
H4NNegS6RIZkFBND99lk1r,Hollow Horizon,Leo Voss,hip-hop,melancholic,0.604,0.638,0.563,102.0,-3.52,0.143,0.167,0.0,0.2,204219,11,0,4,33
A0IskInUIJJmbXexsposDa,Crystal Shadow,Talia Lark,jazz,playful|melancholic,0.683,0.269,0.227,114.4,-9.91,0.018,0.677,0.306,0.312,239432,11,1,4,17
XmREH00Tr81upEt7HnXsYs,Bitter Echo,Wren Wells,r&b,uplifting,0.449,0.419,0.46,82.2,-9.73,0.136,0.254,0.087,0.076,165803,10,0,5,30
a3yEx41Z4uSbv5DBI0upXr,Fading Echo,Nadia Knox,indie,melancholic|uplifting,0.523,0.635,0.465,127.4,-7.49,0.08,0.127,0.173,0.125,244048,8,1,4,68
lA61FExnLmKmaUanZRt4rz,Wild Garden,Leo Blake,hip-hop,nostalgic|happy,0.813,0.622,0.603,91.4,-8.14,0.227,0.0,0.0,0.024,254524,6,0,4,9
YQCOdDJGKAYcHxYkjoiN6B,Neon Memory,Kai Blake,folk,chill,0.345,0.226,0.565,107.5,-12.33,0.079,0.749,0.142,0.178,207265,8,1,3,61
wElpXtDKQZzs5z7L1Ua7aY,Radiant Fire,Wren Blake,hip-hop,sad,0.889,0.597,0.258,116.2,-7.96,0.178,0.075,0.0,0.33,229152,0,1,5,34
GFqYAUfOZH8XFiW8kOqKUC,Faded Road,Ezra Quinn,country,melancholic|energetic,0.595,0.444,0.525,114.4,-5.47,0.085,0.331,0.03,0.19,263593,3,1,4,68
RLT4ECisGocn4Ev1KEuwnO,Wild Dream,The Echos,country,dreamy|melancholic,0.659,0.544,0.384,104.4,-6.54,0.06,0.361,0.083,0.11,179195,5,1,4,54
rzM5pPjH1N7HYlIhoyGooR,Burning Road,Zara Vance,blues,romantic|nostalgic,0.398,0.661,0.544,97.1,-8.17,0.052,0.657,0.187,0.261,197259,6,1,4,60
vNzzRjYsojVUS8rtTNKxLz,Restless Storm,Finn Blake,jazz,nostalgic|happy|aggressive,0.524,0.389,0.643,112.2,-9.67,0.11,0.537,0.304,0.225,214010,11,0,3,45
yRJgwdXG8NiTgDGYNbCcP2,Faded River,Talia Ryder,electronic,aggressive,0.823,0.797,0.429,122.3,-9.98,0.022,0.246,0.245,0.154,216399,7,0,3,0
wbVYpKRIXjaX3alHtspeYR,Lonely Shadow,The Storms,latin,energetic,0.857,0.559,0.494,103.5,-5.98,0.042,0.159,0.034,0.237,256209,10,1,4,36
ViPwyekbr6FfDB8LCZ2bmo,Radiant Rain,Wren Stone,indie,happy,0.506,0.675,0.812,115.7,-6.38,0.0,0.151,0.0,0.255,220012,6,0,4,48
0IlB8oJhUx0jiZTHZJk1ar,Radiant Garden,Sena Cross,,energetic,0.543,0.804,0.57,143.6,-5.95,0.056,0.0,0.47,0.106,210546,4,0,5,19
6qfK96VKf8gK395dICHhRo,Endless River,Reo Voss,latin,aggressive,0.647,0.747,0.6,96.7,-8.09,0.058,0.215,0.0,0.069,266998,2,1,4,55
EtMjwTZDhrIY4o4bv90V7c,Wild Fire,Finn Cade,rock,playful|uplifting,0.457,0.909,0.718,144.9,-4.64,0.026,0.109,0.1,0.056,290963,11,0,3,44
WEJFh0j6wH6afcdDKg3t8x,Burning Ghost,Nadia Ryder,folk,tense|energetic,0.507,0.557,0.654,105.9,-8.69,0.074,0.615,0.011,0.184,270740,9,1,3,2
I3E3YgZjQ0GGUVqNzqcvqm,Electric Ocean,Nadia Stone,rock,chill|tense|sad,0.625,0.896,0.445,124.3,-5.04,0.074,0.0,0.175,0.102,203062,10,1,4,83
eVSSrwOnB1qv2PeiVWutnz,Fading Fire,Talia Blake,r&b,chill|uplifting,0.669,0.547,0.665,71.8,-4.38,0.0,0.157,0.034,0.201,218210,2,0,3,82
bkaEMuV1vN6gqYKHDnl4Y3,Neon Bloom,Leo Cade,electronic,energetic|happy,0.784,0.794,0.429,124.6,-5.34,0.061,0.013,0.441,0.218,235356,6,1,4,58
0YE3dxBGayzrObck0YPg6U,Sweet Ghost,Jax Hale,metal,chill|aggressive,0.099,1.0,0.417,165.7,-2.3,0.023,0.012,0.0,0.073,207197,2,1,4,46
tvnYxPiOvAPUQgcZoyMg9T,Burning Shadow,Toma Shaw,classical,happy|melancholic,0.363,0.182,0.524,84.6,-15.47,0.068,1.0,1.0,0.224,222160,6,1,4,18
VVaZiLO1hazMFqpA84sKyD,Restless Echo,The Blooms,blues,melancholic|chill,0.431,0.348,0.46,109.2,-9.32,0.022,0.586,0.047,0.042,220543,11,1,4,55
2ApLo7MUN72kdfk8PEE0AW,Golden Shadow,Rio Reyes,blues,romantic|tense,0.404,0.44,0.465,98.2,-7.3,0.039,0.539,0.201,0.081,289968,2,0,3,50
eofq5mEBn6iv0BVoWo0CVj,Crystal Bloom,Nadia Wells,jazz,chill|happy|nostalgic,0.491,0.374,0.596,116.2,-6.08,0.04,0.66,0.262,0.0,260050,10,0,4,46
iSVbnaNvOfisDZqfQlEvSq,Lonely Ghost,Talia Quinn,rock,uplifting|tense,0.547,0.786,0.602,124.6,-6.73,0.066,0.387,0.185,0.336,235049,3,0,4,59
4lsFq3cgbdrlkajhvGxXpA,Crystal Fire,Wren Quinn,jazz,chill|uplifting|dreamy,0.671,0.268,0.821,110.2,-7.45,0.0,0.641,0.26,0.199,148835,6,0,5,31
pPe0qYQ2ns4nLZR9GnOGJu,Velvet Rain,Sena Cross,jazz,aggressive,0.613,0.538,0.597,101.3,-10.01,0.112,0.498,0.332,0.229,243890,1,0,4,54
nULYaE9yGpItgiSmzhPfh0,Velvet Light,Reo Hale,blues,tense,0.629,0.357,0.425,112.1,-8.74,0.194,0.696,0.149,0.071,208789,10,1,3,47
Gwrqj0emeDdx5RHLwoyBWt,Distant Garden,Mira Voss,indie,aggressive,0.697,0.623,0.737,89.8,-9.59,0.097,0.422,0.148,0.0,192606,6,1,4,46
NA1m7RogEWFWAopfdODV4h,Fading Ghost,Zara Reyes,pop,happy,0.461,0.691,0.725,117.9,-6.5,0.043,0.2,0.018,0.0,204588,8,0,4,56
eE0DKls6W28gfFd2Y6VVoH,Fading Star,Zara Reyes,classical,chill|tense,0.244,0.475,0.434,112.5,-15.72,0.028,0.797,0.658,0.076,169529,2,0,4,85
01pw1HhI0HPOWZcVZhDyqF,Electric Storm,Ezra Ryder,indie,aggressive,0.609,0.848,0.659,126.8,-12.07,0.007,0.439,0.073,0.0,114017,10,1,3,21
Ctixm4ksjOl7p6YidALdzH,Hollow Horizon,Zara Lark,metal,tense,0.263,0.736,0.567,125.8,-7.39,0.055,0.133,0.247,0.192,270501,5,0,4,39
hfJICiAN8MkEzR9DkzrK5s,Golden City,Sena Cade,pop,aggressive|energetic,0.631,0.712,0.39,123.8,-6.15,0.092,0.389,0.169,0.254,280242,4,0,5,61
TnpHsPqpH4N7QzoTnqX3Ih,Wild Dream,Reo Wells,folk,aggressive|happy,0.524,0.412,0.677,103.3,-12.05,0.043,0.895,0.0,0.1,236973,11,0,4,64
Qkrq5LhfNJkykZnbGg3Ypz,Distant Bloom,Iris Lark,blues,chill|playful,0.688,0.333,0.459,82.5,-7.99,0.057,0.658,0.189,0.201,207984,2,0,4,8
U3Xg3pi7tM3RdyMdE1dObi,Wild Skyline,Wren Stone,jazz,tense|dreamy|happy,0.717,0.342,0.254,111.7,-6.17,0.098,0.168,0.011,0.286,266066,11,1,3,15
s89TrBEU0FzKGlM9jqcyu3,Fading Skyline,The Shadows,country,sad,0.635,0.553,0.529,119.6,-5.3,0.07,0.262,0.115,0.304,235268,1,0,4,91
LL8EHJnh1y9A9YOkUlqw0X,Bitter Light,Ava Ryder,classical,dreamy|romantic,0.304,0.334,0.545,82.2,-16.24,0.125,0.868,0.831,0.116,125119,5,1,4,18
uM8HN0xzXFUL0jj1EScLOb,Sweet Light,Ava Cross,latin,dreamy|playful,0.929,0.696,0.73,95.3,-5.51,0.005,0.31,0.0,0.317,236115,9,0,5,20
WuFEJLIlVR07EAODFZcC9s,Golden Light,Nova Knox,r&b,happy|tense,0.563,0.598,0.436,87.9,-5.13,0.101,0.029,0.0,0.103,203552,2,0,4,38
DCRPRc5uLeTp0UAh0IuyS9,Neon Horizon,The Lights,electronic,playful,0.873,0.474,0.413,114.5,-1.03,0.025,0.0,0.068,0.337,232397,4,0,3,41
neqkjmwtIcPQWerNzcLZgR,Fading Fire,Cole Hale,jazz,dreamy,0.461,0.355,0.606,118.5,-9.48,0.096,0.297,0.381,0.114,201822,3,1,3,51
XeI00tH8l5bh5I4xAvX0qw,Velvet Rain,Mira Frost,folk,dreamy|happy|tense,0.527,0.114,0.579,113.4,-10.41,0.092,0.805,0.119,0.122,196841,9,0,4,41
7zKVohr7RjXFE5mRsLga2v,Lonely Rain,Sena Quinn,electronic,nostalgic|romantic|dreamy,0.714,0.677,0.269,124.0,-5.35,0.108,0.264,0.283,0.085,207339,11,0,3,69
zbzv2V2hIfpoHl0VUlOrrM,Silent Fire,Jax Stone,metal,uplifting,0.306,0.969,0.629,127.6,-10.41,0.04,0.0,0.124,0.213,237228,9,0,5,48
f85FI887As2OntrEVDj8JO,Endless Wave,Wren Marsh,jazz,uplifting|energetic,0.739,0.266,0.708,127.1,-15.08,0.111,0.526,0.303,0.117,223878,1,0,4,73
8ij124kwosjmz0t0sAXbPR,Broken Dream,Mira Voss,country,playful|happy,0.55,0.613,0.823,117.7,-10.55,0.133,0.275,0.044,0.077,223734,8,1,5,66
8FZb4IOA8K7PtlcyIVdiPG,Silent City,Ava Lark,hip-hop,happy|playful,0.832,0.632,0.604,79.1,-9.43,0.287,0.174,0.0,0.176,151086,2,1,4,33
lWbGHHrxFN3sFdyCawaayJ,Burning Skyline,Reo Lark,rock,happy|tense,0.388,0.62,0.74,132.8,-6.15,0.091,0.0,0.0,0.149,169133,3,1,4,58
cNyDL5rMZQ4xL6ozGVjrP8,,Sena Blake,blues,sad,0.345,0.383,0.394,94.3,-11.14,0.003,0.611,0.289,0.239,186123,4,0,4,54
QZrqpJRBcE3ncmh51Bo5KX,Distant Wave,The Citys,indie,sad|chill,0.704,0.595,0.205,111.3,-9.69,0.0,0.336,0.077,0.243,239964,3,0,4,29
I3nNG8JLk8qd6KhhgVzaNg,Fading Ocean,Sena Vance,hip-hop,aggressive|sad|tense,0.669,0.651,0.68,103.5,-9.33,0.272,0.152,0.134,0.167,187684,6,1,4,52
wV4XNbbEtdXhOkoBy4y92t,Faded Shadow,Zara Quinn,classical,playful,0.37,0.281,0.826,88.8,-15.88,0.072,0.81,0.92,0.14,212967,0,1,4,38
JUidzfC1u5zPKHDHA3W5Um,Burning Storm,Iris Marsh,country,happy|uplifting,0.667,0.536,0.754,111.0,-9.22,0.039,0.434,0.0,0.247,287472,0,1,4,13
ExPk8C9ENCWWYYuHHEaBsX,Fading Bloom,The Memorys,electronic,happy|tense,0.817,0.751,0.61,114.4,-3.53,0.018,0.0,0.535,0.305,235391,9,0,4,38
NIjeKGn8NBYi28fBv5TF2A,Bitter City,Zara Hale,folk,nostalgic|chill,0.554,0.187,0.267,115.4,-12.47,0.052,0.766,0.05,0.145,175531,1,1,4,22
UWVkx04uo9qXAY5fOBLucd,Crystal Fire,Ava Quinn,indie,sad|happy,0.412,0.511,0.537,103.1,-13.62,0.025,0.142,0.073,0.03,167435,5,0,5,45
6qw6O53rMnNWTStstZ8DEi,Wild Memory,Talia Ryder,jazz,playful|tense,0.402,0.524,0.432,109.8,-12.39,0.084,0.583,0.25,0.197,227932,9,1,4,78
siKGNZ3FepsZ0co66Z5mwN,Restless Star,The Blooms,electronic,energetic|aggressive,0.82,0.802,0.48,111.8,-4.75,0.101,0.0,0.153,0.274,305685,6,0,5,32
IxfUmKocRO26QlDTlJyaiD,Restless Echo,The Rains,r&b,dreamy|melancholic,0.723,0.559,0.213,96.6,-8.6,0.043,0.0,0.089,0.081,203508,6,1,4,7
bfcqogGS13MVej9dSaWLbV,Sweet Star,Cole Shaw,metal,energetic,0.311,0.908,0.193,154.0,-3.56,0.149,0.0,0.0,0.326,151234,7,1,4,47
rIXBudQCoBnAhOqaDkuj71,Wild Horizon,Jax Ryder,country,aggressive,0.604,0.714,0.838,114.6,-3.01,0.12,0.268,0.0,0.236,190695,10,1,4,69
EP18Ergf5J5rlRHZD0WE6p,Sweet Skyline,Iris Shaw,metal,energetic,0.55,0.813,0.577,136.3,-6.52,0.099,0.033,0.186,0.065,237751,11,1,3,35
diRud0AkFVRmDdyHxsbvOq,Fading Fire,Sena Shaw,metal,sad|energetic,0.408,0.862,0.157,130.4,-4.86,0.085,0.094,0.0,0.079,166598,5,0,4,28
tFrGItSDTbX8QJifRPFEAi,Neon Garden,Nova Frost,hip-hop,uplifting,0.786,0.793,0.717,116.1,-7.35,0.199,0.0,0.0,0.035,140313,11,0,4,68
JCRQKXZYz3TgNViaIRubec,Neon Light,Sena Blake,folk,romantic|playful,0.613,0.469,0.562,105.6,-9.43,0.006,0.589,0.141,0.229,206013,2,0,3,71
DcXCPPv5KnsQNt3PyVHjCC,Burning Ocean,Leo Voss,classical,nostalgic,0.153,0.289,0.184,114.9,-16.84,0.017,0.728,0.791,0.154,179903,5,0,3,44
RxwB03QnwBuwIjsnbx6lYa,Radiant Ghost,Rio Voss,metal,tense|energetic|romantic,0.415,1.0,0.408,141.7,-2.79,0.042,0.0,0.0,0.231,199003,4,1,4,56
RF9maujkiujptJepvbQ6uA,Sweet Skyline,Sena Marsh,latin,tense|playful,0.785,0.736,0.756,86.7,-8.19,0.071,0.118,0.125,0.225,219276,0,0,4,28
j89KukhilPg3wMlVfryu0x,Bitter Skyline,Jax Ryder,pop,happy|sad,0.483,0.816,0.648,119.4,-5.21,0.036,0.165,0.0,0.039,133578,0,1,5,45
y4q2KepZXTsratMWymqhTG,Burning Wave,Finn Wells,reggae,aggressive|chill,0.718,0.814,0.506,82.1,-9.13,0.0,0.047,0.0,0.042,205368,4,0,3,53
SZFyViYNOqypBCEjD2kiMl,Hollow Fire,Zara Cade,reggae,happy|nostalgic,0.845,0.601,0.531,100.9,-8.96,0.107,0.526,0.212,0.006,217464,3,0,4,16
sm9LKkUqGo4alUPgaHCHCa,Fading Fire,Cole Frost,indie,dreamy|tense|chill,0.466,0.359,0.494,105.6,-11.14,0.121,0.235,0.191,0.208,229879,11,0,4,38
jWMoJoh3euMVlrEcW1fuLH,Golden Storm,Wren Stone,electronic,nostalgic|tense|chill,0.626,0.761,0.337,113.3,-0.19,0.079,0.0,0.258,0.252,241433,2,1,4,82
WJPhl7X1AEw2MMI8IjR3kN,Restless Dream,Kai Shaw,pop,aggressive|romantic|tense,0.797,0.744,0.475,118.0,-6.54,0.14,0.336,0.0,0.161,153108,6,1,5,68
nM6SouLtfdLT3cHnQOEFCu,Crystal Storm,Rio Cade,classical,tense|happy,0.181,0.027,0.295,90.8,-17.26,0.002,0.895,0.688,0.075,269499,11,0,4,50
QnnWFmSGTLRU4LVoaPHlFA,Wild Dream,Jax Knox,folk,melancholic|dreamy,0.391,0.335,0.405,101.3,-10.89,0.163,0.692,0.157,0.233,268606,10,1,4,60
ygjufcpeAD1bIAhVHM9dEP,Sweet Storm,Toma Lark,folk,dreamy|sad|nostalgic,0.343,0.381,0.585,91.7,-7.75,0.058,0.924,0.156,0.168,226397,7,0,4,53
yWRLLCL5OoUyGFkGD1H3OG,Endless Fire,Rio Vance,latin,happy|melancholic|chill,0.948,0.684,0.559,114.6,-5.66,0.06,0.326,0.044,0.107,181578,8,1,5,50
0zFxzQkwv9j1X8H4VE1ulR,Bitter Garden,Talia Knox,classical,energetic|aggressive,0.174,0.306,0.426,86.2,-15.87,0.0,1.0,1.0,0.112,224038,1,0,4,19
owSogqT6UFdRs8lPsKNWmf,Restless Star,The Rivers,electronic,energetic|sad,0.893,0.717,0.6,127.3,-1.2,0.0,0.0,0.361,0.0,189326,2,1,4,71
27ORwLZAcis85xdoOGMVXw,Neon Heart,Zara Reyes,metal,aggressive|energetic,0.603,1.0,0.183,161.3,-5.73,0.055,0.106,0.049,0.067,186682,2,0,4,0
ZU8lLbDcxZJecQbBOteUJ4,Distant Wave,The Memorys,blues,sad,0.271,0.596,0.0,90.4,-9.38,0.048,0.368,0.161,0.0,252950,11,0,4,78
MGaFgvkreaxdq6CPrsXPha,Endless Road,Mira Vance,r&b,nostalgic|tense|aggressive,0.525,0.477,0.574,78.1,-4.89,0.037,0.204,0.019,0.185,274911,10,1,5,60
EWqO8yrsK2e19HFBjD7xX2,Hollow River,Toma Hale,pop,playful|tense,0.689,0.585,0.625,115.9,-5.12,0.0,0.0,0.061,0.077,216337,10,0,4,66
dsDQ6tU8DdolsiBsTRrUHF,Hollow Wave,Nadia Ryder,electronic,aggressive|melancholic,0.597,0.802,0.259,103.1,-5.73,0.046,0.0,0.475,0.284,264669,10,1,4,33
LNaTjxTUr7Z97dr8n1FJSK,Fading Skyline,The Ghosts,country,energetic,0.568,0.614,0.353,140.5,-7.81,0.057,0.572,0.122,0.259,169580,5,0,5,2
wW6WHQdVxvjBUefqmVWoME,Neon Road,Kai Cade,r&b,nostalgic,0.57,0.489,0.542,106.3,-7.87,0.0,0.317,0.007,0.175,243528,1,0,4,53
e3xdMgn2WgYIiaHeWm6IOb,Crystal Fire,Wren Ryder,metal,energetic|melancholic,0.363,1.0,0.193,133.4,-4.8,0.093,0.1,0.093,0.123,214721,9,1,4,49
DNFuGZDnTwkDMsdMT48FZP,Midnight Bloom,Toma Hale,r&b,sad|nostalgic|aggressive,0.569,0.662,0.312,91.1,-9.81,0.165,0.461,0.0,0.261,237304,3,1,4,25
86kzf3KrzL15XE6JgZXXsy,Lonely Storm,Iris Voss,electronic,aggressive,0.733,0.85,0.248,133.6,-2.58,0.041,0.051,0.483,0.0,165451,3,0,4,74
FeS4WSRloIQpLgZGaHdrzY,Electric Bloom,Kai Lark,country,playful,0.661,0.232,0.787,109.9,-8.62,0.04,0.559,0.0,0.258,276227,7,0,3,10
keXzdfGdkggIQ7housVGXj,Velvet Light,Kai Blake,electronic,energetic|nostalgic|melancholic,0.762,0.848,0.273,124.0,-6.95,0.052,0.0,0.397,0.114,242966,2,1,4,20
Au12ftBGjMGJzv86HwS8pm,Wild Rain,Leo Quinn,electronic,romantic|uplifting,0.772,0.626,0.585,133.2,-7.26,0.065,0.198,0.314,0.267,228144,4,1,4,44
1dBv7aIu7KQY01J5SuR6Nt,Broken Star,The Roads,rock,romantic|dreamy,0.603,0.654,0.472,116.1,-6.59,0.058,0.157,0.234,0.184,199252,9,1,4,0
18lyooLReRizvDZHvjvmPh,Neon Rain,The Dreams,reggae,romantic,0.773,0.717,0.788,79.2,-9.2,0.09,0.627,0.182,0.238,238583,4,1,5,69
ikphiWN5KKmYACwAQ1MTTC,Velvet River,Sena Shaw,blues,chill,0.555,0.397,0.717,102.0,-12.49,0.121,0.292,0.171,0.211,172505,9,1,4,53
eMeoioy2qkYd01ODP3Yjsc,Burning Fire,Iris Cade,rock,tense|romantic,0.778,0.652,0.438,139.4,-3.78,0.026,0.146,0.2,0.094,186570,5,1,4,56
9IMPRYLgIyiUtpfmGPC3kg,Burning Garden,,folk,dreamy,0.495,0.394,0.551,107.4,-9.07,0.045,0.765,0.049,0.111,256715,8,1,4,61
76Yvt6FdP7My7Dyd36JHyI,Midnight River,Nova Vance,hip-hop,energetic|tense|uplifting,0.73,0.61,0.852,114.6,-9.25,0.153,0.025,0.057,0.176,239704,8,1,4,57
D3Lxz8pXiNpKKavL2HeieQ,Electric Rain,Mira Quinn,jazz,energetic|dreamy,0.557,0.361,0.521,109.6,-13.55,0.0,0.549,0.641,0.081,150962,6,0,5,32
k7wfUEsrrSy1pBHOL3lqVt,Crystal Skyline,Zara Frost,reggae,energetic|tense,0.977,0.729,0.847,82.8,-5.69,0.143,0.0,0.0,0.068,212339,2,0,4,54
Karn86QLsEMK87Ik8JJy8I,Fading Ocean,Reo Ryder,electronic,tense,0.797,0.789,0.594,142.0,-8.71,0.116,0.001,0.413,0.201,232328,5,0,4,44
G9XFcQ1mhmMVQGYhz1Fo5q,Lonely Ocean,Nova Cross,latin,tense|dreamy,0.671,0.622,0.789,100.8,-5.06,0.087,0.274,0.222,0.167,237152,0,0,4,53
lz7RJHbH666qIra0v5ybzH,Burning Fire,Rio Stone,reggae,tense|sad,0.763,0.456,0.651,80.3,-7.16,0.091,0.285,0.0,0.252,228748,1,0,4,69
RArhoAEFWiASI8k8YKoPXo,Restless Shadow,Talia Cross,indie,chill|dreamy|playful,0.672,0.471,0.636,119.6,-7.79,0.074,0.287,0.019,0.019,211433,11,1,4,58
GH83pDLFHVvrwRxbMkkYmc,Burning Memory,Kai Stone,metal,tense,0.314,0.737,0.488,125.7,-6.04,0.084,0.123,0.19,0.128,190258,8,0,5,35
voSBPPnLlkHBlJIuIvorMT,Fading City,Nova Hale,indie,sad|aggressive,0.494,0.767,0.349,109.6,-8.35,0.045,0.784,0.052,0.173,182416,11,1,4,46
tPqPShUU5tpMNC6i95Nn5u,Burning Storm,Talia Cross,jazz,dreamy,0.57,0.342,0.451,121.7,-9.04,0.07,0.084,0.387,0.0,176609,1,1,4,61
YV9F2c3tdBebSk3MU65Il2,Broken Garden,Finn Lark,r&b,nostalgic|tense|energetic,0.694,0.524,0.346,79.6,-5.9,0.064,0.0,0.002,0.236,182349,2,0,4,34
YwnBw7OMbsN5bENQgxtkuU,Broken City,Iris Blake,r&b,melancholic,0.517,0.46,0.366,86.1,-5.97,0.053,0.172,0.006,0.048,188884,0,1,3,53
rlDwcksL6YIEcjaGuHOR14,Silent Storm,Talia Wells,indie,dreamy|uplifting,0.18,0.596,0.377,120.2,-9.31,0.06,0.269,0.103,0.104,206651,0,1,4,24
HEcnc0uRoOmoJU5TKhViVf,Midnight Rain,Ava Voss,jazz,uplifting|chill,0.619,0.637,0.717,110.8,-9.33,0.018,0.668,0.36,0.069,181848,1,0,5,75
b76A0WvC4vAgz6Fn59il7D,Electric Road,Zara Stone,folk,playful,0.495,0.176,0.643,115.2,-11.21,0.076,0.799,0.143,0.262,210325,3,0,3,61
ghvug9Mj7wd2L43M3gFhxA,Endless Wave,Iris Voss,electronic,melancholic|aggressive,0.419,0.774,0.478,109.6,-7.71,0.045,0.097,0.268,0.101,154378,11,0,5,45
AC49mBjQBgEfOKmeTv3W8h,Hollow Ghost,Nadia Ryder,classical,dreamy,0.106,0.288,0.475,93.2,-12.48,0.086,0.872,0.718,0.146,182111,0,0,5,72
bSBjrta24rpPDoIgFPGpDl,Endless Heart,Reo Marsh,electronic,happy,0.722,0.869,0.893,131.7,-2.37,0.05,0.0,0.227,0.241,283725,3,0,5,63
ZqgSmPZygdwN4PYO4bjHbj,Wild Heart,The Roads,rock,chill,0.667,0.799,0.519,117.2,-7.53,0.0,0.088,0.0,0.152,213638,6,1,4,34
iXEyM4FkZeZbzQ1xroBl9W,Fading Garden,Wren Vance,metal,nostalgic,0.266,0.972,0.432,141.1,-5.36,0.081,0.0,0.181,0.308,153673,11,0,4,25
ScpuWG8fuxm6ZvtPw4GCCf,Golden Fire,Iris Lark,electronic,energetic|tense,0.88,1.0,0.492,86.0,-4.48,0.106,0.132,0.255,0.091,169165,6,1,4,90
Je9Bau3wO13rxDrzu3v2U6,Sweet Star,Iris Shaw,classical,uplifting|playful,0.079,0.199,0.526,80.8,-19.88,0.032,0.727,0.742,0.07,155414,1,0,4,22
aKBqfHA9pzCZnC94CKmwZs,Sweet Wave,Reo Vance,electronic,tense,0.693,1.0,0.591,120.1,-5.62,0.048,0.236,0.38,0.122,183929,3,1,3,65
zLDK1ZQikpaXFvjYBv8GiU,Silent City,The Rains,pop,happy|tense,0.931,0.81,0.433,131.0,-3.18,0.155,0.074,0.0,0.208,184870,7,0,3,22
4DI1yHE0Wl21cok70gr1pR,Distant Road,Nova Marsh,electronic,sad|uplifting,0.848,0.777,0.541,108.1,-5.01,0.046,0.106,0.133,0.0,174546,8,0,4,48
cWLHq13APZM56RTLF7MmNI,Silent City,Kai Quinn,r&b,romantic|nostalgic,0.669,0.532,0.303,95.9,-8.34,0.077,0.276,0.187,0.23,93561,7,0,5,50
zxGypUtrVUFVIplzQkqMMe,Fading Fire,Nova Stone,hip-hop,romantic|tense,0.78,0.863,0.43,94.6,-7.46,0.239,0.153,0.0,0.252,238328,11,0,4,60
RnoBSqVP8fLcMnDapaw8af,Golden Ghost,Leo Quinn,electronic,playful|aggressive,0.697,0.8,0.351,146.6,-5.7,0.118,0.0,0.468,0.159,192348,9,0,4,33
EtimY1iIhiHmYg0Gqsu9yZ,Faded Rain,The Oceans,blues,sad|aggressive,0.264,0.499,0.258,95.8,-11.66,0.044,0.563,0.114,0.266,262532,3,0,4,44
Pg0xjdSXMseZSJeGqDJBjg,Bitter Horizon,Sena Cross,metal,melancholic|aggressive,0.255,0.719,0.397,178.5,-4.37,0.078,0.0,0.0,0.047,209082,10,0,5,54
7NNNBoUFzTaQTlsKnSWYQi,Sweet Shadow,Kai Lark,electronic,nostalgic|chill|happy,0.751,0.905,0.479,114.1,-8.14,0.0,0.0,0.088,0.227,258881,1,0,4,53
34vl3t6jD8HsJhKkGVxPw0,Fading Road,Talia Shaw,metal,tense|energetic,0.485,1.0,0.549,129.9,-3.69,0.0,0.0,0.129,0.314,245018,1,0,4,47
KYDvnjtVksYZUO0K8sUjWa,Radiant Light,Iris Knox,r&b,chill|nostalgic,0.808,0.455,0.371,97.5,-10.62,0.031,0.295,0.132,0.046,267608,3,0,4,44
W8A7zmQF0oiGGGSzjwGtiQ,Midnight Skyline,Mira Stone,jazz,sad|dreamy,0.503,0.456,0.475,124.9,-12.19,0.012,0.508,0.261,0.115,188606,9,0,5,52
at6uMTJWgI7gxdWVsP8LEQ,Sweet River,Nadia Reyes,latin,romantic|sad,0.585,0.538,0.581,108.4,-5.95,0.14,0.234,0.009,0.183,232959,2,0,4,54
phxLKXgT2c9cAwoRIfzDQ4,Distant Skyline,Reo Knox,jazz,melancholic|dreamy|chill,0.438,0.273,0.527,92.7,-10.1,0.043,0.587,0.451,0.325,281454,0,0,4,14
RS3nRMWw6AhKzE4Fv2wNSq,Faded Road,Rio Vance,pop,energetic,0.888,0.725,0.557,124.2,-5.11,0.057,0.308,0.0,0.142,229237,2,1,4,64
bQ9BCq1E7h6BNv3BPJZ4Ad,Electric Garden,Wren Vance,electronic,playful|energetic|nostalgic,0.512,1.0,0.717,133.1,-4.92,0.0,0.0,0.442,0.23,241370,3,1,4,75
iMkyqaSzgt4i2qjhWqzAwY,Electric Star,Toma Marsh,classical,dreamy,0.401,0.172,0.457,114.6,-11.71,0.037,1.0,0.661,0.084,208719,11,0,4,38
DOb9LX9QsXaJqmVjpSE9ul,Lonely Dream,Sena Blake,country,tense,0.662,0.705,0.692,130.7,-6.34,0.067,0.158,0.065,0.0,155377,5,1,3,82
o7bbrgWgKOuBMv8HbzujAC,Wild Wave,Nadia Cross,country,playful|tense,0.479,0.521,0.544,122.8,-4.36,0.109,0.226,0.233,0.016,221965,0,1,4,88
YUCirfc4k1TGwAndCgoqAI,Neon Road,Kai Blake,jazz,happy|romantic,0.576,0.541,0.713,112.2,-10.52,0.05,0.382,0.431,0.154,257932,11,0,3,17
946y6gf37E1ywqBnZartG7,Velvet Star,Reo Vance,indie,sad,0.491,0.447,0.088,83.9,-5.1,0.078,0.399,0.196,0.0,171917,0,0,3,36
ddmmtjHb9640tBxSJXy8rW,Midnight Bloom,Wren Quinn,latin,tense,0.807,0.819,0.467,94.4,-7.85,0.123,0.189,0.179,0.139,277025,5,1,5,29
epZFt8k3JCdffHNLY1CgKb,Endless River,Leo Ryder,hip-hop,melancholic,0.7,0.831,0.037,89.6,-11.53,0.276,0.001,0.0,0.21,299217,4,0,5,65
2fDnhiDtoKXZ73QGhZ2c6U,Golden Rain,The Hearts,blues,sad|happy|nostalgic,0.448,0.505,0.268,87.0,-8.46,0.109,0.632,0.149,0.301,135909,8,1,4,39
9QTEqhZgmZ7Y4P9iHr7kRT,Sweet Light,Kai Vance,jazz,happy|aggressive,0.401,0.368,0.626,106.3,-10.47,0.092,0.678,0.305,0.232,295435,11,0,4,50
Zu8YqVxw1UbRkxUVDeEVzU,Midnight River,Talia Cade,blues,happy|chill,0.47,0.69,0.74,104.1,-11.08,0.064,0.257,0.043,0.277,223611,0,1,5,61
cdykwrwiw9oekeIoWeLN6O,Burning Fire,Reo Reyes,country,uplifting|aggressive,0.509,0.434,1.0,96.3,-3.73,0.096,0.294,0.018,0.092,283937,2,1,4,37
UstK1J5Z2uMIqhaEz4JA1c,Bitter Bloom,Finn Cross,indie,tense|dreamy|romantic,0.451,0.669,0.255,132.7,-11.17,0.028,0.481,0.142,0.0,195066,4,1,4,43
uxKN9IaySyWTQOK0BOMmyT,Broken Horizon,The Dreams,electronic,sad|aggressive,0.746,0.757,0.347,125.3,-4.96,0.052,0.18,0.472,0.11,232643,5,0,5,52
6mMA94sWTfQu9eVVriv3z9,Silent River,Rio Stone,indie,sad|dreamy,0.752,0.632,0.36,111.8,-11.36,0.132,0.179,0.098,0.11,225266,0,1,4,72
56P7a66IU0aaOzcavcdOlS,Hollow Bloom,Rio Reyes,folk,sad|nostalgic,0.624,0.449,0.361,120.3,-8.81,0.105,0.485,0.091,0.009,131699,1,1,4,71
FMlP5QztsPHRoJ56odmozf,Radiant Skyline,Leo Knox,classical,nostalgic|chill,0.335,0.351,0.345,97.7,-17.39,0.0,1.0,0.739,0.087,217822,4,1,4,43
Nisy3tKnV6pNN6otMZkZvZ,Sweet City,Ava Blake,electronic,happy|romantic,0.774,0.766,0.328,121.1,-1.99,0.018,0.164,0.407,0.109,297585,0,0,4,50
SKetHyKNBcbEeL9tAgCXmj,Burning Bloom,Iris Cade,reggae,playful|dreamy|nostalgic,0.462,0.49,0.406,72.9,-9.93,0.042,0.051,0.0,0.164,179840,7,1,4,0
GID4w5PG3adgrt9SPD8BkO,Neon Memory,Rio Shaw,metal,aggressive|tense,0.575,1.0,0.449,132.1,-0.95,0.048,0.207,0.054,0.0,254871,4,1,4,79
kJvsbBEI7j1yP5n9V6C8nP,Crystal Skyline,Ezra Hale,indie,nostalgic|romantic,0.572,0.346,0.462,115.6,-10.61,0.182,0.248,0.023,0.037,192329,5,1,4,35
9hCrtssMe38kR2GxcsYd31,Hollow Dream,Kai Stone,indie,sad|uplifting|nostalgic,0.622,0.641,0.524,115.0,-8.33,0.06,0.317,0.19,0.251,218366,0,0,5,34
IjSXk481gZC0OfEVk6hLmd,Distant Wave,Nadia Shaw,rock,playful|uplifting,0.57,0.622,0.823,127.5,-1.85,0.058,0.037,0.0,0.128,238408,4,0,4,27
LsS4QezQLSy038EADIh7EB,Endless Fire,Iris Wells,folk,dreamy|romantic,0.419,0.245,0.435,113.0,-7.94,0.058,0.314,0.0,0.135,211730,11,0,3,41
MesUs5IPMyxLHSFhfGWtda,Midnight Shadow,Wren Stone,rock,tense,0.628,0.671,0.382,128.6,-3.35,0.073,0.0,0.173,0.219,179018,9,0,3,100
Js3hV2Kuve95WPxTgD8iaf,Velvet Road,Kai Cross,folk,playful|chill,0.719,0.094,0.538,117.4,-10.19,0.154,0.932,0.0,0.036,111057,5,0,5,37
hvROauvMNUyLCn2EXsWjaz,Endless Memory,Nova Marsh,blues,romantic|sad|melancholic,0.487,0.335,0.333,79.5,-13.6,0.149,0.72,0.45,0.173,229568,2,1,3,52
4u4Zwxxvp4xwmLzZ2L5RDF,Neon Memory,Nadia Stone,electronic,melancholic,0.665,0.891,0.698,115.4,-6.74,0.082,0.214,0.312,0.101,130551,9,1,4,7
RU17NYxPKXA2WdUO63IN49,Crystal Echo,Iris Quinn,rock,chill|playful,0.474,0.723,0.542,111.0,-4.56,0.071,0.359,0.0,0.142,241288,4,1,5,44
3N8YFEsXRPQasTnLUBXJrP,Endless Heart,Nova Blake,reggae,playful|uplifting,0.844,0.458,0.596,67.9,-6.64,0.087,0.412,0.273,0.292,206432,1,1,3,26
kWHE0y28QW8hqxovMd8x35,Crystal Heart,Talia Cade,rock,romantic,0.54,0.493,0.424,124.6,-7.58,0.026,0.096,0.004,0.036,270330,8,1,5,57
Hr4R4miEjzFaZh9xNTGWK7,Midnight Skyline,The Rivers,reggae,uplifting|tense,0.671,0.485,0.54,92.8,-6.83,0.016,0.075,0.166,0.005,243889,7,0,4,23
4nZSxQP8cvu1kaEcm8bbQ9,Distant Fire,Sena Cross,jazz,nostalgic|happy,0.518,0.406,0.367,120.0,-10.06,0.031,0.465,0.209,0.065,265953,7,1,3,52
7wRfseI6YrHf2jrpYWfiCu,Distant Storm,Iris Voss,indie,nostalgic|dreamy,0.616,0.545,0.556,122.7,-6.45,0.049,0.487,0.037,0.163,286958,7,0,3,64
Ixq9wKSO14RNNNuuTDMBvO,Broken Rain,Finn Cross,blues,happy,0.336,0.565,0.449,81.3,-11.77,0.003,0.445,0.184,0.094,205736,4,0,4,19
yyoZOZSPXYH6JHeuanDWIv,,Zara Ryder,country,chill|sad,0.62,0.475,0.541,94.9,-6.46,0.118,0.362,0.054,0.293,199245,3,1,5,0
eKT7kbRuFGWxtjkis3lwbf,Lonely Rain,Reo Wells,classical,sad|melancholic,0.246,0.427,0.128,100.7,-19.37,0.042,0.792,0.854,0.159,187552,2,0,5,30
3uPTh8bucLtYRKECj2xtTd,Silent Wave,Toma Quinn,latin,melancholic|playful,0.781,0.729,0.673,88.4,-3.26,0.022,0.27,0.157,0.213,168750,5,0,4,20
i0t5nA2g8yNyBiIN42bAMB,Bitter Memory,The Horizons,latin,melancholic|playful|tense,0.599,0.773,0.691,101.7,-3.26,0.082,0.184,0.077,0.181,185340,10,1,4,49
OkgUkdB58k4Ou2XwlGWbgX,Sweet Skyline,The Dreams,indie,uplifting,0.377,0.611,0.731,107.6,-5.06,0.002,0.595,0.126,0.211,208833,7,0,5,37
DN8hvoUoYup78dnnqNLBYB,Midnight Star,Nadia Cade,indie,aggressive,0.826,0.654,0.519,107.1,-11.39,0.057,0.288,0.181,0.214,167306,7,1,4,48
RQ34QInhWz2ak3PsW6312V,Wild City,Nova Reyes,rock,aggressive,0.436,0.794,0.431,102.6,-0.75,0.103,0.34,0.219,0.249,178371,9,0,4,29
Ctb3fnrlJYF2lUlglYkAeg,Silent Memory,Iris Wells,r&b,sad,0.648,0.314,0.311,102.8,-7.91,0.078,0.048,0.177,0.231,208283,3,1,4,77
m6UrCYsLWkHxaAnBa0yZH3,Lonely Star,Kai Lark,folk,energetic|aggressive,0.319,0.361,0.502,98.9,-10.65,0.026,0.868,0.142,0.109,315284,6,0,5,47
20mtMkMgTo7GNZteKLrjJH,Restless Horizon,Finn Cade,latin,aggressive|happy,0.667,0.799,0.593,113.8,-7.46,0.14,0.342,0.0,0.142,186760,8,1,4,51
NYlSbyh5Yj0SxYojsdCtnz,Broken Road,Ezra Frost,blues,chill|energetic|romantic,0.532,0.506,0.589,101.9,-6.65,0.055,0.58,0.307,0.25,187484,2,1,4,30
oYVNodBTBjVTDq5OFAHwYE,Fading Dream,Ava Quinn,rock,romantic,0.618,0.79,0.466,114.3,-6.59,0.144,0.067,0.0,0.185,241110,0,1,3,27
FJU36sbKbjz9oJOaahRPfp,Restless Heart,Reo Reyes,rock,tense,0.564,1.0,0.558,143.8,-5.28,0.014,0.212,0.0,0.168,239898,11,0,4,69
N3U5hGxDOrOt2Hi6ZfqE9r,Bitter Fire,The Echos,pop,energetic,0.502,0.702,0.656,125.1,-4.52,0.122,0.347,0.0,0.189,230129,7,1,4,38
BrYpuhxpAQU6KllegXu5Yk,Golden City,Iris Stone,hip-hop,playful,0.743,0.578,0.829,101.4,-5.27,0.133,0.0,0.202,0.19,200733,6,0,4,77
24E9uGhSqMhgEV4euLOLoH,Bitter City,Finn Cade,jazz,romantic|playful,0.362,0.346,0.783,92.3,-11.33,0.12,0.676,0.305,0.211,213292,8,1,4,55
eFYOY2JkfCswnnZgrwpl8U,Broken Ocean,Toma Reyes,country,melancholic|nostalgic,0.588,0.622,0.411,141.5,-4.47,0.088,0.621,0.0,0.083,177880,3,1,3,44
8CCudRRfzs52KpZALpKUUl,Burning Star,Jax Hale,hip-hop,energetic|happy,0.659,0.929,1.8,92.5,-6.52,0.214,0.29,0.0,0.154,224752,3,0,4,52
2LDeBFfWsTq8tPOuYPSUxb,Distant Ghost,Reo Vance,reggae,dreamy|nostalgic,0.742,0.301,0.713,-5.0,-6.65,0.068,0.157,0.113,0.108,217160,6,0,4,55
Sm5xydg1paKUTBt9zCJRGE,Fading Shadow,The Skylines,folk,tense|chill,0.471,0.322,0.206,93.4,-8.31,0.1,1.0,0.068,0.285,225304,6,0,4,44
QTwg5mmlq9Y8u7nN5V9um2,Velvet Skyline,The Blooms,electronic,uplifting,0.717,0.9,0.537,127.6,-1.82,0.057,0.0,0.303,0.075,255291,10,1,4,10
XTAqEfCmpi6pzGxhUvfAs3,Radiant Shadow,The Hearts,blues,uplifting|nostalgic,0.505,0.574,0.27,88.7,-9.34,0.107,0.317,0.0,0.13,239723,10,0,4,10
ZW0tiEebxdLc3IMChDemQv,Hollow Shadow,Ezra Quinn,rock,uplifting|sad,0.48,0.761,0.535,138.2,-5.29,0.103,0.219,0.0,0.0,180787,5,0,5,52
ewTblqoscACCXWN2XR3eJ1,Crystal Fire,Nova Reyes,latin,tense|aggressive,0.726,0.711,0.587,111.4,-4.92,0.085,0.085,0.193,0.069,234651,8,1,3,51
NIuIpSqbEvyWyh2o8WRg0m,Restless City,Rio Quinn,indie,happy|energetic|playful,0.629,0.732,0.559,110.5,-4.67,0.141,0.378,0.0,0.127,177266,0,1,4,23
zfUOGU6xT4SdlHYJCam4m2,Restless Echo,Finn Lark,metal,dreamy|playful,0.508,0.949,0.486,164.5,-2.03,0.08,0.014,0.172,0.0,265458,9,1,5,86
2QHrgKlosmIwBQOp2RK1cU,Endless Road,Mira Lark,metal,dreamy,0.374,1.0,0.505,161.0,-4.23,0.045,0.0,0.109,0.38,191440,10,1,4,64
P4BOOSiQfv9rp6JvodthGR,Bitter Garden,The Storms,r&b,energetic,0.678,0.377,0.452,103.6,-7.42,0.024,0.232,0.0,0.221,228271,4,1,4,68
lJGbMOzZOHU0cF8wKmHZoN,Silent Ghost,,indie,melancholic|aggressive,0.604,0.493,0.422,112.4,-8.73,0.047,0.301,0.021,0.234,216715,2,1,4,33
cxDm6BrEEZfwbiZCok0jkq,Lonely Heart,Ezra Frost,reggae,happy,0.537,0.381,0.366,91.4,-10.93,0.111,0.099,0.161,0.006,222876,8,1,4,71
tVLLp4UyJU2GnZ6DBk09B3,Distant Heart,Finn Ryder,reggae,uplifting|melancholic,0.813,0.549,0.801,88.1,-6.62,0.036,0.148,0.0,0.046,197272,8,0,5,43
STwUq3gqNggzGLXFB6HTnc,Wild Horizon,Cole Frost,indie,playful|uplifting,0.702,0.675,0.73,136.1,-6.74,0.0,0.549,0.082,0.196,161958,8,1,4,29
wKmgx5OWpMNbcb1OQJ5Uf6,Electric Wave,Iris Cade,hip-hop,happy|sad,0.63,0.594,0.535,107.6,-13.03,0.206,0.087,0.069,0.128,207378,9,1,4,63
cnSN82chn6IZ43rYPejGTZ,Fading Road,Sena Shaw,metal,uplifting|aggressive,0.24,0.875,0.235,158.6,-7.12,0.05,0.0,0.174,0.323,261989,7,1,5,69
xsQmFbzKWxO2tw3LTvMBUe,Electric Fire,Ezra Frost,r&b,happy,0.748,0.4,0.443,72.1,-8.97,0.169,0.244,0.128,0.459,198851,7,1,4,38
uSAO7sQxiNSyQCTH0YjsNZ,Sweet Fire,Ezra Reyes,pop,chill|nostalgic|happy,0.515,0.681,0.613,104.4,-1.26,0.055,0.221,0.12,0.252,230815,7,1,3,36
qcMEjELqA7YJS6sNvpQmd6,Golden Road,The Stars,r&b,romantic|sad,0.652,0.602,0.303,101.3,-9.61,0.088,0.506,0.022,0.201,170302,5,0,5,11
S1HfjL7Z6ZAgp5SvDXRMTN,Burning Fire,The Horizons,electronic,energetic|aggressive,0.576,0.727,0.591,139.2,-6.03,0.038,0.093,0.214,0.241,225089,1,1,4,72
HxDYujWiCfIwZhSPHySgL8,Distant Garden,Leo Ryder,reggae,playful,0.543,0.729,0.676,117.2,-10.08,0.0,0.055,0.0,0.253,304704,0,0,4,58
65hpxLiP4tzZ1Ig6jdLuib,Crystal Wave,Nova Shaw,r&b,sad|nostalgic,0.524,0.419,0.394,100.2,-6.76,0.146,0.202,0.106,0.167,233884,1,1,4,43
1Sfe7xxE7ynayvZDanlQRB,Broken Wave,Kai Cade,blues,chill|uplifting|nostalgic,0.445,0.359,0.241,61.4,-10.48,0.09,0.511,0.362,0.077,216514,6,0,4,23
9SYsT9S4OHM8stcxo5v7pR,Hollow Heart,Zara Lark,indie,playful|melancholic,0.421,0.464,0.602,137.2,-8.89,0.102,0.444,0.094,0.239,192750,2,0,4,45
gRDOxxDRVqieDoOcXJaAHA,Fading Heart,Wren Wells,electronic,sad|romantic,0.65,0.73,0.259,108.3,-5.11,0.216,0.124,0.554,0.158,188931,3,1,4,37
1bAnYfxoO80KWiOhbYgNKD,Lonely Storm,Cole Shaw,electronic,tense|nostalgic,0.738,0.807,0.421,134.4,-7.05,0.036,0.145,0.28,0.183,216746,8,1,4,27
OCj7kmGuhXp90jIXMLt0WT,Lonely Memory,Nadia Marsh,blues,romantic|sad|uplifting,0.233,0.42,0.506,89.0,-3.87,0.014,0.421,0.085,0.204,287864,8,0,4,36
NLRWdkZeQaFr6Xusgsp5Kx,Electric Storm,Ezra Wells,r&b,dreamy|sad,0.553,0.381,0.237,101.5,-3.49,0.068,0.167,0.0,0.194,181146,7,1,4,60
zzjY9JpbCnoHXqDVxHqORc,Hollow Dream,Mira Frost,pop,uplifting|happy,0.854,0.562,0.647,100.9,-7.95,0.093,0.073,0.0,0.213,214188,6,0,3,31
0q5tYjp89JwMo75grGqcEv,Radiant Heart,Talia Stone,folk,playful|nostalgic|happy,0.61,0.424,0.595,114.7,-7.12,0.019,0.842,0.083,0.305,227358,11,0,3,33
yKItVOsRI7hj2btmfMZ4UJ,Midnight Wave,Reo Frost,hip-hop,aggressive|energetic,0.865,0.555,0.396,97.6,-5.43,0.191,0.0,0.0,0.244,182449,9,1,3,30
M0XanFlo16lgcnQYfWhV9m,Faded Wave,Mira Wells,folk,tense|chill,0.565,0.38,0.213,108.5,-7.62,0.157,0.346,0.171,0.323,270004,11,0,5,54
iLjlTOwVFwZux6OjhWx4LC,Bitter Memory,Wren Frost,classical,melancholic,0.42,0.3,0.519,90.0,-20.21,0.1,0.99,0.796,0.129,90811,0,0,3,61
Hbl2kaDZTrYK746YmjWWcb,Distant Memory,Nova Stone,electronic,energetic|sad,0.895,0.668,0.557,127.1,-5.89,0.103,0.0,0.236,0.046,227909,3,0,4,84
31rAiwQFzL7pRlijZIaCrd,Neon Skyline,Finn Frost,reggae,aggressive|sad,0.648,0.52,0.574,83.7,-11.25,0.067,0.21,0.034,0.373,247537,8,0,4,49
CYdaiwLiBCuTDpemPovsVN,Silent Storm,Cole Marsh,blues,nostalgic|playful,0.37,0.495,0.535,84.8,-6.95,0.054,0.373,0.156,0.07,185433,3,1,5,67
QC8WKzeO3llEVxeoXUrunT,Fading Horizon,Zara Marsh,electronic,tense|sad,0.671,0.806,0.542,125.3,-5.84,0.096,0.233,0.45,0.359,203950,1,0,4,42
ihWuE7eAihBKNSHop26RBY,Golden City,Talia Voss,classical,romantic,0.389,0.24,0.465,96.5,-18.94,0.096,0.95,0.665,0.289,146510,3,1,4,35
YYp5M4hSmcspeTe0ikOXLh,Bitter Road,Toma Voss,pop,tense|aggressive|energetic,0.713,0.767,0.566,114.4,-6.38,0.073,0.223,0.088,0.02,182520,3,1,3,42
3AVjTT9Ea8X6641fOjBV47,Sweet Heart,Rio Voss,indie,nostalgic|uplifting|aggressive,0.483,0.477,0.357,121.2,-4.75,0.029,0.039,0.162,0.2,179834,4,1,5,18
djm0QBL6Tkm9JuLLfADjKZ,Radiant City,Wren Shaw,classical,tense|energetic,0.409,0.278,0.593,96.1,-18.49,0.095,0.96,0.806,0.192,237330,2,0,4,5
8igg2prGopMrXy7gPN9e1i,Sweet Bloom,Nova Cade,hip-hop,dreamy,0.997,0.589,0.509,95.1,-3.62,0.279,0.149,0.028,0.196,188824,8,0,4,54
cGiK1deK7WGQ1hYs2zQ1yS,Crystal Rain,Reo Frost,reggae,uplifting|tense,0.707,0.554,0.748,87.6,-6.44,0.1,0.25,0.0,0.271,153285,5,0,4,50
gcWvxJ6TvGFIpow02kHZar,Burning Ocean,Iris Frost,indie,sad|uplifting,0.774,0.599,0.468,98.6,-5.33,0.138,0.524,0.376,0.08,268910,11,0,4,66
2Y352XFWHILx2mcV9bWHe5,Fading Ghost,Nadia Frost,blues,melancholic|chill,0.401,0.324,0.469,110.8,-11.44,0.109,0.404,0.154,0.256,230155,7,0,3,53
R3SmJNpXJ9q2t1JjSnxB1x,Hollow Skyline,Sena Ryder,indie,happy,0.547,0.451,0.528,111.5,-13.96,0.027,0.252,0.146,0.181,225597,3,7,4,99
CQUuUS39lr1YqV58bYaFRK,Restless Wave,Leo Quinn,pop,aggressive,0.652,0.69,0.478,108.6,-3.57,0.085,0.492,0.0,0.214,164394,1,0,4,43
rp5waWVMhlXB87gOeQfaJ8,Hollow City,Finn Shaw,jazz,tense|uplifting,0.378,0.428,0.604,94.6,-9.3,0.052,0.736,0.377,0.203,228196,7,1,5,36
zjiQc3GRkc1Y0L2XJww5DK,Fading Light,Finn Vance,rock,aggressive|romantic,0.448,0.693,0.467,130.4,-6.7,0.028,0.0,0.165,0.133,242651,10,1,4,15
adhOe62vhZYJ9W7YalQnzy,Electric Road,Kai Knox,blues,nostalgic|tense|sad,0.404,0.394,0.003,88.7,-5.19,0.0,0.722,0.044,0.153,310086,2,1,5,37
lVMsb71ZxH2okhul1GtZQP,Crystal Rain,Nadia Frost,electronic,tense,0.689,0.719,0.192,114.3,-4.26,0.121,0.056,0.413,0.026,217150,9,1,4,94
AQLhDQteaEsxbc7veUSOfM,Golden Rain,Mira Lark,indie,happy|tense|playful,0.57,0.586,0.547,118.9,-5.17,0.015,0.133,0.2,0.255,170668,5,0,4,62
Ou7l77Q05iWQXssfTtlvT6,Distant Dream,Zara Cade,hip-hop,melancholic|sad,0.777,0.661,0.268,106.1,-5.69,0.204,0.03,0.079,0.099,235818,0,0,4,45
HXM8QogItyHdrBrBVYsZfN,Burning Dream,Jax Cade,country,happy|dreamy,0.495,0.429,0.814,118.7,-9.16,0.142,0.491,0.0,0.071,297316,9,1,4,30
Qf8NSIDdFOIlfalgcJIRft,Bitter Ocean,Toma Quinn,jazz,romantic,0.531,0.363,0.688,110.8,-10.19,0.036,0.867,0.588,0.017,177453,9,0,4,45
WvV9Ihgyy9K2jfHFpj6Ufm,Sweet Shadow,Leo Frost,rock,dreamy|tense,0.439,0.793,0.379,134.3,-7.07,0.103,0.0,0.06,0.185,267489,2,1,4,51
qZiI1WHUlANjGXmdwoFhlM,Velvet Rain,The Oceans,hip-hop,nostalgic|chill,0.714,0.604,0.552,92.9,-8.73,0.294,0.0,0.017,0.113,211046,4,1,3,52
TmfAcTr2GH8BSW1Q6tUDZz,Radiant Road,Mira Lark,pop,romantic|energetic,0.607,0.751,0.397,102.2,-9.78,0.0,0.193,0.086,0.096,159895,9,1,3,35
xdJTq0NXHVXuEgSQ9Z3E0Q,Broken Storm,Ava Knox,rock,dreamy|romantic,0.646,0.8,0.506,138.4,-7.58,0.084,0.143,0.0,0.095,207363,0,1,4,18
vZHErDdpnxbak4NFZGMRzM,Silent Star,Iris Hale,r&b,aggressive|melancholic,0.486,0.736,0.271,99.0,-8.44,0.063,0.633,0.041,0.115,237617,0,0,5,49
zxUkrAwgXcP1LNO2jXOaZk,Silent Horizon,Jax Lark,reggae,uplifting,0.746,0.672,0.681,100.4,-8.59,0.041,0.399,0.0,0.152,184630,3,0,4,29
jdyTEyjFuwqxIxMk2qEX4A,Bitter Rain,The Citys,country,sad,0.474,0.542,0.568,119.6,-8.35,0.128,0.306,0.0,0.106,224337,8,1,4,34
XooYFDIwm30n1mrmCatcn1,Sweet Heart,The Fires,folk,aggressive,0.147,0.269,0.26,111.8,-8.71,0.09,0.779,0.108,0.251,178965,4,0,4,48
m1WzRUjvR5fS9QyAbSUaBq,Neon Wave,Iris Hale,rock,sad|aggressive,0.681,0.903,0.677,142.9,-4.9,0.018,0.0,0.02,0.042,161416,6,0,4,53
YqOCyEyFl8RZGDmPKqSq2E,Golden Rain,Sena Vance,folk,energetic|tense,0.194,0.402,0.499,111.4,-7.56,0.0,0.781,0.0,0.28,221861,1,0,4,86
Vpan5Db48c0OPuzSUS2qm1,Lonely Shadow,Mira Quinn,reggae,sad|tense,0.591,0.33,0.53,89.8,-6.31,0.0,0.223,0.15,0.088,222712,10,0,5,51
8oOVOP2XUcvnJ6Ui3OMdpl,Endless Bloom,Finn Quinn,indie,playful|romantic,0.578,0.599,0.425,115.0,-6.57,0.0,0.245,0.168,0.166,251726,11,0,5,64
gd4bSkdKrlx8YIrZGDjbvF,Neon Rain,Ava Marsh,indie,aggressive|tense|romantic,0.309,0.642,0.265,116.4,-5.28,0.107,0.171,0.161,0.228,201047,0,1,4,15
LqFLA5EsWhsuFgeXjYUWBd,Bitter Garden,Kai Quinn,indie,uplifting,0.764,0.684,0.729,98.0,-11.33,0.0,0.434,0.201,0.252,235216,3,1,4,24
DpeQjJOvd2e1W0IOlIr1Ef,Silent River,Ezra Marsh,pop,energetic|happy,0.897,0.662,0.751,122.5,-5.48,0.013,0.451,0.0,0.162,238245,8,0,4,45
GMeX6B2vRxOfBrYXqZoT3r,Endless Fire,Nova Frost,pop,melancholic|playful|chill,0.672,0.519,0.711,123.7,-0.57,0.043,0.284,0.0,0.151,262922,5,0,5,48
rBN8qzNiySqSizO8Z08i13,Sweet Wave,Talia Voss,hip-hop,sad|playful,0.889,0.684,0.336,100.9,-5.13,0.212,0.108,0.084,0.209,242246,4,1,3,15
EXiq1q5zacsctw6GNYMLAt,Endless Horizon,Nova Knox,hip-hop,energetic,0.733,0.588,0.582,114.3,-7.92,0.214,0.046,0.021,0.068,210351,2,1,4,45
CxZ5eYySooXaEns4jiwX7p,Hollow Fire,The Horizons,jazz,chill|tense|melancholic,0.656,0.355,0.501,127.3,-10.21,0.028,0.396,0.531,0.0,316276,6,0,3,8
PAMzKAj8TffCXjRSu1guEB,Fading Memory,Ezra Shaw,classical,nostalgic|chill|playful,0.159,0.324,0.397,100.0,-17.26,0.061,0.794,0.676,0.128,229115,8,1,5,38
fwaUbgG4gI3aYXPO2xNhdX,Restless Horizon,Reo Lark,folk,nostalgic|chill,0.354,0.39,0.526,115.0,-6.96,0.058,0.761,0.136,0.309,241818,4,0,3,50
MF2FuXMKH1lSpPdp8cVhH6,Silent Road,Nadia Ryder,r&b,romantic|sad,0.52,0.32,0.386,78.6,-6.02,0.0,0.233,0.084,0.361,215396,8,0,3,22
548tjjvCI4IeXxckhkPYgT,Hollow Shadow,The Dreams,classical,nostalgic|aggressive,0.141,0.117,0.504,101.2,-17.47,0.034,0.711,0.738,0.331,225072,4,1,3,82
XUfrAvToHKjRbRoM3kJRmz,Bitter River,Talia Reyes,folk,nostalgic|melancholic,0.227,0.421,0.387,141.6,-10.77,0.078,0.951,0.071,0.073,269618,7,0,4,21
ACQJWboiEyFq9stEwUjFg2,Broken Echo,The Gardens,electronic,uplifting,0.848,0.857,0.513,119.5,-6.98,0.033,0.242,0.145,0.153,114916,11,1,5,78
cne5Dg2oCzak9lgl4UTrbw,Burning Rain,Ezra Hale,latin,energetic|uplifting,0.784,0.617,0.805,102.8,-7.49,0.048,0.285,0.221,0.178,224713,1,0,4,19
gVIyxz5YO6nXxTZid0X3sR,Hollow Shadow,Kai Wells,jazz,tense|sad,0.689,0.547,0.45,118.8,-15.15,0.132,0.498,0.231,0.225,176617,1,1,4,18
4SDxN7tgHEQMwBRU85hmLc,Golden Horizon,Iris Stone,r&b,energetic,0.784,0.345,0.411,98.2,-8.81,0.069,0.32,0.0,0.029,210527,2,0,4,29
X4k25UscOP9rAn1erEut61,Lonely Ghost,Nova Blake,rock,nostalgic|sad,0.667,0.657,0.347,130.1,-3.65,0.107,0.17,0.0,0.231,221205,5,0,4,55
qJV5EG9fztFg4dygiwlsOe,Endless Star,Kai Stone,latin,uplifting|dreamy,1.0,0.322,0.402,94.7,-7.69,0.02,0.415,0.0,0.119,267419,11,1,3,79
MuNyAfB51NQbJsBDekGqrS,Burning Dream,The Lights,rock,chill,0.383,0.795,0.644,108.4,-3.97,0.062,0.0,0.0,0.23,226295,8,1,3,29
0OI7gFmgolp82ARaVGlg6Z,Electric Bloom,The Dreams,country,tense|melancholic,0.579,0.58,0.452,111.8,-5.45,0.128,0.46,0.078,0.113,263317,7,0,4,58
pY6KQOBCNakc83Xov90Q8Z,Burning Memory,Reo Cross,jazz,happy|aggressive,0.34,0.51,0.64,115.7,-11.38,0.156,0.453,0.282,0.231,222320,10,1,5,49
VuzpTCHT6HmNzryox96TsS,Restless Bloom,Ava Voss,indie,uplifting,0.304,0.629,0.425,101.5,-5.61,0.112,0.351,0.0,0.182,187350,6,0,3,22
eXUT6YKALzyVVrJVwl2wBF,Velvet Memory,Leo Shaw,rock,tense|nostalgic|melancholic,0.536,0.798,0.54,117.1,-7.13,0.04,0.079,0.134,0.219,312500,6,1,3,49
kaClfFLPxD3tjuvKOa7jXr,Bitter Echo,The Echos,jazz,energetic|chill,0.441,0.234,0.633,111.9,-12.38,0.0,0.319,0.183,0.187,232269,1,0,4,48
hl3DRrHOzgVZNgB40Qe0oX,Hollow Ghost,Kai Hale,latin,uplifting|happy,0.665,0.449,0.643,100.6,-3.81,0.086,0.374,0.0,0.0,202882,4,1,4,77
WN5WI2qGwFdI7E2cFvE2M7,Silent Garden,Sena Vance,latin,chill|happy,0.883,0.78,0.489,111.1,-8.42,0.038,0.178,0.097,0.405,185704,7,1,4,60
950VmsAGGVQ6nUKo4xt5Vx,Silent Echo,Nadia Lark,metal,romantic|tense,0.475,1.0,0.291,137.9,-3.79,0.093,0.194,0.043,0.289,192707,6,1,4,54
yILjuqjKiwDX5DosfaMrzx,Wild Shadow,Rio Cross,metal,sad|nostalgic,0.365,0.715,0.285,162.4,-5.26,0.132,0.0,0.061,0.099,198617,8,0,4,67
EZxvy2mU3JTatgzrVeb6Og,Fading Star,Ezra Ryder,jazz,sad|melancholic,0.462,0.128,0.389,83.7,-7.5,0.113,0.732,0.166,0.218,231551,10,1,5,79
LzXcDbv1Yce5JIdjnivLCn,Hollow Light,Cole Lark,folk,aggressive|playful,0.324,0.431,0.579,101.0,-10.81,0.01,0.781,0.057,0.037,290174,6,1,4,12
mPPSPsOorxCYQW0CXr5zoG,Electric Star,Leo Hale,pop,sad,0.754,0.638,0.397,123.9,-4.0,0.048,0.209,0.092,0.124,194406,4,0,4,83
3Dp2u3qbcS846u8q4mw52k,Restless Bloom,Nadia Frost,blues,chill,0.455,0.358,0.201,98.0,-11.96,0.0,0.567,0.134,0.006,123791,1,0,3,39
EGtmjimvMr4ijga7GZcVIj,Faded Memory,Iris Cross,jazz,chill|nostalgic,0.425,0.307,1.0,107.9,-12.17,0.06,0.304,0.553,0.17,212275,8,0,5,41
NjHrI8DNa3c91AIj2iNYds,Burning Bloom,Wren Hale,country,uplifting|playful,0.58,0.592,0.61,98.1,-5.14,0.08,0.325,0.121,0.19,180467,4,0,3,20
laRNHVsstarWTemgxycNg2,Velvet Dream,Wren Lark,pop,sad,0.858,0.355,0.598,120.8,-4.75,0.091,0.278,0.0,0.187,223208,1,1,4,36
LLWZTM8zXGao6UktwkyNHH,Radiant Shadow,Cole Stone,pop,energetic|aggressive,0.759,0.804,0.457,105.7,-5.75,0.041,0.137,0.121,0.113,214261,6,0,5,0
ogxWIJTA8SOYPfKdsuipPz,Distant Ghost,Zara Reyes,hip-hop,romantic|energetic,0.775,0.728,0.372,92.4,-4.67,0.233,0.338,0.0,0.172,184526,11,0,4,20
4iyPUf9zPgY11YfeoCzMUl,Lonely Bloom,Ava Hale,r&b,uplifting|dreamy,0.695,0.616,0.484,93.4,-8.72,0.025,0.408,0.023,0.162,184304,9,1,5,26
wZSgMFZgF0E48OmMvvfCBy,Lonely Shadow,Iris Knox,blues,aggressive|chill,0.31,0.425,0.463,68.1,-9.61,0.0,0.311,0.112,0.335,150980,5,1,4,36
Iy3ZNMR6p2SRm8BJuuyZ98,Electric Rain,Kai Lark,folk,playful|chill,0.461,0.282,0.455,109.1,-13.63,0.007,0.887,0.0,0.043,256430,8,0,4,44
RwQ80ZvwaObn0RmmbO8jX9,Restless Memory,Talia Wells,reggae,chill|dreamy,0.73,0.6,0.384,74.3,-9.85,0.092,0.108,0.135,0.426,203615,3,1,3,14
6MUwBhNxMZYGFm3quj9Bjl,Electric Heart,Sena Reyes,rock,tense|energetic|nostalgic,0.745,1.0,0.547,110.1,-6.75,0.014,0.0,0.118,0.153,293189,3,1,4,55
C0wyFiVAL8BI0Lcd0rnpYZ,Restless Fire,Iris Hale,classical,uplifting|chill|energetic,0.353,0.157,0.808,109.2,-20.97,0.066,0.822,0.827,0.0,234160,8,1,4,26
jFxUzt2VB9h9Ys95OQcr1z,Hollow Horizon,Ezra Lark,indie,sad|playful,0.714,0.482,0.576,93.0,-10.35,0.069,0.573,0.0,0.134,244703,11,1,5,56
izIKUSwP60TRw5mlYVON4j,Bitter Ghost,The Gardens,rock,energetic,0.45,0.897,0.533,146.2,-4.47,0.087,0.221,0.0,0.0,280214,7,1,5,23
1tMu1I8mTvPI7RfguwltcB,Faded Wave,Nova Reyes,jazz,romantic|nostalgic,0.508,0.608,0.609,100.0,-15.97,0.0,0.724,0.365,0.163,150200,6,0,4,67
vhotr2HW2nHtiR02q6E2it,Silent Storm,The Dreams,latin,melancholic,0.836,0.658,0.82,98.5,-5.53,0.037,0.314,0.133,0.211,212653,3,0,3,52
SW1rMtXe9dPQmvxIZ2BivZ,Distant Skyline,Finn Quinn,rock,dreamy|sad|aggressive,0.563,1.0,0.508,119.6,-7.74,0.077,0.317,0.227,0.086,192672,9,1,3,22
k3lzScyEjJpnIe0uv3gYj5,Lonely Rain,Mira Wells,jazz,happy|melancholic,0.658,0.24,0.364,94.9,-13.72,0.079,0.327,0.319,0.273,185440,2,1,3,59
IynhUq5DgxI3292NiTYBB7,Golden Wave,The Hearts,reggae,sad,0.829,0.451,0.616,82.8,-8.12,0.016,0.31,0.02,0.144,212210,7,0,3,75
ty0oMI3SGIuIFR20nC1H1k,Lonely Garden,Leo Cade,r&b,uplifting,0.514,0.544,0.63,109.0,-9.92,0.122,0.0,0.058,0.03,247851,9,0,4,79
nzuhXf5Ke4zy3U1EgZ8s7X,Midnight Memory,Ezra Cross,rock,tense|chill|nostalgic,0.357,0.891,0.555,138.8,-5.91,0.0,0.035,0.0,0.237,223900,5,0,3,59
Bw7ADW2dcr33ikxTInyPZH,Lonely River,Sena Quinn,pop,romantic,0.665,0.75,0.832,122.7,-6.29,0.084,0.085,0.0,0.316,212315,9,1,5,71
FnmjmxehwAmqqFrJTSHCW8,Radiant Ghost,The Fires,reggae,playful,0.706,0.568,0.78,86.3,-6.65,0.078,0.125,0.199,0.173,252771,1,1,4,69
JSpF7wT0fX1JuC4BEDODrs,Electric Garden,Toma Lark,latin,tense|uplifting|playful,0.685,0.973,0.574,97.7,-2.75,0.0,0.145,0.0,0.135,199841,4,1,5,13
GapeNcAHjkaCw8XGssWqie,Distant Echo,Wren Voss,jazz,aggressive|playful,0.368,0.411,0.57,89.6,-11.52,0.157,0.473,0.213,0.195,199280,1,1,4,34
DAlMXPsAz8gOXvZLcx5jXq,Fading Ocean,Mira Voss,jazz,energetic|happy|playful,0.622,0.513,0.415,108.3,-10.75,0.033,0.771,0.237,0.232,223007,3,1,5,47
MKHUOhI6XiY4Q9Ma7LbxHl,Faded Dream,Sena Reyes,metal,tense|aggressive,0.317,1.0,0.433,121.4,-8.39,0.018,0.134,0.084,0.131,175916,11,1,4,77
vwHVb6DnEvqDBZPXbRoIo3,Midnight Fire,Finn Frost,indie,energetic|sad,0.511,0.631,0.458,91.0,-10.78,0.009,0.473,0.106,0.241,195859,11,1,4,41
NKa0rxeif3ahSrfBDMbGSQ,Crystal Ocean,Ava Shaw,metal,tense,0.54,0.978,0.096,137.2,-3.64,0.073,0.0,0.079,0.229,235004,3,1,4,64
WAO7hbrZOoWVrey95BFvQw,Velvet Light,Sena Marsh,metal,tense,0.489,0.816,0.359,142.6,-3.67,0.102,0.0,0.114,0.036,249368,9,1,4,17
L15YRXMMA0sj8HaIPxYmhy,Radiant Storm,Wren Voss,rock,playful|melancholic,0.597,0.761,0.417,125.3,-4.76,0.071,0.165,0.034,0.128,259495,10,0,4,49
p8ac2bW8HgGzYFckstboOX,Faded Light,Rio Voss,blues,tense|melancholic,0.557,0.502,0.232,110.9,-11.15,0.0,0.392,0.134,0.166,217657,3,1,4,50
3YV4by8m9dVMpybsZBfTh3,Midnight Shadow,The Storms,blues,melancholic|uplifting,0.383,0.454,0.468,85.7,-14.06,0.089,0.485,0.077,0.123,256274,8,1,3,73
opuVkuefX2XQt1QuY8uapm,Faded City,Zara Quinn,blues,chill,0.558,0.361,0.264,88.4,-7.42,0.067,0.672,0.066,0.0,232820,10,0,3,46
HpdIUViDWC1ijnUVpSh925,Lonely Road,Jax Stone,jazz,nostalgic|dreamy,0.545,0.404,0.711,99.3,-11.86,0.054,0.454,0.293,0.018,235873,9,0,3,50
gaK6dVhyYc3Mp6wgIvlFIE,Distant Heart,Leo Stone,classical,aggressive|nostalgic,0.464,0.054,0.466,117.0,-16.96,0.046,0.933,0.899,0.292,195827,11,1,3,31
PUAlHtkDJDOtUEC4wwyBPI,Electric Rain,Nova Shaw,r&b,chill,0.562,0.412,0.487,94.5,-9.29,0.026,0.179,0.086,0.174,242298,7,0,4,76
Eu5k6ParkR98wIr4xjg8Rs,Faded Garden,Mira Wells,latin,dreamy|nostalgic,1.0,0.663,0.794,106.7,-6.48,0.039,0.423,0.008,0.0,161337,11,1,4,40
qWJIbYoq6ceJv1xWkKELxt,Crystal Ocean,Kai Shaw,country,melancholic,0.662,0.426,0.537,107.9,-7.12,0.081,0.359,0.118,0.245,195600,11,0,4,48
rv2tLtxS35xcfDejxDW9Np,Sweet Star,Iris Blake,blues,happy|dreamy,0.396,0.339,0.454,83.8,-11.92,0.13,0.818,0.164,0.185,255991,4,0,3,32
IRbB8zyNHJg1LJbIItugww,Velvet Storm,Talia Vance,country,nostalgic,0.599,0.674,0.549,120.0,-6.29,0.112,0.25,0.0,0.038,219087,2,1,3,16
cKJ7EAMQr1fH71OluQshwf,Distant Ghost,Leo Stone,r&b,tense|chill,0.754,0.361,0.579,107.9,-5.1,0.045,0.104,0.0,0.087,211946,11,0,4,74
apklWm9RO1QFe4tj2ICXC6,Fading City,Nova Cade,reggae,happy,0.738,0.328,0.619,104.3,-7.44,0.009,0.376,0.0,0.093,231422,3,1,4,58
GPFUy2Sq6pE2pKeGsNs0uB,Sweet Wave,Zara Stone,folk,dreamy|uplifting,0.575,0.268,0.525,104.8,-14.06,0.058,0.63,0.05,0.191,208400,6,0,4,39
zGqZ6HaurQpwUTfvd8h51V,Electric Echo,Reo Marsh,classical,chill|energetic,0.286,0.0,0.451,99.6,-12.94,0.075,0.987,0.628,0.209,203857,4,1,5,85
4BUWZhFetYJoKEculnIXau,Burning Echo,Mira Wells,rock,chill,0.48,0.653,0.563,119.0,-3.53,0.064,0.461,0.049,0.087,258617,1,1,3,33
j5jTwyfX3IcO2ELCitBQGK,Bitter Rain,Ezra Knox,metal,aggressive,0.513,1.0,0.405,146.5,-3.73,0.021,0.0,0.0,0.065,209439,8,1,5,27
I92OuBhdZlBvCjcsHkiIO7,Restless Bloom,Sena Blake,pop,aggressive|melancholic,0.652,0.791,0.544,135.2,-5.51,0.07,0.204,0.0,0.193,192805,9,1,4,49
FdPDLg43Fm6tQFYWyZip79,Faded Road,Ezra Hale,metal,sad,0.377,0.986,0.321,139.0,-4.05,0.091,0.064,0.0,0.307,224310,7,0,4,65
hJQ2zj8QVAR6yfZBISUAs2,Velvet Heart,The Oceans,country,nostalgic|energetic,0.547,0.64,0.537,128.5,-7.93,0.037,0.477,0.017,0.187,217142,7,0,4,15
5wlkeBX6JQZLRq67UiYCDK,Crystal Ghost,Wren Ryder,electronic,aggressive|happy|playful,0.628,0.871,0.614,122.7,-3.13,0.025,0.048,0.303,0.024,155882,9,0,4,42
sqRQHgxeSSNW2co8UB9Twq,Silent Dream,Reo Cross,electronic,dreamy,0.724,0.906,0.672,125.3,-0.48,0.0,0.286,0.265,0.187,211056,10,1,3,43
DiPKLHp6VozguBD1oQWMDJ,Restless Star,Leo Lark,latin,nostalgic,0.889,0.557,0.458,94.4,-5.35,0.092,0.0,0.161,0.047,191544,10,1,5,48
DpCgMC66xsxRzNFCQFbMpJ,Neon Heart,Kai Shaw,latin,tense,0.857,0.592,0.574,87.8,-6.12,0.052,0.175,0.067,0.182,278701,9,0,4,69
81vyabP5XzR0kaYecr3Xzy,Velvet Storm,Leo Cade,latin,happy|tense,0.855,0.769,0.984,117.2,-3.82,0.0,0.0,0.0,0.012,220044,7,0,4,57
58dsF8zQ4rJlkbkCvjnCFH,Golden River,The Storms,blues,nostalgic|melancholic,0.453,0.483,0.345,89.9,-9.01,0.071,0.636,0.098,0.262,169180,1,1,3,35
4IcHO5YZLoCaSqAvPoGD7o,Hollow Fire,Toma Reyes,indie,playful|romantic,0.592,0.529,0.71,115.8,-7.19,0.0,0.39,0.022,0.094,147371,0,0,4,35
d0ZlMFViCDT2T2LWNdfUNk,Faded Storm,Nova Cade,classical,chill|romantic,0.271,0.281,0.629,64.5,-16.13,0.063,0.927,0.9,0.185,273787,6,1,3,50
E4FTxCAMlZg0qB6B9crv3c,Radiant Light,Nadia Wells,jazz,dreamy,0.449,0.463,0.543,113.8,-12.31,0.074,0.792,0.118,0.136,219594,8,0,4,57
zcpFMZPWqrn3EABjyM2HMB,Endless Skyline,Nadia Lark,country,dreamy,0.546,0.515,0.424,95.0,-5.48,0.001,0.312,0.065,0.146,270909,1,0,5,37
ftTUbW4H84QpYB0IsPm80C,Silent Skyline,Leo Reyes,reggae,nostalgic|uplifting|chill,0.804,0.54,0.448,96.7,-7.23,0.07,0.377,0.0,0.175,207389,5,1,4,34
kXXIcwqMUiY8aRBjuRMihr,Sweet River,Kai Ryder,blues,uplifting|sad,0.541,0.483,0.317,94.4,-6.36,0.056,0.565,0.147,0.11,271683,2,1,5,52
KTTnuA0kJaSZRGeQeWqjvh,Distant Echo,Mira Ryder,reggae,sad|tense,0.586,0.28,0.69,87.9,-6.23,0.01,0.423,0.342,0.334,212417,7,0,4,33
faHtbsGk4cZXLO1Qp3OSYa,Fading Echo,Mira Reyes,jazz,chill|aggressive,0.72,0.215,0.644,99.1,-8.49,0.073,0.53,0.068,0.103,163692,8,1,3,19
hUsdYVW4fDIkv3flB4MRu4,Broken Memory,Kai Ryder,classical,dreamy|nostalgic|chill,0.389,0.485,0.269,113.3,-15.42,0.014,0.94,0.922,0.343,206866,8,0,4,18
rY2MlRhCXvvKROtibPvWeO,Electric Light,Toma Stone,reggae,romantic,0.812,0.582,0.823,107.3,-6.02,0.089,0.304,0.077,0.092,217355,1,1,5,34
ga7L03gx1TWRBt51rcXYlf,Radiant Fire,Nadia Cade,pop,happy,0.766,0.599,0.94,135.9,-3.24,0.021,0.084,0.0,0.104,223506,8,0,4,36
O11gP8qSmksn0bEm6ui4Jr,Broken Fire,Cole Hale,classical,dreamy,0.256,0.338,0.494,111.4,-16.74,0.089,0.915,0.8,0.093,220260,3,0,3,14
JlrWZozBh2tPh1mb72UwBe,Electric Storm,Mira Voss,folk,chill,0.638,0.221,0.814,126.4,-9.19,0.153,0.733,0.173,0.056,253019,1,0,4,37
Ax1saCCyevtqM8no2amLkm,Silent Dream,Leo Knox,reggae,sad|nostalgic,0.695,0.528,0.611,69.8,-3.7,0.0,0.318,0.041,0.152,222335,6,0,3,35
Vj4xb4RtW6X7Wr5zbvrtiL,Hollow Skyline,Kai Lark,pop,romantic|energetic|melancholic,0.657,0.661,0.444,120.1,-8.17,0.0,0.094,0.37,0.124,207781,5,1,5,54
t0HZZCRyvja6msU6UCUxuT,Broken Garden,Rio Cross,latin,happy|dreamy,0.846,0.646,0.707,111.5,-8.73,0.084,0.272,0.116,0.155,221826,9,0,3,62
hWmIWb082YefsHYPh3q7hN,Neon Ghost,Rio Knox,indie,tense|nostalgic,0.617,0.508,0.221,117.1,-5.58,0.0,0.48,0.043,0.124,254956,6,1,4,60
MDNhYXChSTcSPAqvfUPZmY,Midnight Rain,Reo Vance,folk,aggressive|playful|chill,0.254,0.331,0.515,124.3,-7.31,0.064,0.453,0.095,0.264,227834,2,1,4,36
pzNUjySNR5raJ0X1XV2Jgj,Distant Dream,Rio Voss,electronic,sad,0.734,0.94,0.477,111.8,-6.54,0.096,0.014,0.467,0.202,208945,5,1,4,46
kJaFm4oxbaATq2SuXuUHc5,Faded Horizon,Reo Shaw,metal,happy|romantic,0.382,1.0,0.518,140.9,-3.82,0.16,0.0,0.101,0.156,224536,7,1,4,49
DtLzXRWRew4qbX2wFi4mEt,Sweet Ocean,Nova Quinn,classical,dreamy,0.36,0.155,0.457,115.9,-19.17,0.08,0.854,1.0,0.255,261916,4,1,4,20
Q5epCXNXsMY1H3hdSzptkk,Velvet City,Zara Wells,blues,melancholic,0.55,0.53,0.414,95.6,-4.91,0.109,0.499,0.321,0.078,213680,1,1,4,10
zD0Xixv4qRJftJeacg4lL6,Sweet River,Zara Cross,rock,uplifting|melancholic,0.523,0.673,0.591,129.8,-6.04,0.154,0.078,0.132,0.163,170194,3,0,5,50
j6s8oRt2brwJWptt4AUge9,Neon Garden,Wren Cade,jazz,aggressive|energetic|playful,0.731,0.534,0.718,104.1,-15.42,0.039,0.503,0.411,0.0,209049,2,1,4,19
8NO5lPKPapvdw9LCp3WGqI,Midnight Echo,Jax Reyes,classical,sad|aggressive|dreamy,0.359,0.246,0.39,98.3,-16.99,0.0,0.861,0.647,0.13,218640,4,1,4,59
rRH7ETga7YQqGUxAdUz4Y4,Fading Ghost,Reo Hale,indie,nostalgic,0.464,0.505,0.335,114.3,-9.09,0.059,0.334,0.127,0.22,213371,10,0,4,41
c4GZYPzuAwCrpphKVcBMbg,Burning River,Zara Vance,reggae,happy|nostalgic|uplifting,0.736,0.584,0.795,95.6,-7.16,0.017,0.453,0.077,0.149,241970,2,1,4,31
ZlEv7Xo3g1DgDUewn8Cgt0,Bitter Garden,Ezra Marsh,r&b,happy|aggressive|chill,0.922,0.521,0.43,91.5,-8.88,0.061,0.336,0.054,0.164,223605,7,1,4,13
FQte2rNQNjtAsXCeigjnOp,Hollow Light,Nova Shaw,indie,nostalgic,0.694,0.597,0.454,103.9,-8.19,0.13,0.235,0.099,0.122,234998,4,0,4,61
HZ0Godso75W9hDHBjaBZyg,Neon Ghost,Leo Reyes,,melancholic|romantic,0.765,0.603,0.671,90.4,-3.42,0.102,0.225,0.0,0.067,191978,4,0,3,45
JvOKbgr0Jsw7lhBBgiUQln,Silent Light,Reo Cade,r&b,sad,0.666,0.678,0.385,114.6,-7.99,0.0,0.126,0.088,0.131,207295,10,1,4,66
BncqXW3WaFMAoGuJpIMJpm,Velvet Rain,The Stars,rock,aggressive|nostalgic|energetic,0.484,0.769,0.644,134.4,-6.68,0.102,0.175,0.0,0.0,223743,1,0,3,38
7MMiqsTRagzOEq7Whli05r,Sweet Light,Rio Ryder,blues,chill|melancholic,0.754,0.178,0.374,119.5,-5.17,0.011,0.571,0.175,0.168,246078,1,1,4,36
dc2wQA5ILAZzO3FiOOS2tM,Sweet Horizon,Sena Voss,electronic,uplifting|dreamy|playful,0.681,0.835,0.604,136.8,-6.67,0.11,0.0,0.398,0.106,196651,1,1,4,86
sHR5nEehXN48y0NvNsfmUi,Endless Memory,The Echos,country,aggressive|tense,0.428,0.383,0.621,92.1,-11.34,0.005,0.291,0.222,0.287,220349,11,1,3,59
fb1Fa6Rbgmhl8zdEm8sqUV,Lonely River,Mira Reyes,folk,chill,0.401,0.344,0.373,115.0,-10.9,0.0,0.596,0.0,0.403,206648,4,0,5,42
CD4Eo6SRsJkQkgOtzSQY1F,Midnight Rain,Ezra Ryder,blues,tense,0.343,0.548,0.208,86.8,-4.86,0.076,0.497,0.214,0.049,265797,6,0,4,45
36CpQxzZczSZwKFkJ5GGP3,Crystal Bloom,Rio Wells,jazz,chill,0.514,0.183,0.494,116.1,-8.79,0.164,0.337,0.32,0.135,248280,10,1,3,55
7vVmYvncn7xqxODK9OWtLs,Silent Rain,The Roads,blues,tense|romantic,0.438,0.522,0.453,115.8,-9.31,0.061,0.485,0.0,0.174,165388,0,0,4,27
2I01sIog7ml5fA71cGkCxT,Hollow Star,The Echos,classical,happy|tense,0.112,0.231,0.783,84.9,-18.85,0.037,0.944,0.676,0.223,254197,6,0,4,28
MWidIuhsVc5CZY9bfx0OcZ,Neon City,Cole Shaw,country,happy,0.526,0.53,0.393,112.7,-5.72,0.065,0.368,0.131,0.031,-1000,1,1,5,38
2LNEErDnFKgtKiaRZkYEoW,Neon Echo,Mira Voss,rock,romantic|energetic,0.526,0.671,0.606,123.5,-7.3,0.007,0.368,0.344,0.068,205378,3,1,3,22
yb6rxwnupakqnkrlY6LuIf,Endless Road,Reo Stone,folk,chill|uplifting,0.648,0.354,0.661,111.0,-9.8,0.067,0.671,0.031,0.377,250153,11,0,4,36
ds6itM4FspSV8bCEPdISCh,Distant Ocean,Ezra Voss,electronic,melancholic|nostalgic,0.854,0.876,0.337,140.2,-7.92,0.01,0.0,0.258,0.045,225752,2,1,5,60
H24F1NWPUHx9Q6RdkehdM0,Golden Wave,Rio Marsh,metal,nostalgic|chill,0.719,0.873,0.5,150.9,-5.64,0.106,0.0,0.322,0.139,223523,3,1,5,48
i47JaNrQ1SM3IjmFms1QkE,Endless Light,Reo Cross,electronic,aggressive|romantic|chill,0.717,0.754,0.827,114.1,-2.78,0.099,0.076,0.315,0.0,-1000,11,0,4,15
Qn6SeotxoVHJGUMKLar5OC,Lonely Memory,Finn Knox,country,dreamy|romantic,0.294,0.525,0.485,111.2,-7.68,0.118,0.352,0.0,0.0,196008,2,0,4,61
uB4NbO2YlZ36qrGz8TWe4T,Fading Light,Jax Blake,r&b,nostalgic,0.616,0.605,0.346,118.9,-5.66,0.069,0.338,0.012,0.11,185171,0,1,4,40
2uxUOky1JZSopCqDifNWp9,Electric Light,Reo Cross,reggae,uplifting|melancholic,0.83,0.671,0.479,83.1,-8.02,0.088,0.324,0.002,0.044,218574,11,0,4,50
vhsNG2KGub18kVns4JM3ug,Crystal Heart,Jax Wells,country,happy,0.863,0.433,0.756,98.7,0.0,0.0,0.201,0.0,0.28,272142,6,1,4,57
aIbLoB1OOKTwGF1auyquAz,Silent City,Ava Vance,r&b,playful|happy,0.586,0.39,0.474,98.1,-6.13,0.082,0.195,0.094,0.118,179270,7,0,3,28
p7zilLNDC0z7CSG0q1MhRM,Silent Light,Jax Quinn,,sad|melancholic|tense,0.645,0.743,0.484,88.8,-9.89,0.118,0.466,0.039,0.071,234871,2,1,4,50
kBNnOoexesO4cAsKHrGTeB,Broken Rain,Talia Vance,hip-hop,nostalgic|tense,0.819,0.483,0.404,98.3,-4.86,0.221,0.186,0.0,0.0,222328,8,1,5,47
DBfcBBN4Cq0S0IevyxrUTT,Golden Echo,Talia Hale,latin,aggressive|uplifting,0.884,0.605,0.712,105.4,-5.17,0.11,0.353,0.0,0.198,239116,4,1,4,45
rvz8ygHZkbBaKRX3bFt3Gy,Radiant Garden,Mira Cade,rock,uplifting|sad|chill,0.342,0.727,0.278,129.7,-4.31,0.098,0.196,0.0,0.229,237054,9,0,4,59
sT4bVAFQxVyH0EQZTVnz6s,Golden Wave,Leo Ryder,pop,dreamy|energetic,0.651,0.658,0.566,139.1,-4.05,0.103,0.048,0.0,0.0,163737,4,0,4,34
y8E2YEQ2DMk5Y3bjIwn5jv,Sweet River,Ezra Stone,blues,sad,0.387,0.43,0.204,97.5,-6.24,0.028,0.331,0.02,0.171,234562,7,1,4,28
6Ov7dI8WFXN4DIlZi1ME6f,Neon Horizon,Jax Voss,r&b,chill|melancholic,0.808,0.517,0.453,78.9,-6.88,0.08,0.21,0.0,0.152,191558,2,1,5,7
NWn0lKYw2qc2A7Ii40GndY,Wild Dream,Nova Knox,indie,energetic|melancholic,0.419,0.602,0.375,111.8,-7.98,0.099,0.345,0.071,0.289,196136,8,1,4,16
6eu6weG6d43PPiKO5xBB87,Silent City,Talia Cross,reggae,playful,0.744,0.814,0.712,97.9,-6.99,0.061,0.064,0.0,0.25,150703,3,1,4,29
zgBUDLE5dbhANaYBIut0RI,Hollow Storm,The Ghosts,jazz,melancholic|happy,0.779,0.558,0.271,105.7,-14.54,0.107,0.547,0.51,0.215,195518,4,0,5,68
jskbMSGASjj0Ny2EeyCuLc,Lonely Ghost,Reo Lark,electronic,happy|aggressive|sad,0.762,0.599,0.297,136.9,-10.22,0.025,0.0,0.394,0.173,243589,10,0,4,48
TbWhWVkDLkaWwt9udlmBg1,Wild Garden,Wren Stone,r&b,romantic|chill,0.687,0.645,0.574,112.2,-6.42,0.119,0.355,0.0,0.033,185428,9,0,5,61
y8KjkP01phT44c5Vmx6swv,Electric Shadow,Kai Vance,metal,aggressive|nostalgic|melancholic,0.394,0.706,0.199,152.3,-2.44,0.087,0.0,0.095,0.1,144380,8,0,4,50
RkeAiL9pzPlruN2GdOg3bi,Endless Dream,Nova Wells,rock,aggressive|dreamy,0.825,0.843,0.589,123.6,-4.63,0.045,0.278,0.0,0.183,256002,10,0,4,42
U9QnSIhjZSPbu2OGaQSG0b,Burning Rain,The Shadows,rock,uplifting,0.549,0.693,0.668,134.6,-7.71,0.092,0.0,0.119,0.122,179965,5,1,4,27
jvWRxwyQSQ7kstbCv4GVst,Restless City,Leo Voss,pop,happy|uplifting,0.708,0.681,0.55,118.5,-6.45,0.024,0.125,0.105,0.118,213113,4,0,4,32
8AJtfweYLSfQ9ua7Yt6yJ6,Sweet Echo,Reo Cade,indie,uplifting|playful,0.532,0.525,0.69,116.2,-9.35,0.066,0.528,0.185,0.13,205493,4,1,4,45
MFGTW49ezxCUjCOoPfh8tL,Lonely Light,Iris Shaw,electronic,tense|aggressive,0.679,0.903,0.76,120.4,-5.83,0.048,0.0,0.56,0.163,179921,7,1,5,46
J1eyjwcqR10SPncYLaZK7M,Endless Rain,Rio Hale,electronic,romantic|dreamy|sad,0.636,0.654,0.32,119.9,-7.76,0.037,0.054,0.231,0.141,230687,3,1,3,74
CipGBVQTzjSxswPjk6KN3P,Restless Heart,The Skylines,classical,playful|nostalgic,0.502,0.409,0.368,103.8,-14.97,0.087,1.0,0.812,0.227,212741,5,1,4,22
HNIM8IWXiouizYYJaqRcfM,Velvet City,Ezra Cade,indie,energetic|melancholic|nostalgic,0.536,0.358,0.44,116.4,-11.9,0.042,0.374,0.0,0.057,232553,9,1,3,73
0WwSIlR9ZmFOR6Yu2sFodD,Wild Shadow,Ezra Quinn,indie,melancholic|romantic,0.487,0.687,0.541,117.5,-4.5,0.026,0.233,0.185,0.123,-1000,2,1,4,33
qbsocacwgXF2LoOu4jahX5,Silent Echo,Iris Shaw,reggae,nostalgic|uplifting,0.647,0.429,0.896,107.5,-6.44,0.0,0.316,0.09,0.04,219505,5,0,3,25
LjklzPCY3fFC3TibMfXkxN,Burning Ocean,Zara Quinn,indie,uplifting|romantic,0.454,0.665,0.588,108.3,-4.59,0.082,0.089,0.063,0.192,148418,11,0,4,50
j5nMrBBZhN8wi9zeokwnhH,Lonely Storm,Zara Vance,electronic,playful|aggressive,0.723,1.0,0.466,114.5,-4.72,0.103,0.0,0.232,0.086,237675,8,0,4,77
9tGz18evKNEmDbBBmlMkH7,Restless River,Ava Frost,r&b,aggressive|playful,0.845,0.558,0.61,75.8,-7.52,0.033,0.032,0.005,0.236,169098,11,1,3,52
QjDEXV1UhqHERvsVnQ9N3K,Bitter Dream,Nadia Wells,rock,playful|uplifting,0.503,0.931,0.593,129.0,-4.74,0.071,0.227,0.163,0.086,201764,5,1,4,45
86yWTrMfH1Vu5KGJcOzKL9,Faded Fire,Kai Cade,country,chill,0.371,0.284,0.907,86.4,-3.59,0.075,0.443,0.263,0.016,176990,11,0,4,55
OKEA5IWxv2U5chBZfMzQyM,Radiant Bloom,Reo Cross,pop,sad|tense|nostalgic,0.626,0.512,0.385,102.3,-2.09,0.076,0.0,0.0,0.311,203632,3,1,4,0
GUcSK8cpXlpEQsQpoZOCOc,Broken Road,Sena Quinn,country,tense|nostalgic|aggressive,0.574,0.462,0.325,133.6,-5.31,0.149,0.432,0.0,0.262,221791,5,0,4,34
30KkiFScc4rWn9EVEO0XQS,Midnight Rain,Iris Stone,jazz,dreamy|playful,0.708,0.366,0.401,104.8,-7.82,0.025,0.23,0.0,0.307,288073,5,0,3,63
bXUndVca05G9rNRrrvRUjj,Wild River,Rio Lark,folk,playful|happy,0.438,0.168,0.651,100.3,-16.17,0.071,0.742,0.0,0.271,237934,9,1,4,70
IXGtBroRQhebgW3K4ySGpH,Midnight Bloom,Ezra Marsh,classical,romantic|chill,0.288,0.129,0.531,96.6,-15.74,0.095,0.97,0.669,0.282,236047,3,1,3,82
y5un6mJXJcIHPSlGneapA5,Hollow River,Nadia Quinn,hip-hop,melancholic|romantic|tense,0.799,0.725,0.713,90.5,-5.85,0.221,0.142,0.022,0.325,206078,6,0,4,34
L05ZrY3BdeQD1AiDWFyxSC,Midnight Skyline,Ava Vance,classical,uplifting|energetic,0.179,0.0,0.443,100.5,-21.42,0.122,0.956,0.93,0.246,181160,0,1,3,94
EgWzKBUT06VcS2ndtlBZaE,Velvet Ocean,Toma Ryder,hip-hop,romantic,0.786,0.553,0.562,101.5,-7.72,0.264,0.266,0.0,0.073,276023,10,1,4,32
X7bzRoKEcIgGuaB2QHbi0d,Bitter River,Leo Frost,metal,energetic|tense|aggressive,0.454,0.969,0.083,145.6,-6.52,0.125,0.145,0.055,0.18,230319,10,0,3,58
xeHwVfPXTNez6QgRXAk1ZV,Radiant Fire,The Roads,classical,sad|nostalgic,0.281,0.58,0.095,108.7,-19.45,0.042,0.842,0.92,0.004,227893,9,1,4,22
y6hAix3akgWDt5J3P3AecL,Velvet Heart,The Fires,metal,sad|aggressive,0.449,0.701,0.313,134.8,-1.48,0.024,0.375,0.026,0.222,221735,4,0,3,31
6axn7wWg0gdy1w5yTSBC9w,Radiant City,Reo Frost,pop,playful|energetic,0.732,0.621,0.611,108.1,-7.63,0.057,0.16,0.0,0.206,193263,3,0,3,52
1kzarSImHaB85RgJgZqTMn,Hollow Echo,The Oceans,pop,romantic|tense|sad,0.5,0.806,0.599,118.9,-10.2,0.115,0.391,0.0,0.315,170211,2,0,4,53
FaKAVGNAQRZ4GOLlkl1F0n,,Leo Frost,blues,aggressive|tense|uplifting,0.224,0.545,0.419,76.2,-9.75,0.006,0.734,0.0,0.193,157441,9,0,4,39
ulAfOH0k9i7I7BnCGsout7,Bitter Storm,Mira Cade,electronic,uplifting|aggressive,0.632,0.757,0.705,101.7,-1.92,0.131,0.224,0.428,0.073,216835,5,0,4,57
ikXJEI9HPnoVpDs8RdhMpC,Sweet Ghost,Rio Marsh,folk,aggressive|chill,0.544,0.188,0.269,88.9,-7.32,0.081,0.534,0.081,0.307,156540,0,1,4,47
xmrXyWM65D1DSX2segtmCX,Wild Star,The Echos,folk,romantic|tense,0.407,0.379,0.451,109.6,-9.9,0.02,0.823,0.0,0.076,246486,10,1,4,55
iTg3CwaiwkhbZ6lWUi94rQ,Silent Heart,The Waves,classical,chill|tense|nostalgic,0.464,0.312,0.457,90.4,-18.08,0.016,1.0,0.877,0.248,178939,4,0,3,44
mHtCsfpr5DmS4udLOHBhod,Restless Rain,Sena Shaw,country,playful,0.547,0.424,0.836,93.2,-8.24,0.057,0.288,0.0,0.002,186237,10,1,3,43
6w7O5iKVo8yvv0BLUwH5Kr,Neon Rain,Mira Cross,hip-hop,energetic|nostalgic|romantic,0.759,0.643,0.501,113.9,-9.01,0.151,0.209,0.0,0.186,294336,4,0,4,52
JHm86BaUx3ZSdxPWpvDoSB,Faded Light,Iris Quinn,latin,chill|aggressive|playful,0.917,0.599,0.923,100.7,-2.04,0.058,0.279,0.108,0.298,235497,5,0,3,36
atMkzdVU02nsrHnGFZ6fZZ,Restless Light,The Gardens,reggae,dreamy|sad,0.839,0.521,0.419,85.5,-6.16,0.114,0.251,0.074,0.089,191988,2,1,4,28
kLgr3ynPzifpavxVZQEGl2,Burning Skyline,Wren Shaw,jazz,happy|playful,0.473,0.467,0.604,114.2,-10.55,0.0,0.618,0.177,0.141,196435,4,1,4,15
kdIR79xOKB26Fn8NYJ1xly,Hollow Rain,Nova Ryder,classical,uplifting|dreamy|happy,0.254,0.279,0.598,90.6,-19.76,0.029,0.812,0.835,0.158,204151,3,1,4,49
inAb2KH2x2GfpV8pWpTT1q,Faded Echo,Kai Wells,country,uplifting,0.457,0.443,0.738,112.5,-3.79,0.159,0.324,0.109,0.104,189522,10,1,3,65
Y4I22QcdOs67hWtZNKNYdY,Restless Garden,Nadia Cross,metal,nostalgic|melancholic,0.508,0.959,0.136,149.4,-4.18,0.03,0.0,0.0,0.286,259432,3,1,3,75
SaCv1oVKTvEVOCr8566JCx,Crystal City,Jax Frost,reggae,sad|melancholic,0.788,0.597,0.809,84.1,-7.79,0.096,0.15,0.089,0.16,257950,4,0,3,87
xehA33VkXIcU8cKPu7yEtd,Fading Shadow,Ezra Hale,hip-hop,tense,0.875,0.744,0.649,139.5,-9.77,0.182,0.309,0.099,0.123,193621,2,0,4,47
FrOXVPtcC8EUz5ih1C3zxh,Restless Rain,Ezra Knox,latin,happy|uplifting,0.693,0.704,0.822,85.4,0.0,0.0,0.077,0.0,0.0,276622,0,0,3,75
eUz5rh6iCpmWnryII2b45n,Burning Bloom,Jax Vance,blues,aggressive|melancholic|uplifting,0.34,0.466,0.35,106.6,-7.28,0.09,0.43,0.242,0.2,198843,10,0,3,33
PJVNzHOsdOuk8BqdcuYVw5,Neon Bloom,Kai Hale,folk,happy,0.533,0.532,0.621,90.9,-11.97,0.095,0.743,0.0,0.104,234943,1,1,4,91
Ua9orZRFnEuIo8zGpOEj9a,Distant Shadow,Nova Marsh,country,playful,0.532,0.593,0.468,116.4,-7.92,0.0,0.366,0.0,0.136,261137,6,1,4,71
MEFfottZW2JUnwh9UITorY,Restless Shadow,The Blooms,metal,happy,0.312,0.991,0.416,148.2,-7.08,0.0,0.091,0.183,0.178,155178,11,0,3,62
kwtaFKuuOFThCw4AICHOCY,Restless Wave,Rio Ryder,hip-hop,sad,0.683,0.627,0.567,122.7,-4.24,0.168,0.11,0.0,0.152,176148,4,0,3,45
1e2xoMCNRkMTtsZHmnoCPD,Wild Garden,Cole Wells,classical,chill,0.371,0.331,0.135,98.1,-19.41,0.017,0.952,0.85,0.077,250438,9,0,4,48
sHCz0w36Ecu50pYwWzpSi8,Crystal Shadow,Leo Reyes,reggae,happy|romantic,0.805,0.603,0.708,103.2,-8.3,0.106,0.587,0.206,0.209,193481,0,1,4,87
hGNZ00hw7NvWIXglKFGMvH,Endless Wave,Cole Knox,rock,chill,0.556,0.718,0.511,137.7,-5.94,0.075,0.0,0.083,0.319,217611,3,1,5,50
Lez8i6QW9HUuT1YdPcRbaC,Fading Light,Finn Voss,hip-hop,aggressive,0.573,0.801,0.466,103.6,-4.07,0.134,0.106,0.0,0.193,234259,1,0,4,60
9zCVv0yYNvUdMzZVaeBkVe,Endless Echo,Sena Shaw,pop,aggressive|sad,0.566,0.632,0.392,108.3,-2.98,0.0,0.27,0.0,0.063,175664,2,1,4,42
GPdQkKKTLBFOAjXiOPykvF,Endless Skyline,Cole Blake,metal,tense,0.716,0.914,0.32,158.8,-6.94,0.0,0.048,0.172,0.078,185769,2,1,4,48
fYIDuKRybkLw7NT1tBu8zy,Midnight Skyline,Rio Voss,country,happy|chill,0.523,0.45,0.764,114.8,-9.04,0.0,0.33,0.046,0.093,287452,1,1,4,69
GWTlL1LeFzjBkqaeMPxEEa,Neon Fire,Talia Knox,indie,nostalgic|uplifting,0.752,0.542,0.228,115.7,-10.12,0.099,0.528,0.223,0.09,210338,9,0,3,40
3NmvqBSDFxfn033LN9hdvY,Golden Memory,The Roads,r&b,playful,0.79,0.636,0.632,104.6,-6.03,0.0,0.0,0.07,0.195,292057,6,0,3,47
EAqgwUDcSMnbA7AUW7BHqu,Restless Garden,Jax Blake,latin,sad|uplifting,0.646,0.635,0.663,104.7,-8.61,0.068,0.211,0.192,0.124,250422,7,0,4,33
YHsxuwUY8U5rmVjVbV9v9s,Burning Garden,The Stars,folk,happy|romantic|nostalgic,0.351,0.352,0.269,101.3,-11.72,0.04,0.666,0.065,0.047,202206,6,1,3,33
QY7Lz2BdZM365nOBnhT6E8,Fading Skyline,Iris Blake,reggae,nostalgic|uplifting,0.731,0.487,0.397,100.9,-3.58,0.0,0.225,0.0,0.191,156135,0,0,3,42
M3lrF7AKo28aLDNbcEoTKS,Neon City,Reo Quinn,electronic,tense|dreamy,0.597,0.728,0.368,137.6,0.0,0.096,0.158,0.202,0.194,181197,1,0,4,10
quZ8TsoEsAzDTUJ5BpTgk2,Midnight Fire,Reo Wells,pop,chill|melancholic|energetic,0.835,0.663,0.684,121.8,-9.21,0.099,0.185,0.107,0.302,230986,5,0,4,47
jfI2NXrmJPqLDbi9qY71y2,Golden River,Cole Voss,metal,dreamy|aggressive,0.269,0.872,0.257,160.0,-5.99,0.08,0.015,0.003,0.054,225101,7,1,3,49
i7BbP0rME3y1LXqVr4y7xy,Crystal Memory,Leo Vance,hip-hop,chill|playful|uplifting,0.618,0.549,0.453,105.4,-8.91,0.236,0.195,0.3,0.176,233899,10,1,4,42
dJ74u6mLpUhUAy5h1eegbn,Bitter Shadow,Zara Wells,hip-hop,nostalgic|romantic,0.759,0.621,0.605,93.2,-3.91,0.213,0.0,0.284,0.045,188998,2,0,3,54
AnKDalqx8ICvIGxEyOP7VL,Silent Storm,The Roads,blues,chill|happy,0.479,0.426,0.421,114.4,-7.99,0.075,0.301,0.036,0.292,202146,1,1,4,25
JwlNlyRbQvA7XhbLDt077R,Silent Bloom,The Skylines,metal,aggressive|tense,0.383,1.0,0.658,128.8,0.0,0.055,0.039,0.05,0.337,254398,11,1,4,56
IkW3ZW93hY6XZZPN0YDDWk,Faded Rain,Wren Vance,classical,romantic|uplifting,0.399,0.186,0.602,98.6,-15.62,0.074,1.0,0.748,0.204,166644,1,1,3,56
W52ti5SS7JwIfagLgrVEDK,Hollow Skyline,Toma Hale,reggae,uplifting,0.708,0.649,0.519,95.3,-11.06,0.022,0.124,0.018,0.151,281252,5,1,4,38
CvSymXXX6ObjiispLqCf2P,Restless Skyline,Mira Frost,jazz,chill,0.53,0.539,0.839,118.6,-9.74,0.089,0.493,0.383,0.0,199735,10,0,5,23
cdUWVEMzI52sewnBK8Z9ss,Distant Horizon,Nova Ryder,folk,romantic|nostalgic,0.665,0.417,0.115,112.0,-12.14,0.0,0.951,0.195,0.111,165972,1,1,4,38
oqaG9nw4NDFubXCLox4zJt,Bitter Dream,Ezra Lark,metal,sad|tense,0.513,1.0,0.311,147.6,-4.34,0.024,0.069,0.0,0.0,156298,0,1,3,0
jTBknbNCydzKj0ql0CZKeL,Silent Road,Cole Lark,hip-hop,playful|tense,0.632,0.65,0.623,77.4,-1.31,0.198,0.03,0.0,0.299,240356,8,0,3,57
FRkHxe6jKXQTRSM8QWRqce,Broken Rain,Nova Stone,rock,dreamy|energetic,0.574,0.713,0.283,128.4,-4.27,0.136,0.139,0.168,0.247,190952,3,1,4,56
lOXOYEpOfQdbhGFNq2dgIq,Burning City,Sena Frost,hip-hop,romantic|playful,0.781,0.592,0.637,96.4,-5.44,0.153,0.298,0.076,0.242,200740,10,0,4,46
7WNN3xAtKFvBCghCwhx4kI,Silent Skyline,The Dreams,reggae,melancholic|sad,0.559,0.498,0.566,93.3,-6.07,0.105,0.323,0.235,0.084,259460,2,1,4,31
V44jqnI4Zjl0K4z7OI2T72,Neon Road,Jax Wells,r&b,aggressive|melancholic|happy,0.612,0.672,0.397,84.3,-9.6,0.049,0.0,0.132,0.253,215651,5,0,4,57
KreeFy3kmldMYdGRFIcFX7,Crystal City,Nova Frost,jazz,dreamy|playful|tense,0.472,0.309,0.545,119.7,-12.77,0.163,0.77,0.339,0.077,303941,0,1,3,41
YZrZkQwxVfILmhphG364Q1,Wild River,Iris Hale,indie,nostalgic|dreamy,0.491,0.454,0.394,129.9,-4.76,0.056,0.579,0.032,0.19,194459,6,1,5,26
SfkIWqZJCGEDvHUfkJheoF,Fading Echo,Iris Shaw,r&b,nostalgic,0.938,0.531,0.383,100.1,-6.64,0.079,0.237,0.109,0.177,263496,4,1,4,45
YnROUUATXlnvlDAE5Sr12h,Silent Echo,Iris Voss,jazz,dreamy|uplifting,0.481,0.559,0.698,117.5,-8.74,0.031,0.468,0.21,0.159,229079,10,0,4,41
2vFcYFqCJQaEEkLwrxlrfG,Radiant Horizon,Zara Stone,country,playful,0.721,0.577,0.618,108.2,-8.76,0.041,0.258,0.119,0.209,205390,6,1,4,69
6q7l7IEeZ9N4ybwkIHiw2e,Faded River,The Hearts,rock,tense,0.374,0.708,0.597,137.0,-6.29,0.109,0.0,0.0,0.25,203279,5,0,4,60
xSwjvl0ke3Z21GiGkbamVy,Sweet Shadow,Reo Frost,folk,dreamy,0.274,0.114,0.809,119.4,-8.76,0.026,0.856,0.0,0.116,173166,10,1,4,69
IwA4epkP1wbhrecHMHgyTO,Neon Dream,Nova Voss,folk,uplifting|sad,0.519,0.244,0.834,89.1,-9.54,0.0,0.715,0.132,0.2,161411,7,0,4,56
khBWNYpSfajGwE9m13RHzZ,Fading Memory,The Fires,reggae,dreamy,0.759,0.625,0.664,69.3,-5.71,0.028,0.347,0.028,0.355,215728,2,0,4,36
I0eukuBCKWkUxZEISZEWtY,Faded Dream,Rio Vance,electronic,tense|happy,0.598,0.569,0.648,127.3,-3.32,0.042,0.0,0.352,0.037,262677,3,0,4,30
MOQdGn1QCpeQ1AaHt0cpqw,Radiant Bloom,Finn Frost,country,tense|chill,0.566,0.555,0.499,102.6,-6.47,0.102,0.417,0.142,0.0,174400,6,0,4,28
8jomtUAXXJri10Ck0bzQM7,Crystal Storm,The Rivers,metal,sad,0.267,0.712,0.238,149.9,-5.7,0.0,0.0,0.083,0.027,128528,2,0,5,54
OnkwyzeLGHq5F8MIej7SaF,Hollow Ghost,Ezra Frost,indie,happy|chill,0.843,0.536,0.68,96.8,-8.27,0.046,0.151,0.044,0.06,224232,3,0,4,55
FAqyIxYQThNhTCUE5EC8N6,Hollow Horizon,Toma Reyes,reggae,happy|playful,0.87,0.717,0.631,85.5,-11.44,0.0,0.112,0.0,0.29,150003,11,0,4,24
J3CLmHnGhcVDCXnXXhPerK,Burning Horizon,Finn Cross,classical,playful|uplifting,0.128,0.266,0.401,97.4,-21.37,0.049,0.734,0.905,0.004,145743,10,1,4,62
ZPf7zZergMbpAEhy63cXiL,Velvet Bloom,Sena Hale,pop,chill|aggressive,0.608,0.725,0.395,111.8,-5.04,0.071,0.083,0.228,0.244,188185,3,0,4,25
MXgvfTi5gb0aQ89bGQ153S,Restless Shadow,Kai Marsh,electronic,dreamy|energetic|nostalgic,0.911,0.875,0.283,136.7,-6.83,0.033,0.169,0.339,0.266,226677,2,1,4,0
8oUTwkBLblovQZuxqUvgjy,Golden Memory,Iris Vance,country,playful|chill|uplifting,0.685,0.429,0.48,130.0,-6.41,0.05,0.428,0.0,0.309,162175,8,1,5,43
pjWCRUx4HBxuKeIPXxH4FC,,Kai Cross,pop,sad,0.662,0.619,0.557,125.0,-6.28,0.141,0.363,0.015,0.129,193508,5,0,4,51
PArKEv5FEAuWWCiYUW8qV1,Faded Memory,Finn Knox,blues,sad|dreamy,0.548,0.171,0.299,81.1,-8.23,0.107,0.435,0.312,0.0,143712,5,1,4,35
o2UZGerEgCkvMWt2Nspj3m,Faded Star,Zara Frost,latin,playful|happy|chill,0.791,0.582,0.962,116.6,-6.16,0.018,0.133,0.16,0.164,188534,8,1,4,59
nhjT7YrjSMdh9OvSIm1Ig6,Crystal Memory,Ezra Wells,r&b,sad|melancholic,0.696,0.569,0.228,99.7,-6.28,0.012,0.0,0.018,0.133,182555,2,0,5,26
Yhe57K0UE9OEgyJYdbARtj,Electric Shadow,The Shadows,jazz,dreamy|happy,0.365,0.424,0.589,108.9,-11.88,0.089,0.383,0.047,0.215,226473,9,1,3,30
U4YvtOJSHLGW4oWKLRmlr8,Distant Ghost,Toma Ryder,classical,chill,0.628,0.285,0.458,96.1,-17.56,0.0,0.809,0.709,0.19,216473,4,0,4,20
AFbHiIHina87ubtBnzUV1c,Distant Star,Finn Lark,jazz,tense|sad|aggressive,0.27,0.547,0.492,126.5,-10.03,0.128,0.774,0.227,0.232,144924,10,0,4,28
vd5sxX6iO05yuGXdlLbnnZ,Silent Ghost,Cole Shaw,blues,melancholic|uplifting,0.412,0.448,0.379,99.5,-9.2,0.057,0.563,0.2,0.165,241297,4,1,4,38
0Jxnm6chIkJ4xPOSKuIAGK,Radiant Ocean,Talia Knox,pop,nostalgic|happy,0.687,0.744,0.572,136.9,-7.78,0.017,0.041,0.0,0.06,190051,7,1,4,6
2rtbZywXb8npXmFw45esv7,Velvet Dream,Rio Knox,metal,nostalgic,0.416,0.904,0.122,127.7,-4.24,0.0,0.0,0.223,0.136,229725,0,0,4,18
SFvi3oQSskEEYDSpnEKjjp,Silent Road,The Skylines,jazz,playful|chill,0.546,0.51,0.549,109.6,-9.49,0.099,0.635,0.149,0.198,191141,0,1,4,93
adDmrl6WMWmKcSDCo6VF6j,Lonely Heart,The Skylines,classical,nostalgic|dreamy,0.331,0.414,0.282,75.1,-18.73,0.102,0.872,0.731,0.0,230108,10,0,4,35
KUptsp1pBmkpsQuUGghEcJ,Broken Echo,Mira Blake,metal,aggressive|sad,0.561,0.949,0.361,141.2,-11.2,0.0,0.0,0.0,0.396,239471,7,1,5,57
Y7yML2JPLWEpl2DDBKzSom,Endless Bloom,Sena Stone,country,aggressive,0.788,0.7,0.759,114.5,-5.55,0.099,0.474,0.0,0.055,273119,10,0,4,63
QLUgd4jSOX0NeigY87mP1E,Radiant Ocean,Ezra Knox,latin,sad|tense|dreamy,0.688,0.663,0.587,110.0,-6.97,0.092,0.153,0.085,0.159,179073,0,1,4,35
VzlsrIpuLbUtR9cUrttIOd,Silent Echo,Rio Cade,pop,sad|tense,0.547,0.507,0.501,111.0,-5.31,0.041,0.0,0.133,0.064,250620,6,0,3,40
AmeSYSVeuQ8u55w92pdK1t,Burning Star,The Hearts,pop,happy|sad,0.611,0.798,0.35,123.4,0.0,0.133,0.251,0.0,0.126,162820,9,1,3,32
8tumz3xwVfXAAuvzjvg9ww,Endless Storm,Jax Cade,hip-hop,dreamy|happy,0.823,0.647,0.732,100.5,-11.29,0.244,0.139,0.0,0.039,178210,0,0,4,41
cRFD0iwdW1ZO3RS0t3v1LZ,Sweet Garden,Rio Frost,reggae,playful,0.691,0.458,0.461,85.8,-7.61,0.073,0.184,0.04,0.077,316241,5,0,3,52
1USeZqdRzR7lef4kBxdMbv,Endless Rain,Ava Shaw,jazz,uplifting,0.309,0.33,0.428,99.4,-9.1,0.08,0.602,0.304,0.265,187476,11,1,4,3
9aJK1gn1hIpDmshVmTWlC5,Bitter Ocean,The Storms,r&b,sad,0.784,0.712,0.225,95.1,-7.18,0.0,0.216,0.0,0.2,226773,5,1,5,44
VoC2EKzCABEjFolyyXnibX,Neon Storm,Rio Stone,indie,aggressive|energetic|sad,0.57,0.417,0.371,104.0,-8.03,0.075,0.275,0.039,0.164,242249,7,1,4,27
F1BJcYPZDqVH7K49eecipz,Sweet Horizon,Toma Cade,country,happy|uplifting|melancholic,0.606,0.678,0.784,114.9,-10.84,0.133,0.465,0.121,0.105,268032,5,0,3,31
ZhcQZtZSv5dz38E7US9qvI,Silent Storm,Talia Frost,country,sad|tense|uplifting,0.58,0.641,0.672,114.0,-4.83,0.075,0.293,0.198,0.183,169460,0,1,4,26
ZPOEYoYDha35wZTX0jJ5pD,Fading Storm,Reo Wells,r&b,sad|happy,0.564,0.617,0.333,99.7,-3.12,0.051,0.0,0.055,0.0,259259,5,0,4,41
0zL8293mZQqRgGsE4aAAnt,Faded Star,Cole Reyes,latin,energetic|playful,0.864,0.853,0.817,94.7,-4.9,0.076,0.076,0.182,0.069,258584,10,0,4,81
zT5eOw3lMNJpyk7ZvVbAEB,Crystal Ocean,Kai Hale,r&b,chill|dreamy,0.856,0.466,0.61,74.3,-9.79,0.036,0.233,0.027,0.035,270995,2,1,3,42
jbBaiLbZfuIQHjLYR4ao79,Restless Rain,Kai Cross,metal,sad|aggressive,0.312,1.0,0.024,147.4,0.0,0.042,0.088,0.075,0.071,264674,11,0,3,30
uGkKktfUFY8BOrrjStWqvZ,Distant Wave,The Echos,rock,melancholic|aggressive,0.616,1.0,0.823,136.2,-2.42,0.052,0.0,0.0,0.0,217781,8,1,4,30
eFJRyP884phhoQVdeYhiBd,Velvet Skyline,Kai Cade,rock,playful|nostalgic,0.633,0.716,0.655,118.1,-8.25,0.087,0.0,0.154,0.001,247466,10,0,4,60
aODA80Y5JaWTfimvwMlAcu,Electric River,Rio Reyes,indie,romantic|sad,0.539,0.354,0.497,123.6,-10.32,0.081,0.245,0.171,0.016,215562,2,0,3,11
vMu0XfCeRFTC7hR1GfOBtW,Lonely Road,Toma Blake,blues,romantic,0.275,0.551,0.538,96.3,-8.63,0.069,0.484,0.077,0.0,238867,8,1,3,42
0nTlONKLso2rNVBTvevHln,Endless Shadow,Sena Quinn,folk,tense|playful|chill,0.643,0.262,0.751,85.4,-10.46,0.179,0.825,0.391,0.095,208968,11,1,5,98
KoYYRJ0dDJpBqNAOglJeE9,Bitter Road,Iris Frost,r&b,dreamy|chill,0.782,0.312,0.529,95.6,-5.31,0.158,0.149,0.028,0.244,182870,9,1,3,14
GRl2Z0ajgJBpSbKZLTbzx5,Restless Ghost,Jax Ryder,indie,happy|melancholic,0.55,0.538,0.817,127.9,-9.99,0.0,0.198,0.192,0.133,256169,4,0,4,73
3LF4p0UaLAsrNgD05hqNy9,Broken City,Kai Lark,country,romantic|happy,0.531,0.534,0.608,102.4,-8.19,0.124,0.462,0.0,0.012,263263,7,1,4,43
78Yxn0lF9iuJFWKxE2NTjb,Wild Ocean,Jax Knox,indie,tense|energetic|melancholic,0.512,0.405,0.381,100.5,-10.57,0.135,0.108,0.0,0.118,212905,5,1,4,72
5wWPren1KWSrJKyXHGTVjN,Fading Memory,Kai Wells,metal,melancholic|uplifting,0.343,0.591,0.349,134.9,-6.82,0.064,0.0,0.31,0.0,211013,2,0,4,56
Q9C3U661phi0mmJrYRUpFF,Fading Wave,Kai Cade,folk,uplifting|tense,0.365,0.342,0.399,117.1,-9.55,0.082,0.72,0.194,0.055,182508,10,1,5,24
FA70JHlu6w8JDKMd0xDEMo,Golden Garden,Kai Marsh,latin,uplifting|energetic,0.733,0.805,0.442,95.3,-5.22,0.066,0.325,0.079,0.262,270439,5,0,4,98
4RekJNxAACAFjSSSc8klBx,Radiant Bloom,Kai Blake,r&b,dreamy|energetic,0.516,0.704,0.518,74.7,-9.12,0.0,0.208,0.082,0.128,209874,7,0,4,30
r0xSEutpBc8tdBmWEiv67t,Electric Dream,Jax Lark,r&b,sad,0.597,0.454,0.308,91.8,-6.34,0.05,0.475,0.08,0.254,238147,6,1,5,36
27XW95tJJexyIQFTY07RZT,Midnight Ocean,Wren Ryder,electronic,tense|sad|nostalgic,0.776,0.825,0.452,123.2,-5.91,0.027,0.0,0.239,0.148,206173,8,1,4,64
j4b8H4MyiMkJDOWaIShRGZ,Distant City,Cole Blake,r&b,uplifting|chill,0.417,0.47,0.248,104.8,0.0,0.079,0.229,0.154,0.02,242903,1,0,4,20
N1HOUoZFy6KXSt3yUomw2j,Crystal Fire,Kai Quinn,indie,melancholic|dreamy,0.47,0.662,0.385,122.7,-11.46,0.007,0.202,0.0,0.033,159811,7,0,4,34
S7GRMEZdjmxyuK08MoCwWK,Distant Dream,Talia Ryder,r&b,playful|romantic,0.643,0.429,0.704,103.1,-2.86,0.094,0.375,0.0,0.059,216369,2,1,4,82
AkdPgkDx63cu9sDHbnGFVt,Velvet Echo,Iris Vance,rock,melancholic|nostalgic|chill,0.558,0.738,0.603,151.3,-11.09,0.018,0.0,0.0,0.261,196622,4,0,4,78
Z3slX1VTPhqDYn8fNOUANr,Crystal Storm,The Roads,folk,tense|uplifting,0.531,0.456,0.423,90.0,-11.75,0.007,0.76,0.02,0.325,205249,1,1,4,53
LZwiGaj1sQAgkvZS4P9Gvy,Burning River,Nadia Stone,electronic,chill|energetic,0.92,0.752,0.544,111.2,-4.11,0.0,0.18,0.286,0.253,162462,11,1,4,17
vuW30wA206xkQ1WaQZ0cIr,Burning City,Zara Wells,electronic,sad|uplifting|playful,0.823,0.934,0.451,126.4,0.0,0.0,0.185,0.138,0.191,209486,8,1,3,51
t9spVpdnTf7MJ68YmCVyeD,Wild Echo,Leo Frost,blues,melancholic|aggressive,0.612,0.496,0.295,77.7,-6.96,0.06,0.486,0.069,0.3,194884,11,1,4,39
0fwENRy0j6o6vdfpIdoNdS,Hollow City,Ezra Frost,classical,uplifting|romantic,0.263,0.301,0.627,129.9,-18.32,0.063,0.821,0.652,0.035,211910,11,0,3,8
OZ1XPExvdQPhbxtgPZfU7a,Fading Wave,Kai Hale,electronic,aggressive|happy,0.679,0.739,0.539,118.5,-4.7,0.063,0.0,0.282,0.05,206215,11,0,4,10
w94cNECqmXlBsQD6MNrZo8,Endless Road,Ava Vance,r&b,chill|romantic,0.675,0.567,0.647,101.5,-7.47,0.073,0.15,0.261,0.076,221290,5,0,4,64
DY1UPuDOWqVnX1gbdSa2kI,Bitter Memory,Ezra Vance,blues,melancholic|aggressive,0.252,0.499,0.358,113.5,-8.31,0.091,0.394,0.303,0.23,219947,6,1,3,52
F965r22QcECqAp5qDe49z6,Burning Light,The Roads,folk,romantic,0.511,0.231,0.536,113.5,-7.4,0.126,0.774,0.179,0.0,170970,7,0,3,55
Mxqicehz4Ac7TJdqnKuX2x,Restless River,Ava Blake,country,playful,0.507,0.499,0.594,113.3,-6.18,0.113,0.332,0.0,0.188,222254,6,0,4,30
M1mhIf9eXc8ZAX6xzOGyj2,Broken Ocean,Cole Lark,rock,chill|energetic,0.619,0.796,0.434,125.2,-6.31,0.001,0.12,0.139,0.0,222472,9,1,4,35
13P31NxseyYaJVsja6s3hX,Golden Storm,Ezra Quinn,pop,nostalgic|melancholic,0.548,0.717,0.502,109.3,-0.78,0.0,0.198,0.0,0.168,268665,1,0,4,60
29GuNTl6arQoYH3vpcNzdE,Velvet Skyline,Cole Blake,classical,romantic|chill|energetic,0.0,0.209,0.668,96.5,-17.45,0.014,0.569,0.762,0.129,168892,2,0,4,56
LaUg8FQhvd1mwMVZDCDIY3,Electric Heart,Ezra Quinn,hip-hop,playful|aggressive,0.687,0.603,0.418,107.2,-6.16,0.198,0.024,0.024,0.015,153173,8,0,3,79
6iuRVQoikqTrI8o927IDB7,Broken Light,Ezra Frost,latin,happy|playful|chill,0.808,0.745,0.69,103.6,-6.02,0.152,0.231,0.118,0.067,244740,2,0,4,21
ljrEF7tBUTfmhcd8LEDAxd,Endless Garden,Cole Cross,reggae,nostalgic|uplifting,0.484,0.404,0.744,72.7,-9.27,0.036,0.022,0.152,0.0,210456,7,0,4,41
aI5ZCB4UFAAeJQax7zp3uF,Hollow Wave,Nadia Marsh,latin,aggressive|happy,0.855,0.852,0.786,109.4,-2.94,0.047,0.267,0.038,0.267,205412,7,0,4,53
d4MzGoT06y2ZZEIJhlEytP,Wild Echo,Finn Frost,latin,sad,1.0,0.618,0.481,96.5,-4.19,0.0,0.204,0.0,0.087,250765,5,0,3,1
87lDqoGFRhDQ50KR3nChOu,Broken Shadow,Cole Reyes,electronic,aggressive,0.982,0.618,0.409,125.4,-4.81,0.085,0.0,0.243,0.063,319150,9,0,3,55
25tMLF2iMrMaUsbZGnvyN1,Sweet Dream,Mira Cross,metal,tense|sad|romantic,0.274,0.943,0.404,139.4,-8.65,0.084,0.0,0.129,0.2,239326,9,0,4,26
B4Uag9BN5UfanodMMw93OK,Radiant Echo,Toma Reyes,reggae,melancholic|aggressive,0.669,0.83,0.424,82.0,-7.69,0.068,0.262,0.0,0.029,239614,4,1,5,62
4MtXbBPpdQVFvX45MieZ6F,Midnight Bloom,Toma Wells,reggae,tense|aggressive,0.807,0.704,0.663,102.1,-7.17,0.025,0.278,0.006,0.198,237966,5,1,4,45
TN60lMiej8wnpgh3PS5CLQ,Hollow Road,Cole Wells,hip-hop,chill,0.8,0.57,0.564,115.6,-8.18,0.21,0.141,0.0,0.0,213758,2,1,4,51
1y97HQlGWxZM8YfvywMDmg,Sweet Ghost,Finn Voss,classical,uplifting|happy,0.243,0.046,0.725,94.2,-17.89,0.176,0.636,0.735,0.0,192635,0,1,4,44
VmYps4r9FvCjNMVPmOazwF,Hollow Bloom,Nova Knox,hip-hop,uplifting|aggressive,0.888,0.627,0.535,105.5,-8.82,0.077,0.0,0.149,0.07,231816,7,1,5,35
IQaxnUMxAh1em8c7iuMeW0,Distant Road,Ezra Quinn,blues,sad,0.489,0.346,0.434,92.2,-11.46,0.005,0.611,0.269,0.224,179207,7,1,4,39
FG0N0C7kWJTG4DWGSikJUp,Silent Dream,Finn Wells,rock,playful|sad|chill,0.419,0.538,0.688,137.4,-7.31,0.0,0.253,0.023,0.164,247074,9,0,4,12
1gwIx33tZ0qa4OKDEK9OrN,Electric Dream,Jax Cross,blues,dreamy|nostalgic,0.503,0.373,0.529,101.4,-6.57,0.038,0.634,0.176,0.185,236733,3,1,4,48
LZOM7xBtPddxXcEXQdiZ85,Golden Skyline,The Roads,electronic,chill|energetic,0.601,0.721,0.689,131.5,-5.32,0.002,0.027,0.384,0.361,291761,2,0,4,43
IMQhxbigKgxJ4bvN37zW7b,Broken Ocean,Rio Lark,reggae,aggressive|chill|uplifting,0.77,0.669,0.737,70.2,-10.34,0.042,0.264,0.195,0.205,165323,1,0,4,18
VjdAFaK9DYwsejTl6mamMs,Hollow Heart,Sena Ryder,classical,uplifting|chill,0.25,0.082,0.544,124.9,-19.34,0.1,0.899,0.77,0.03,233690,3,0,4,36
SjI7cQeOuvZzqzfqP4Fuu8,Bitter Fire,Toma Voss,classical,nostalgic|energetic|uplifting,0.234,0.229,0.496,101.3,-16.17,0.041,0.849,0.861,0.0,238193,4,1,5,13
h2yRguipRBA1qoBiH6KsJ1,Fading Heart,Mira Hale,folk,happy|energetic,0.358,0.514,0.565,107.0,-10.29,0.024,0.704,0.245,0.085,154923,3,0,4,52
vgF4aJzY7xqs9vmcqkUje2,Crystal Ghost,Iris Knox,electronic,happy|sad,0.717,0.688,0.378,122.5,-3.63,0.057,0.053,0.389,0.26,170506,7,1,4,42
qixxC2jWu9PhxJ7K1k1E6f,Neon Ocean,Reo Marsh,rock,melancholic|happy|dreamy,0.412,0.875,0.854,140.4,-6.78,0.066,0.0,0.164,0.193,271343,0,0,4,39
aZp4wlOiXHixJ1BlGMaT5V,Golden Light,Reo Marsh,pop,aggressive,0.728,0.623,0.375,122.9,-5.31,0.046,0.216,0.052,0.312,191464,5,1,3,0
7emNtqH4vEGhx7CCrF8k3P,Velvet Wave,Mira Cade,blues,sad|aggressive|romantic,0.62,0.346,0.466,77.5,-8.91,0.098,0.525,0.02,0.332,156345,10,1,5,31
LalpzDY6QMQq7ZUHug1q6n,Lonely Ocean,Cole Marsh,blues,playful|happy,0.503,0.461,0.319,86.2,-11.14,0.088,0.464,0.341,0.169,242814,2,1,4,29
kXIXZpJLoDJkXu52fHqPh2,Fading Horizon,Talia Voss,rock,uplifting,0.429,0.81,0.695,105.6,0.0,0.08,0.0,0.0,0.047,244140,5,1,3,47
ofk6WSLRwZpf72qKzrYxuo,Faded Garden,Sena Stone,country,happy|tense|romantic,0.718,0.582,0.465,124.1,-9.0,0.041,0.425,0.0,0.163,157351,4,0,4,37
X03lpsTvKXQYpgr2fWoP9L,Hollow Shadow,Nadia Wells,country,uplifting,0.541,0.465,0.611,98.1,-6.71,0.049,0.277,0.0,0.016,263111,11,0,4,33
eqaN9mcn66dy4azZzZPVb6,Lonely Skyline,Reo Vance,electronic,romantic|uplifting,0.584,0.747,0.555,121.5,-6.07,0.055,0.235,0.342,0.28,161336,3,1,4,54
aZnJwlJ4LpgTRzxaBwnCwJ,Endless Heart,Zara Ryder,metal,sad|tense,0.417,0.957,0.333,171.4,-4.84,0.008,0.028,0.123,0.195,197792,1,1,4,37
JwP37yfcCSYOHLvYoeJxW7,Distant Bloom,Talia Marsh,metal,aggressive,0.321,0.933,0.386,133.4,-2.31,0.046,0.0,0.138,0.244,225428,3,1,5,44
LXd6UZ54MeeXMLNSOi3ezl,Faded Star,The Rivers,classical,nostalgic|melancholic,0.255,0.406,0.343,75.9,-17.17,0.141,0.815,0.721,0.227,192572,10,0,4,64
kURpZzOnxGp5COntRQw9Ow,Burning Rain,Reo Stone,reggae,sad|playful,0.885,0.473,0.713,88.6,-5.91,0.063,0.251,0.0,0.23,244725,3,1,3,19
2i6hmDpUpkI1mfF48HxZBN,Radiant City,Cole Knox,rock,uplifting,0.405,0.828,0.757,146.2,-5.44,0.009,0.02,0.0,0.009,155041,8,1,5,32
hyX4IYkdQ06X7ZvWrnB5ja,Distant City,Kai Blake,classical,dreamy,0.397,0.187,0.389,102.8,-19.9,0.119,0.897,0.675,0.0,227604,9,1,4,87
7ZkZ6rLiHwehgF4VecPKgl,Lonely Ghost,Finn Voss,folk,happy|aggressive,0.449,0.397,0.643,123.5,-13.2,0.058,0.903,0.111,0.089,271115,5,0,4,44
xsfz0p0inX7lqFYysIPMUW,Wild Road,Nova Shaw,latin,nostalgic|playful|tense,0.902,0.774,0.959,95.8,-5.71,0.106,0.428,0.0,0.124,206762,4,0,5,45
3Zew3xC1biesfzTziVwRJv,Velvet Bloom,Iris Stone,latin,aggressive,0.685,0.818,0.688,99.2,-4.07,0.048,0.361,0.196,0.142,265406,5,1,3,58
cInNih4muKYi4GFfWwyAp3,Broken River,Nadia Vance,indie,uplifting|melancholic,0.537,0.548,0.365,114.2,-7.56,0.047,0.399,0.166,0.0,234133,4,1,3,59
i96qazadYwJXcea7dObW7e,Crystal Memory,The Rains,blues,chill|happy,0.247,0.33,0.26,103.2,-13.23,0.052,0.356,0.429,0.03,250753,4,1,4,46
l7rlG30locnisRQEytXWik,Burning Echo,Rio Blake,metal,tense|melancholic,0.491,1.0,0.538,132.0,-6.12,0.045,0.0,0.0,0.052,261516,11,1,4,45
ugLxCyPfS7fjMm2jMx6vPK,Restless Skyline,Reo Cross,r&b,uplifting|energetic,0.623,0.519,0.552,78.5,-8.47,0.138,0.281,0.0,0.243,240167,11,1,3,58
ua3pnEgt9rDVgngzJ3Dw1k,Bitter Ghost,Finn Lark,reggae,chill|energetic,0.78,0.618,0.887,84.1,-7.13,0.005,0.379,0.0,0.061,233573,11,0,4,34
1U5GEJqSH9RzYVdN0utrtL,Endless Ocean,Sena Vance,indie,chill|tense,0.423,0.581,0.567,126.4,-7.21,0.067,0.426,0.0,0.087,229113,4,0,4,58
xh2fqTbTtHp7WwFoJTlESu,Endless River,Toma Ryder,latin,dreamy|uplifting|aggressive,0.595,0.775,0.681,112.3,-4.42,0.069,0.193,0.178,0.0,170982,2,0,4,38
0zKmLTSWfvUct6T2JRNSJv,Radiant Skyline,Talia Cade,latin,melancholic|aggressive,1.0,0.599,0.91,105.5,-4.95,0.165,0.267,0.075,0.172,243129,0,0,4,60
FpBAycWtH9N3rVLdYyGT6d,Wild City,Kai Frost,indie,happy,0.535,0.574,0.669,100.8,-8.45,0.03,0.102,0.0,0.13,145938,0,0,4,51
Z55TR6IiwyPIfphxbH5oAO,Velvet Echo,Reo Lark,country,melancholic|happy,0.63,0.556,0.647,127.7,-6.19,0.041,0.193,0.0,0.099,216642,11,0,4,54
NUV2YXJ7DDlZPNwPxjxsJZ,Endless City,The Rivers,rock,chill|tense|happy,0.443,0.696,0.468,121.7,-2.3,0.01,0.156,0.158,0.0,244921,3,1,4,39
Z2vEydpY86Kz8IGrg09MCp,Burning Fire,Reo Marsh,r&b,uplifting|nostalgic,0.64,0.48,0.409,85.6,-2.46,0.063,0.546,0.0,0.124,224768,10,0,5,57
iQYqtSmIjtSNKnFarlyJSK,Lonely Memory,Toma Blake,r&b,nostalgic|aggressive,0.653,0.539,0.575,123.2,-13.47,0.054,0.075,0.0,0.264,208103,6,0,4,41
jE31YYsgDKjxfoc2zNvCwR,Golden Bloom,Toma Wells,pop,dreamy|tense|happy,0.933,0.702,0.654,131.3,-6.27,0.091,0.292,0.143,0.193,215085,1,0,5,49
9XrTxXEYpbmvf1EtUtq5cO,Electric Ghost,Wren Ryder,,tense,0.916,0.779,0.536,107.3,-6.2,0.261,0.024,0.182,0.35,189848,1,1,5,70
LF5Wc9ZvatZwRJUvAK3QkV,Golden Memory,The Stars,indie,playful|uplifting,0.416,0.667,0.749,135.6,-7.53,0.041,0.402,0.051,0.106,193094,7,1,4,55
XDqLaNDLrcw3KX1eqE9Iiv,Electric Wave,Nova Voss,pop,tense|romantic|playful,0.668,0.822,0.791,104.1,-7.41,0.095,0.386,0.051,0.088,215159,2,1,4,43
WCXnAK5F3eHdWfRTI5yaRQ,Restless River,Zara Lark,indie,happy|romantic,0.684,0.514,0.444,115.5,-11.58,0.0,0.112,0.201,0.144,243777,9,1,4,37
LIvBsf9LenoLjyqkz9IBaq,Silent Memory,Zara Blake,folk,energetic|chill,0.232,0.4,0.378,91.7,-8.69,0.047,0.686,0.093,0.216,192398,10,1,5,60
ut8PcJZD5U4BXF67rTwKNL,Midnight Skyline,Kai Marsh,pop,uplifting|aggressive,0.566,0.552,0.541,112.9,-3.53,0.018,0.023,0.197,0.14,151891,1,0,4,42
mrW037ufG5aFAfZFFMAGPc,Golden Horizon,The Shadows,hip-hop,tense|aggressive,0.811,0.74,0.408,74.0,-7.25,0.118,0.0,0.201,0.238,130760,9,1,3,31
eu7wIgxuAZbcELaBzNKTQy,Radiant Ocean,Zara Quinn,jazz,sad,0.665,0.412,0.377,107.6,-9.67,0.0,0.267,0.287,0.255,202272,6,0,3,29
8XCBnWAXDk0Sp5ungFjeUZ,Lonely Dream,The Storms,metal,sad|nostalgic|melancholic,0.444,0.875,0.287,154.1,-5.24,0.06,0.0,0.149,0.186,241919,6,1,5,94
ZjqukTioZA8JWBNa69QPQd,Crystal Ocean,Sena Knox,pop,melancholic|uplifting,0.651,0.918,0.753,122.7,-7.13,0.022,0.343,0.0,0.136,217303,10,0,5,32
eaeAVXDJkVkjXLEmDnB78F,Fading Memory,Finn Cade,country,happy|sad,0.421,0.459,0.862,110.7,-3.31,0.109,0.357,0.0,0.273,219260,10,1,4,36
TzEh6EbgG5Op2yzVy0yOc6,Faded Light,Rio Cross,hip-hop,energetic,0.531,0.566,0.611,93.9,-5.11,0.241,0.0,0.0,0.13,200164,2,0,4,30
RqzWZzCJF2iPiLDFrhJmUw,Neon Ocean,Talia Hale,r&b,melancholic|happy,0.656,0.484,0.403,89.8,-3.61,0.081,0.027,0.0,0.211,196519,3,1,4,27
Urwwf11Fl9pxoRFS2bNq18,Fading Road,Cole Hale,indie,melancholic|chill,0.45,0.649,0.357,142.9,-10.37,0.0,0.613,0.244,0.026,258257,10,0,5,66
wkwdVFbZuLEM0l7JIZgUkU,Neon River,Mira Shaw,reggae,romantic|happy,0.924,0.438,0.559,74.3,-11.23,0.02,0.036,0.0,0.245,163767,4,0,5,73
cswU1YGqL5iIAXoWybXtnc,Fading Storm,Rio Cross,classical,dreamy|melancholic,0.187,0.397,0.364,86.2,-19.43,0.123,0.726,1.0,0.146,180359,5,0,4,15
DZCKnCBhqPBGXVjWnn5ubr,Silent Fire,Jax Ryder,country,dreamy|sad,0.528,0.414,0.341,113.9,-10.92,0.12,0.402,0.0,0.152,230748,6,1,4,64
1rWemqadPOBhJ2kA84Bw7Q,Hollow Star,Kai Shaw,rock,dreamy|happy,0.627,0.731,0.732,136.2,-1.97,0.04,0.089,0.208,0.259,246387,5,0,3,34
2uio2AkmPdyEx6oTwO95qy,Neon Horizon,Rio Blake,hip-hop,tense,0.643,0.639,0.758,107.9,-6.21,0.16,0.0,0.0,0.246,271302,2,1,3,68
hQ4axyoiw78sUQ1j8LplvL,Wild Ocean,Nova Hale,rock,happy,0.644,0.702,0.652,116.5,-5.11,0.0,0.118,0.0,0.067,164281,11,0,4,31
ieiO0PPdKzDA0njnUbUrVL,Faded Rain,The Stars,folk,uplifting|tense|romantic,0.338,0.322,0.549,119.6,-11.58,0.127,0.941,0.246,0.286,192967,8,1,4,51
2yKNwPw3yOtMOKCcimRI16,Hollow Ocean,Mira Marsh,r&b,nostalgic,0.432,0.394,0.139,87.6,-6.58,0.058,0.218,0.011,0.048,239878,3,0,4,23
sK4zXvxTD8BQ6wv6SHgve0,Faded Light,The Skylines,jazz,uplifting|dreamy,0.401,0.604,0.411,102.1,-9.82,0.116,0.685,0.362,0.064,249166,6,1,4,17
hFs68BcMSCzTz8m2clwcmw,Sweet Ghost,Leo Ryder,electronic,sad,0.715,0.985,0.4,129.1,-5.18,0.043,0.0,0.321,0.223,232042,10,0,4,12
mNpXAu3ILH0dqoCoyC4LfH,Electric River,The Horizons,blues,nostalgic,0.627,0.549,0.32,111.9,-8.51,0.0,0.47,0.232,0.397,282509,2,1,4,39
byJ4vHDPJ2zZeYIRRTf74v,Fading Ghost,Mira Hale,indie,tense|playful,0.776,0.426,0.762,104.8,-8.73,0.0,0.277,0.025,0.164,236315,9,1,5,37
XZxKERsyGppXpWy3IXRkGw,Midnight Dream,The Hearts,reggae,dreamy|sad,0.812,0.287,0.707,78.6,-11.52,0.065,0.148,0.09,0.0,146202,11,0,4,77
RMn0o4vKBh7FewmYAnU1PY,Radiant City,Mira Frost,r&b,sad|happy,0.572,0.478,0.564,77.1,-6.89,0.09,0.142,0.011,0.117,222121,6,0,3,39
PECHWxJXDuYmoryR24DRFS,Golden Rain,Zara Vance,jazz,dreamy,0.499,0.268,0.481,111.4,-4.63,0.093,0.476,0.421,0.184,217760,5,0,5,97
XIaO2mpuwTC7oDnlC7Wq7C,Wild Light,Jax Cross,folk,energetic,0.417,0.414,0.498,127.9,-11.06,0.051,0.47,0.0,0.157,253659,7,1,4,41
WuBQD0mBafmxYH09o7ySn9,Golden Light,Ava Ryder,pop,aggressive,0.617,0.589,0.399,120.6,-7.23,0.057,0.195,0.09,0.189,183053,9,0,4,42
Ge318ZQjyjEoORbfzAQ8WD,Lonely City,Mira Frost,latin,happy|aggressive,0.868,0.764,0.725,101.9,-5.04,0.005,0.182,0.066,0.234,230674,3,1,3,49
O2BtHYhhgITapcvHbjnLOS,Neon Echo,Nadia Vance,hip-hop,chill|romantic,0.771,0.55,0.721,114.7,-6.94,0.24,0.0,0.0,0.252,315908,1,1,4,80
qnQDveo1Di9fcW5gpNupUP,Bitter Fire,Zara Cade,hip-hop,dreamy|happy,0.78,0.545,0.644,91.3,-3.67,0.241,0.054,0.0,0.332,223637,7,0,4,77
Gqtp80zbcZJj4p0QYEpmSY,Lonely River,The Skylines,indie,playful|romantic,0.443,0.445,0.524,106.9,-9.75,0.005,0.399,0.116,0.149,207042,0,1,4,60
4tLvikn10rNMozEOlJ2OPU,Distant City,Cole Knox,reggae,aggressive|uplifting,0.364,0.653,0.534,116.2,-13.02,0.034,0.246,0.0,0.352,221270,3,1,4,57
MOCaGI7lcoEH9kbIfSUApf,Silent Ocean,Ava Marsh,metal,nostalgic,0.569,0.883,0.346,144.5,-7.52,0.052,0.0,0.047,0.201,213731,0,0,3,13
hfk3aj6FgvdCsniHgma1JG,Midnight Storm,Mira Ryder,reggae,sad|chill|energetic,0.506,0.463,0.761,108.5,-7.86,0.058,0.247,0.0,0.038,255578,4,0,3,35
Ple3irmiTqMThNpUr6NZF6,Bitter Rain,Iris Cross,country,sad|uplifting|dreamy,0.501,0.262,0.808,108.8,-7.88,0.049,0.506,0.221,0.031,229726,10,1,4,46
BOPza2XOKRb6J3GX3pM2qV,Broken Dream,Nova Cade,reggae,chill|tense,0.97,0.471,0.886,80.9,-7.92,0.032,0.205,0.061,0.125,176029,8,1,3,62
csRWdrPgcjUiNP4zeON1mL,Endless Echo,The Rains,electronic,romantic|energetic,0.708,0.868,0.657,117.6,-0.35,0.057,0.188,0.407,0.172,183713,0,1,4,23
1ztqHeznLnwLR9nf9ROTHv,Distant River,Nova Reyes,pop,romantic|playful,0.83,0.547,0.521,118.7,-8.46,0.074,0.222,0.157,0.008,205506,6,1,4,43
5HOIyH2n2gLImpT7nvKiKM,Restless Bloom,Reo Stone,latin,dreamy|uplifting,0.59,0.738,0.755,110.0,-5.57,0.088,0.352,0.0,0.247,275446,5,0,5,62
dq6neDGdQicKpJrJ5NGEUW,Faded Rain,Nadia Cross,country,aggressive|romantic,0.417,0.396,0.486,107.2,-9.23,0.179,0.404,0.259,0.21,187975,2,1,4,36
N1tbGYDRRt1G9QRgrMeY3p,Crystal Wave,Ezra Frost,r&b,nostalgic|sad|aggressive,0.711,0.614,0.381,76.9,-10.3,0.116,0.126,0.017,0.147,128306,0,0,3,50
ZprmDEvE5ezxEQJC0imoOx,Faded City,Reo Wells,rock,energetic|romantic,0.41,0.808,0.218,106.6,-9.87,0.057,0.018,0.318,0.257,198126,0,0,3,33
xTVU3oMVDKU8sz8Wf17LYS,Neon Dream,Sena Reyes,country,uplifting|playful,0.709,0.633,0.767,105.4,-7.42,0.009,0.359,0.311,0.07,227618,9,0,3,23
wWJ0PIGSySY665ekHWmLJM,Electric Star,Toma Reyes,folk,energetic,0.429,0.54,0.205,116.7,-6.99,0.067,0.804,0.137,0.163,212827,6,0,4,47
aPIudv3JqsQM2uJxtJMz4X,Bitter Dream,The Citys,jazz,romantic,0.403,0.392,0.597,114.4,-7.17,0.052,0.462,0.52,0.314,229626,11,1,5,20
HmJVkekw5qwzY0KmJRHutv,Endless Heart,Leo Stone,r&b,dreamy|tense,0.537,0.582,0.511,87.4,-9.56,0.041,0.224,0.0,0.014,206190,1,0,4,39
HHAI36tqDjbENtKF1bzzjR,Electric Road,Mira Quinn,indie,nostalgic,0.652,0.524,0.247,97.9,-9.14,0.043,0.105,0.148,0.104,246453,5,1,4,11
KSaSXeZzHvRXiLMQfMsllF,Sweet Garden,Mira Hale,jazz,tense,0.513,0.451,0.419,117.8,-13.54,0.074,0.593,0.163,0.055,240330,4,0,4,58
DCDGmO6skBUaYOnzwtBeS7,Sweet Memory,Rio Shaw,r&b,aggressive|romantic|playful,0.689,0.634,0.478,81.8,-12.5,0.135,0.533,0.144,0.273,256481,8,0,3,69
bSB19Ss2PZyUamQUmmQJE1,Broken Road,Cole Blake,classical,chill|happy|romantic,0.197,0.129,0.59,112.2,-14.99,0.0,1.0,0.88,0.33,158427,11,0,4,0
QzoXqX90mJld3EjDvzwlOj,Endless Shadow,The Ghosts,reggae,energetic|playful,0.582,0.322,0.614,80.6,-9.53,0.061,0.174,0.153,0.267,177939,6,0,5,53
iSydDMlylaz78U6F4DhciU,Golden River,The Blooms,reggae,chill|tense,0.595,0.77,0.455,76.8,-8.36,0.0,0.454,0.226,0.143,202263,1,0,4,41
mJ5Fy9Zc8TCn2CbVAH5viH,Hollow Road,Zara Reyes,metal,melancholic|tense,0.513,0.853,0.269,120.1,0.0,0.011,0.0,0.112,0.11,214418,5,0,4,96
bj7iRnufoscfcF06nbfLLJ,Faded Light,The Dreams,rock,playful|aggressive,0.37,0.908,0.697,114.6,-7.03,0.11,0.465,0.183,0.162,272891,9,1,4,28
vSUCdEfjBhkkZIYexT1Qbu,Distant Garden,Wren Vance,folk,tense,0.398,0.463,0.393,91.2,-14.21,0.0,0.891,0.106,0.114,194546,6,0,4,76
8hA7l2h8N3jHx3KTuRYhqz,Radiant Star,The Hearts,hip-hop,sad,0.797,0.65,0.543,94.2,-8.97,0.27,0.264,0.01,0.073,205250,4,0,4,37
7KruwMA8GJeiOt5GoSr7B7,Electric Horizon,Rio Ryder,reggae,happy|uplifting,0.69,0.511,0.656,108.7,-9.92,0.0,0.167,0.012,0.1,211144,1,0,3,41
3j1w9hb2qc2o2PbB468HlG,Broken Skyline,Zara Marsh,latin,chill|sad,0.808,0.624,0.587,116.1,-2.93,0.123,0.159,0.0,0.224,284946,9,1,4,36
tJ6740JdgBwK3GqoE2Da0B,Neon Shadow,Rio Cross,rock,playful|energetic,0.397,0.762,0.548,137.1,-9.65,0.032,0.221,0.066,0.158,219524,7,0,3,62
cS4As8xLmqZVadd9KoB0d4,Faded Ghost,Rio Cade,electronic,energetic|chill,0.776,0.819,0.679,141.5,-3.28,0.113,0.231,0.449,0.098,187125,11,1,3,39
z7K9fsY6JrYqwsalC975W6,Fading Horizon,Zara Reyes,hip-hop,happy,0.71,0.643,0.732,93.1,-6.71,0.189,0.239,0.0,0.047,218418,0,0,4,68
ZxOA84m4mpRJ7FfJdgxI0i,Broken River,Reo Ryder,metal,nostalgic|tense,0.267,0.966,0.315,143.7,-4.14,0.102,0.081,0.0,0.076,313010,11,1,4,49
nc00ILIn5NYMf36DTO8woD,Restless Ghost,Talia Quinn,hip-hop,aggressive|uplifting,0.9,0.542,0.603,102.8,-10.56,0.206,0.053,0.18,0.102,148739,1,0,4,22
1K9SQuxyUveycFP9olzflg,Neon Garden,Iris Shaw,pop,tense|energetic,0.857,0.586,0.565,123.8,-4.43,0.042,0.0,0.109,0.0,223989,0,0,4,37
HOwv9ARbZLXMYXTyT9rBTU,Crystal Rain,Jax Knox,pop,happy|melancholic,0.786,0.49,0.854,-5.0,-4.69,0.0,0.368,0.098,0.089,171819,5,0,3,43
UKw9h9V0Yw9rQx64Ifp9CQ,Velvet Fire,Cole Wells,hip-hop,melancholic|playful,0.644,0.661,0.434,100.9,-5.98,0.17,0.295,0.27,0.09,248203,11,0,4,8
sqoPf9ZxLKvOJM7Y2Vv6Q9,Endless Fire,Kai Blake,country,sad,0.582,0.603,0.622,99.1,-6.85,0.071,0.323,0.0,0.258,253053,8,0,4,0
meg5dTqi8Sgt5uRCNlHtS8,Fading Wave,Sena Shaw,latin,sad,0.877,0.714,0.733,93.1,-4.91,0.059,0.171,0.035,0.078,188884,6,1,5,63
2SrtHDXEXh6djjGfG0ntlR,Electric Memory,Rio Knox,folk,happy|romantic,0.436,0.223,0.66,103.7,-11.73,0.093,0.699,0.051,0.199,253541,5,0,4,66
VL3Gqks8QNZD4mfWJXjOZh,Silent River,Jax Knox,metal,tense,0.537,0.983,0.31,144.3,-5.46,0.093,0.032,0.117,0.253,214424,7,0,5,7
XRSlMtoTkGoNTVuX7dAYXo,Distant Heart,Nadia Stone,electronic,aggressive|melancholic,0.831,0.914,0.543,124.8,-1.22,0.104,0.0,0.294,0.286,213410,6,1,4,26
1RsLbiHrdXMWWA4q0QlpLi,Restless Storm,Sena Marsh,reggae,energetic,0.611,0.608,0.583,82.6,-4.66,0.0,0.222,0.0,0.135,235098,5,0,4,61
yvgBIOixBPohssQ88SY4YQ,Faded Storm,Nova Wells,hip-hop,energetic,0.802,0.645,0.42,106.4,-6.8,0.19,0.263,0.056,0.3,255824,8,0,3,57
AGiJYBN52JPT8AEPN0jVaS,Burning Garden,Ava Shaw,hip-hop,nostalgic,0.57,0.581,0.173,98.4,-10.67,0.293,0.0,0.081,0.091,216126,8,0,5,73
lPXoHD3eC78YzqDjvcZ46Y,Neon Skyline,Sena Vance,hip-hop,happy|sad,0.776,0.67,0.523,115.9,-4.7,0.256,0.087,0.0,0.181,201921,2,1,4,15
t3YXqQytzz7QrX4vFdbQ8P,Midnight Ocean,Mira Cross,latin,nostalgic|melancholic,0.91,0.679,0.693,124.8,-6.87,0.027,0.253,0.0,0.003,212372,5,1,4,31
tKfdp9QvV0NB0keUwwamPK,Faded Ocean,The Rains,reggae,romantic,0.626,0.773,0.586,72.0,-9.42,0.071,0.09,0.018,0.285,185113,0,1,3,41
3voJtfM7BCg3y5whaGaoz4,Bitter Skyline,The Oceans,latin,energetic|aggressive,0.858,0.723,0.812,110.2,-5.29,0.038,0.224,0.049,0.444,152999,9,0,5,38
nuLq5jLwClkRNP9tdwEtGI,Faded Light,Sena Voss,indie,aggressive|melancholic,0.638,0.719,0.527,122.6,-6.63,0.062,0.154,0.022,0.024,181722,0,0,4,45
TQzYyaK1HvuHdh97RjIKX7,Electric Rain,Nova Cross,reggae,happy|melancholic,0.765,0.629,0.666,79.7,-14.07,0.115,0.406,0.0,0.105,197752,10,0,4,56
W8rhcq9aRsHYy7iZ3bjhXa,Hollow Echo,Leo Knox,jazz,uplifting|dreamy|playful,0.437,0.237,0.762,90.1,-10.81,0.0,0.43,0.323,0.216,264621,10,7,5,12
Hb7hImq2DzzCqdDCGe3fhb,Endless Skyline,Sena Quinn,country,chill|nostalgic,0.445,0.357,0.607,114.2,-5.2,0.0,0.685,0.154,0.242,164839,10,1,4,32
3DZXQ6rH6g7zIvqocH4UwD,Burning Ghost,Rio Blake,metal,tense|sad|romantic,0.371,1.0,0.096,151.2,-3.6,0.016,0.378,0.0,0.059,215558,2,0,5,44
NFCEw0aW2r8yBBNLN3Ksve,Restless Road,Rio Lark,blues,happy|chill,0.418,0.312,0.565,87.3,-8.43,0.129,0.474,0.232,0.127,243571,2,1,4,58
3YV5GInexv1iQSm9kIn0HO,Wild Wave,Wren Marsh,reggae,energetic,0.79,0.45,0.673,82.5,-8.65,0.0,0.22,0.0,0.117,133774,6,1,3,22
wtQRnwz1WE7TFPkRNLGOus,Endless Skyline,Rio Vance,hip-hop,playful|nostalgic,0.594,0.67,0.673,89.1,-6.04,0.226,0.213,0.085,0.086,219897,11,1,3,36
FeePpyqWePLxuz4jIqfTy7,Endless Skyline,Nova Shaw,latin,happy|chill|melancholic,1.0,0.637,0.643,107.0,-6.77,0.105,0.422,0.045,0.18,206483,9,0,4,21
e9gLzEHjCip1GIlMXROfYh,Lonely Fire,Nadia Hale,latin,happy|romantic,0.669,0.503,0.692,100.2,-4.48,0.145,0.0,0.0,0.174,231581,0,0,5,44
qR5ME7odoNxSwjKArgRDhn,Fading Dream,Kai Hale,classical,playful|aggressive,0.426,0.472,0.604,91.9,-17.74,0.09,0.913,0.857,0.1,209471,10,0,4,45
tU1cINhRkQPTzixeQq4Ocn,Lonely Heart,The Waves,blues,tense,0.507,0.488,0.799,102.3,-7.97,0.056,0.533,0.333,0.193,208489,1,0,5,0
oKKxZdQ7udboJ3UlDZGPO1,Restless Rain,The Hearts,rock,aggressive|tense,0.43,0.779,0.525,147.2,-3.83,0.104,0.107,0.174,0.294,235261,0,0,4,48
LeGkhGKOUCkX94j47J0Dpz,Radiant Skyline,The Skylines,jazz,dreamy|uplifting,0.341,0.254,0.513,118.4,-10.22,0.032,0.681,0.201,0.003,258415,5,0,3,13
lank5sKGjzQmH6vwV54mG8,Electric Wave,The Storms,blues,melancholic|sad|chill,0.458,0.252,0.389,102.2,-11.0,0.095,0.547,0.322,0.0,157807,9,1,4,35
bjOCCzMNjIbELcCelQdjf9,Crystal Horizon,Kai Stone,r&b,happy,0.628,0.431,0.185,93.5,-5.96,0.049,0.117,0.0,0.245,212829,9,1,3,21
QVzBZtIDH4BsyMrmY71l2z,Electric Star,Nova Cross,hip-hop,playful|sad,0.582,0.732,0.68,114.9,-7.1,0.205,0.178,0.086,0.347,255966,2,0,3,42
oYIecTRy0APC1Ju809sTR7,Burning Light,The Roads,blues,uplifting|sad,0.511,0.438,0.29,89.5,-10.23,0.079,0.395,0.097,0.0,325365,10,1,5,86
YkGvZ3qif9iFYaWJRFIGzQ,Faded Rain,Nadia Lark,indie,sad,0.411,0.511,0.259,135.8,-10.33,0.072,0.244,0.059,0.231,233241,6,1,4,58
M2cUh040zySsZknqmTia8K,Burning Garden,Zara Frost,folk,chill|melancholic,0.419,0.323,0.47,108.9,-14.57,0.0,0.494,0.046,0.29,171559,1,1,5,60
2SrjVtg7D68ddSgpFolq3l,Velvet Memory,Kai Lark,metal,aggressive|energetic,0.438,0.924,0.108,136.7,-8.7,0.121,0.0,0.127,0.119,252910,7,0,3,39
G2kBttCTFFEBdnUwA6shTz,Hollow Ocean,Mira Wells,country,uplifting|romantic,0.507,0.463,0.644,109.2,-6.42,0.048,0.097,0.0,0.196,180836,6,1,4,41
bU80RjvAJFRpq5ZKKoFCKE,Velvet Skyline,Zara Reyes,pop,aggressive|energetic,0.629,0.907,0.529,120.6,-2.36,0.0,0.299,0.105,0.13,164936,9,1,4,75
AkNxgYbzeLuzerRg6HNqvb,Velvet Horizon,Talia Hale,reggae,playful|nostalgic,0.684,0.416,0.517,84.5,-4.97,0.0,0.139,0.167,0.225,257649,2,0,5,28
bxomAHL5eSO5waWD2qrldf,Endless City,Toma Quinn,reggae,happy|energetic|melancholic,0.915,0.725,0.727,80.9,-11.76,0.053,0.265,0.155,0.163,223146,0,0,3,28
74M1dpcnXxx6okXdGJVOIV,Faded River,Iris Hale,country,aggressive|nostalgic,0.406,0.591,0.475,121.0,-6.12,0.133,0.369,0.0,0.164,178320,1,0,4,32
4Haz9Zi5206Yb72lFx6f8g,Midnight Road,Iris Voss,r&b,sad|aggressive,0.71,0.637,0.472,80.8,-9.17,0.126,0.179,0.128,0.229,297930,2,0,4,16
0YRInhHtOpu2X972RkDzUO,Broken River,Nadia Marsh,country,energetic|uplifting,0.648,0.538,0.601,121.8,-0.5,0.095,0.176,0.0,0.324,298736,2,0,4,40
PmsKghbdqx4xmQhU880dHB,Faded Wave,The Rains,country,romantic|chill,0.576,0.702,0.371,117.5,-5.78,0.046,0.476,0.0,0.211,234181,11,0,4,29
bxeNt0LaacluoAB3uE8ssT,Radiant Memory,Wren Frost,rock,chill|tense,0.534,0.933,0.583,124.2,-8.21,0.081,0.232,0.166,0.104,229252,4,1,4,52
aYiNcnBL46vkWldwRC1zEm,Neon Storm,Sena Vance,metal,aggressive|melancholic|tense,0.589,0.835,0.428,154.9,-1.74,0.1,0.121,0.099,0.225,214002,0,1,5,48
J7FiuQm4UFWIWRjk9xKAnw,Bitter Storm,Kai Blake,metal,aggressive,0.536,1.0,0.476,146.1,-3.75,0.153,0.126,0.141,0.034,175196,3,1,5,46
hDvMQ3xokRoohERiwx1UPz,Wild Fire,Leo Shaw,indie,happy|romantic,0.36,0.655,0.661,118.2,-8.34,0.071,0.541,0.0,0.175,194128,8,0,4,73
iw6Lgak72gnNvNb2TZErKl,Burning Memory,Nova Frost,rock,playful|uplifting|aggressive,0.42,0.667,0.879,136.3,-4.38,0.078,0.237,0.0,0.252,165226,0,1,3,50
HVSE0APh0vibM9pjV6hEel,Neon Light,Wren Hale,country,chill|happy,0.611,0.796,0.497,109.6,-9.79,0.007,0.224,0.0,0.268,157887,2,0,4,31
zFwh6vOhxbYO7K2cNwXEAk,Lonely Shadow,The Horizons,hip-hop,dreamy|sad,0.979,0.847,0.44,89.4,-4.98,0.289,0.19,0.0,0.328,279960,0,1,3,48
4VbzNCdI7RbL8QKRPcGhXm,Fading Storm,Reo Voss,blues,energetic|happy,0.553,0.631,0.46,95.2,-9.56,0.059,0.627,0.143,0.0,137849,11,0,3,46
1L8GKhlTpWbcobwzTbI58r,Bitter Fire,Rio Vance,folk,chill|romantic,0.405,0.211,0.709,93.4,-12.11,0.079,0.685,0.139,0.153,247738,5,0,4,10
3mcKGPtFES0GnIWVbhII50,Bitter Fire,Leo Cade,pop,happy|energetic|chill,0.615,0.546,0.585,117.5,-7.21,0.033,0.167,0.0,0.145,236741,1,1,4,51
qiFQk1WlvJ3Nc7dlj7fJiN,Golden Road,Nadia Blake,country,sad|dreamy|happy,0.568,0.62,0.528,122.1,-9.66,0.086,0.378,0.0,0.116,250719,5,1,4,15
s3i40Rk5T8dw0ZzUC5dslF,Burning Star,Rio Marsh,rock,tense,0.472,0.725,0.437,117.3,-6.88,0.0,0.078,0.182,0.247,247449,10,0,4,67
0H4unrXfSeSJ9MPJi3Cnqg,Crystal Storm,Ava Cade,folk,playful,0.531,0.375,0.537,126.4,-10.39,0.065,0.765,0.0,0.124,211726,3,0,5,55
KrFALIppk6GVigf5FxFsYM,Radiant Heart,Kai Ryder,pop,aggressive|sad,0.591,0.629,0.863,123.3,-6.28,0.148,0.185,0.0,0.127,185174,7,0,4,58
7MH00RgMShZXLXQhwv7ovp,Lonely Bloom,Talia Stone,hip-hop,uplifting|chill,0.9,0.586,0.789,95.5,-3.98,0.183,0.031,0.0,0.0,198477,1,0,4,24
VQGXkViPL3hW9IN1foTSuN,Fading Memory,Talia Cade,country,dreamy|nostalgic,0.627,0.678,0.592,100.5,-5.16,0.051,0.413,0.345,0.254,227621,8,1,4,19
WXZgDVgPmHfBtIq027k23t,Bitter Memory,Zara Wells,electronic,uplifting,0.679,0.573,0.658,122.2,-5.15,0.017,0.024,0.257,0.257,262574,0,1,3,33
jemH8NezRNE66qzertGuOo,Hollow Garden,Zara Cross,electronic,sad,0.8,0.799,0.572,124.4,0.0,0.128,0.303,0.648,0.209,148200,11,1,4,10
Q9Y1tCk543etZEQ763DOdC,Burning Horizon,Toma Reyes,rock,happy|aggressive|uplifting,0.363,0.789,0.602,126.2,-5.13,0.109,0.007,0.0,0.139,225148,9,1,4,57
UaCZl64ylor6ghinKP5XtK,Faded Ocean,Jax Lark,jazz,playful,0.267,0.357,0.751,141.3,-12.8,0.065,0.652,0.222,0.156,178192,10,0,4,31
1GZTCj1VooJsfZDnuqrxeD,Neon Skyline,The Rivers,rock,aggressive,0.432,0.679,0.655,108.2,-7.6,0.069,0.0,0.037,0.119,220872,3,0,4,43
6KQn3b8dUFOmIE05ij44Up,Restless Fire,Kai Quinn,country,chill,0.672,0.452,0.735,114.9,-4.35,0.153,0.332,0.0,0.06,217803,11,1,3,29
xKv80rOW6vrDaJZeB1WX09,Golden Ghost,The Stars,hip-hop,melancholic|aggressive|playful,0.644,0.647,0.513,89.5,-5.52,0.207,0.325,0.061,0.239,231842,2,0,5,42
VUPevcWz2F9TBD7IWwC3fH,Fading Fire,Kai Quinn,country,aggressive|nostalgic|chill,0.524,0.327,0.377,107.9,-2.65,0.044,0.425,0.0,0.259,228609,9,0,4,36
igD0S6Gt2DNdWcQGJ8NX87,Bitter Garden,Rio Blake,electronic,tense|uplifting,0.535,0.967,0.568,121.7,-8.95,0.0,0.0,0.43,0.204,214455,2,0,3,50
x02QPnXpPRe8mAVAoGgObG,Restless Rain,Rio Ryder,rock,nostalgic|uplifting,0.445,1.0,0.695,116.2,-4.89,0.014,0.078,0.091,0.06,205481,10,1,5,63
rdiTpLSl7H3NeWLhZqMTz1,Endless Light,Reo Cade,classical,chill|melancholic,0.002,0.225,0.4,117.3,-17.93,0.039,0.727,0.911,0.103,188865,0,1,4,39
pATTl7VVQR4HVgs14OQPQQ,Broken Ocean,Rio Reyes,electronic,tense|energetic|uplifting,0.775,0.736,0.67,100.0,-8.77,0.053,0.238,0.305,0.031,161175,10,1,4,44
4GQzMwKQBmnSY23wbXtKev,Wild Ghost,Rio Wells,folk,dreamy,0.373,0.365,0.478,112.9,-11.99,0.141,0.545,0.077,0.259,133442,5,0,3,40
JvdtOjpwJ2UAwOEAQ9k3sR,Faded Heart,Sena Wells,folk,uplifting|nostalgic,0.401,0.303,0.513,106.7,-5.85,0.102,0.655,0.0,0.086,206765,10,1,3,22
R0o15IA326MASYgE4VrNta,Hollow Ocean,Toma Hale,metal,energetic|aggressive,0.324,0.964,0.57,114.3,-5.43,0.065,0.0,0.0,0.13,232736,3,0,5,38
o9BjQouZB0rg4qyxl1qJOR,Burning Star,Nadia Reyes,indie,melancholic|uplifting,0.648,0.816,0.26,122.5,-6.61,0.116,0.413,0.0,0.258,198676,4,0,3,51
rpxUPO2WucaMFPVj3J8pW4,Distant City,Ezra Wells,pop,aggressive|playful,0.616,0.649,0.738,102.7,-5.34,0.145,0.158,0.115,0.035,150008,4,1,4,57
raiR2fVXBDOwKfkMDY2OqC,Fading Echo,Toma Lark,rock,tense|happy,0.416,0.819,0.644,120.3,-7.07,0.027,0.0,0.112,0.172,238160,2,0,4,44
blwgIW2L5L98ecWy44NDTn,Bitter Road,Mira Quinn,classical,dreamy|romantic,0.259,0.232,0.422,89.0,-18.62,0.103,1.0,0.856,0.121,214862,7,1,5,86
MV8cFUg4lffAZVg7ZcFnwZ,Neon Echo,Leo Shaw,r&b,melancholic|chill|nostalgic,0.558,0.556,0.303,105.0,-11.23,0.026,0.167,0.315,0.123,179652,10,0,4,38
4yY2DAaBQM9hipNh3FmD03,Hollow Horizon,Finn Ryder,folk,romantic|chill,0.397,0.099,0.446,115.0,-11.92,0.09,0.611,0.033,0.01,193515,5,0,3,60
fcP7r00mp5917cnhTFBfRc,Neon Skyline,Toma Stone,latin,uplifting|happy,0.97,0.687,0.756,95.4,-2.94,0.0,0.316,0.0,0.027,225419,6,1,3,19
mRd6i9pXVtwFDrYFCslqR9,Distant Heart,Iris Reyes,latin,playful|uplifting|happy,0.767,0.675,0.802,115.3,-3.1,0.0,0.058,0.0,0.279,190045,1,1,4,54
4EJHexSHKVI0a9KynW6oRP,Bitter Wave,Cole Frost,electronic,playful|nostalgic,0.434,0.889,0.621,125.0,-1.92,0.0,0.161,0.398,0.18,185634,3,0,4,66
NmYlHC5W5n5Rb0yV1pq8Z0,Velvet Ocean,Rio Vance,electronic,nostalgic|playful,0.9,0.601,0.813,124.8,-2.32,0.0,0.234,0.21,0.224,278528,9,1,4,21
Ei8HaHfUQsbYnYosqfIzbZ,Endless Rain,Finn Voss,country,dreamy|playful|energetic,0.652,0.484,0.789,102.4,-7.87,0.016,0.52,0.017,0.101,213674,6,0,4,23
8nDs6xlZqfk7Yd7b3pZKsR,Radiant Horizon,Talia Lark,electronic,aggressive|nostalgic|tense,0.881,0.734,0.57,135.7,-8.27,0.023,0.216,0.617,0.0,243348,1,0,3,45
k8U4USmvpZfZHFxh0T6zpy,Endless Horizon,Talia Cade,hip-hop,tense,0.822,0.791,0.489,99.7,-3.77,0.145,0.0,0.064,0.0,197928,5,1,3,58
ntmvzeow3C57QgB9VO1bAk,Radiant Horizon,Zara Lark,metal,melancholic,0.239,1.0,0.224,127.5,-3.68,0.067,0.0,0.034,0.157,249691,5,0,4,77
Hx0d6dxb343k6OrqlLYKDL,Crystal Star,Mira Lark,r&b,happy|dreamy,0.597,0.414,0.403,97.7,-3.85,0.106,0.114,0.134,0.062,167023,6,1,3,0
Xh9xLAYmU2wSdmeR8SqTgV,Midnight Wave,Zara Voss,jazz,nostalgic|playful,0.609,0.206,1.8,118.8,-11.57,0.003,0.502,0.219,0.0,245836,6,1,5,34
OhbgAImD7Gc1Gac1peTsyJ,Fading Ghost,The Oceans,jazz,nostalgic,0.489,0.355,0.543,110.2,-11.6,0.108,0.513,0.472,0.045,226807,10,1,4,37
qjfPgKTvBm9ZDyiAxSdGBg,Hollow Dream,Mira Hale,metal,uplifting|melancholic,0.377,0.928,0.489,145.9,-5.03,0.147,0.092,0.0,0.007,206509,3,0,3,86
MuinIPdpB7FgqPzDQURuZD,Bitter River,Sena Wells,metal,nostalgic|sad,0.225,0.894,0.174,134.3,-5.62,0.09,0.249,0.132,0.0,123653,11,1,4,39
V1IZ49Mbx2OjcZ5CIgN78g,Electric Ocean,Ava Hale,hip-hop,romantic|melancholic,0.91,0.615,0.241,91.4,-6.09,0.207,0.0,0.0,0.182,180067,2,1,3,57
8O1lIQFEynLT9u7WoZNG99,Neon Dream,Nadia Hale,blues,energetic|romantic,0.509,0.634,0.507,70.6,-10.94,0.064,0.589,0.182,0.092,137132,6,1,3,27
PjhQae0ucWsStSEKAPBwTD,Golden Memory,Toma Lark,latin,tense|playful,0.715,0.727,0.603,126.2,-2.56,0.07,0.267,0.21,0.129,265135,11,0,4,27
2meXoaTBebEvo2V0yUp007,Crystal Memory,Nova Cross,classical,aggressive|chill,0.436,0.322,0.722,73.1,-12.15,0.064,0.957,0.752,0.142,191962,0,1,4,33
22GCMxUx7ijVKIQQRVDEIq,Neon Shadow,Rio Reyes,indie,aggressive|chill,0.76,0.553,0.623,103.1,-5.21,0.0,0.196,0.032,0.223,265293,6,0,4,70
Lywk7Nq8Wl1p5k4hFAZxEk,Neon Ocean,Reo Marsh,hip-hop,happy|romantic|chill,0.504,0.859,0.67,95.6,-7.13,0.221,0.0,0.0,0.087,140275,7,0,4,41
lq5bpOuactrxjv5AzNqxJD,Golden Rain,The Rains,indie,chill|sad,0.403,0.577,0.372,102.0,-8.2,0.105,0.237,0.172,0.157,258530,9,1,4,31
gxXDGbMubUk6A2HW2wLC0Q,Lonely Light,Talia Knox,indie,energetic|uplifting,0.589,0.611,0.305,108.1,-6.92,0.119,0.438,0.219,0.216,237489,5,1,5,63
uTKR0QNAFkFjNlNhfdVmEZ,Midnight Rain,Ava Ryder,country,chill|energetic|playful,0.647,0.452,0.773,96.9,-7.05,0.0,0.104,0.0,0.149,231238,0,0,4,56
7gVYCfqiWR03wPtSVH8PDj,Restless Memory,Jax Frost,indie,energetic|melancholic,0.4,0.601,0.375,118.9,-11.39,0.064,0.12,0.29,0.188,202748,1,1,3,41
pZS9dO2ym40TE5q6siw4Be,Lonely Light,Reo Knox,electronic,aggressive,0.536,0.663,0.471,105.8,-6.55,0.017,0.117,0.286,0.322,189493,11,1,5,17
1DoFWqlgtFZpaoW6sA8n1g,Radiant Skyline,Iris Blake,electronic,tense|energetic,0.515,0.671,0.464,93.9,-4.73,0.094,0.021,0.373,0.231,240282,2,0,5,30
OyXcdYPufpSftvBDD8xgRa,Lonely Shadow,Iris Lark,classical,dreamy,0.256,0.142,0.463,108.2,-23.0,0.033,0.933,0.954,0.0,229139,4,1,4,53
VivsRDEPMP5A4WablChvPj,Midnight Bloom,The Ghosts,folk,melancholic|playful,0.359,0.405,0.37,122.6,-9.9,0.069,0.924,0.222,0.132,216682,5,0,3,68
PCLMJxoEOv3bmaesVVpcgO,Velvet Wave,Ava Cross,classical,nostalgic|energetic|melancholic,0.415,0.48,0.657,90.6,-15.78,0.011,0.807,0.754,0.247,186661,1,0,4,91
KaWVCPagUeuCRCDAydBcBg,Fading Ocean,Sena Vance,latin,uplifting|aggressive|nostalgic,0.892,0.817,0.758,98.0,-7.66,0.008,0.15,0.0,0.05,202020,10,1,5,41
4f120A0NKw8b9GYlS6ndRe,Faded Ghost,Leo Cade,reggae,dreamy|melancholic,0.689,0.57,0.363,99.5,-7.24,0.094,0.0,0.138,0.22,281665,10,1,4,32
UNsaNgJAriC5uoTWDAfEua,Sweet Memory,Talia Knox,folk,playful|chill,0.594,0.27,0.256,126.9,-7.61,0.021,0.733,0.122,0.247,249557,6,1,4,84
9mPSLOyp9pj5xd7NU19Ejx,Burning Storm,Nadia Marsh,rock,happy|playful,0.494,0.675,1.8,123.9,-4.97,0.011,0.0,0.128,0.008,297817,1,0,4,39
Uvyyz9p8PQLjl1QKOhzuHE,Hollow River,The Echos,metal,tense|melancholic,0.426,0.928,0.218,121.3,-5.96,0.014,0.046,0.173,0.059,234043,11,0,4,32
h5maaLvzS97PJHAAxFhH5K,Lonely Storm,Ava Cross,hip-hop,dreamy,0.91,0.636,0.585,127.7,-7.63,0.119,0.312,0.149,0.217,226004,3,0,5,37
637x4dBr2knKrvKUqdZUZS,Hollow Heart,Nadia Blake,rock,uplifting|aggressive|playful,0.455,0.828,0.473,127.3,-3.86,0.085,0.0,0.017,0.036,201355,10,1,3,51
C81hHDkb0t3yuNYs3MBNbm,Radiant Ghost,Nadia Voss,reggae,sad,0.574,0.46,0.492,77.5,-7.22,0.082,0.171,0.056,0.013,168093,11,0,4,59
V3tb3ICC7h56Tmv0ixh0on,Restless Echo,The Waves,indie,playful|nostalgic,0.456,0.599,0.325,96.9,-9.16,0.111,0.093,0.0,0.036,172721,2,0,5,81
jig1vuklpwMhB9sQhQKxWt,Velvet Bloom,Jax Reyes,hip-hop,romantic|sad|chill,0.708,0.553,0.583,87.2,-7.07,0.281,0.0,0.0,0.0,241597,10,1,4,14
nadE4nZYZm0ktJTpEWgYKs,Wild Dream,Ava Vance,jazz,chill|playful,0.639,0.353,0.452,126.9,-14.17,0.041,0.411,0.292,0.194,285484,8,0,5,34
mpiHmA1f2ZtYPOJZPReCLS,Neon Light,Wren Cross,rock,sad,0.382,0.689,0.38,117.7,-2.83,0.096,0.126,0.229,0.137,298823,7,0,3,59
BQpt050Y2Eb9ZMuFblGGCl,Neon Star,Toma Lark,hip-hop,sad|aggressive,0.751,0.722,0.293,105.8,-4.9,0.087,0.085,0.162,0.264,260175,11,1,4,52
fBLaLGxVhpduZIhPYuIrND,Electric Light,The Stars,latin,aggressive|playful,0.732,0.738,0.821,104.9,-5.06,0.04,0.41,0.005,0.005,114668,5,0,3,50
h0k7uu5IIi2TkHMCrZvUv8,Wild Memory,Finn Marsh,hip-hop,dreamy|tense|romantic,0.765,0.647,0.563,107.8,-8.22,0.293,0.0,0.0,0.162,280060,6,0,4,48
8aRHpgtLEZbNhvpJJQk59W,Neon Memory,Toma Quinn,latin,happy,0.761,0.886,0.675,115.6,-7.18,0.048,0.324,0.19,0.303,161263,10,1,5,57
hB3Ncp9jZJ4K76a0l1S6n5,Broken Storm,Kai Cross,classical,playful|dreamy,0.238,0.365,0.507,80.1,-19.17,0.06,0.86,0.886,0.21,144080,0,0,4,50
wfYOUeGbOQFJx86GYWAvOl,Electric Ocean,Reo Blake,jazz,uplifting|happy,0.503,0.562,0.641,114.8,-13.04,0.107,0.508,0.189,0.254,208672,4,0,5,47
nXZvB1DQUjRtSsofTlE6ag,Midnight Fire,Talia Frost,r&b,tense|nostalgic,0.764,0.296,0.241,78.7,-8.33,0.063,0.098,0.087,0.146,230072,6,0,4,19
NM9I3EwjhrDOk2WfG0dlhv,Velvet Fire,Cole Blake,hip-hop,sad|nostalgic,0.975,0.589,0.285,86.5,-5.87,0.188,0.048,0.159,0.0,207724,4,0,4,88
ybqNop2tl9wH2TvLfeNpYx,Midnight Wave,Jax Cross,electronic,sad|nostalgic|tense,0.859,0.875,0.365,118.4,-6.08,0.14,0.036,0.377,0.152,256979,6,0,5,70
nAxZBxt3gyHhrraRZAfUxx,Endless Storm,Toma Vance,indie,aggressive,0.509,0.442,0.277,118.9,-8.49,0.07,0.141,0.06,0.036,247537,0,0,5,49
EA3wyPtY5BunS36fO7qabE,Wild Star,Ava Lark,rock,chill,0.427,0.717,0.709,131.8,-5.1,0.01,0.187,0.132,0.0,206548,5,0,4,32
6LWm6xebISbBSo2lE4jeIw,Neon Echo,Ava Vance,indie,nostalgic,0.705,0.248,0.672,104.9,-11.79,0.0,0.485,0.12,0.193,186656,3,0,4,68
FTWWDBU7kPDRV5XjzcmW32,Sweet Horizon,Iris Voss,folk,sad|tense,0.463,0.406,0.627,123.4,-10.08,0.053,0.498,0.183,0.086,156439,0,1,4,43
nKq6HlI9025dPbYFpIV2dH,Bitter Fire,Zara Shaw,hip-hop,tense|playful,0.592,0.746,0.616,119.2,-6.61,0.154,0.098,0.0,0.215,221189,3,0,4,65
EfEwOmCKD2uH5NAgA35NWe,Midnight Fire,Zara Stone,reggae,sad|playful|uplifting,0.497,0.498,0.577,91.0,-6.91,0.0,0.086,0.0,0.159,216909,7,0,3,49
LM9mBtuZDE7AFGErWfr3od,Restless Bloom,Zara Blake,folk,aggressive|melancholic|playful,0.427,0.465,0.755,112.2,-7.12,0.046,0.553,0.148,0.204,173303,4,1,4,36
VTrJ2vjMcRbIVbrt2ofAj5,Neon Memory,Nadia Knox,rock,energetic,0.709,0.893,0.598,124.6,-5.43,0.0,0.0,0.181,0.058,254075,2,0,4,31
C2gt38WN1swdjDboesjFsb,Wild Heart,Ava Frost,latin,happy,0.751,0.683,0.673,109.6,-4.26,0.033,0.112,0.0,0.252,193352,3,0,3,28
ioPOn1P7DPnJhac9uF1DDh,Sweet Wave,Cole Cade,country,happy|energetic,0.518,0.482,0.544,91.6,-2.68,0.0,0.64,0.129,0.048,235894,10,0,3,26
RYTAlAZDa6esjPSa6Qj2Mg,Hollow Horizon,Jax Marsh,country,happy|melancholic,0.645,0.453,0.654,97.2,-8.72,0.117,0.435,0.0,0.143,228248,8,1,4,49
yNmUD3ON7fuYSdYok4GziU,Silent Rain,Finn Blake,rock,sad|uplifting|melancholic,0.376,0.694,0.444,115.9,-6.86,0.044,0.047,0.0,0.097,222400,10,1,4,51
QePauTZ3w5wIW78N2rmS8I,Sweet Horizon,Leo Ryder,metal,energetic|nostalgic,0.313,0.927,0.087,139.3,-3.07,0.0,0.0,0.0,0.182,296757,2,0,5,1
Y6wkX7vBSBu30tUcGX1YcS,Radiant Garden,Nadia Cade,folk,tense|aggressive,0.507,0.359,0.553,109.7,-6.57,0.093,0.787,0.0,0.274,224943,4,0,4,92
F6bpfbJAgRc5Nq4YGAGeEw,Sweet Light,Mira Cade,hip-hop,melancholic|nostalgic,0.857,0.439,0.516,112.7,-8.94,0.215,0.163,0.167,0.06,284740,7,1,4,16
6yCIRIO6tgxF8Y0NiEMnq9,Fading Memory,The Memorys,pop,aggressive|happy,0.77,0.672,0.333,117.0,-6.74,0.113,0.109,0.0,0.0,221710,3,0,4,45
9IOLjLxRRBRSEicRnBDHH5,Endless Horizon,The Echos,pop,chill|romantic,0.651,0.59,0.477,132.0,-6.49,0.073,0.334,0.0,0.0,219794,8,0,4,12
XK4hYVMbNal7Oiwt6rzT4A,Bitter Ghost,Sena Marsh,reggae,uplifting|chill,0.809,0.326,0.937,96.4,-6.3,0.023,0.339,0.008,0.122,163015,3,0,4,71
2lR9psvmlRhLfFqIGHRkXn,Radiant Rain,Jax Wells,latin,melancholic|happy,0.868,0.605,0.756,99.3,-7.4,0.024,0.015,0.0,0.267,218785,9,0,5,23
OPZ46DORQXIsTgAnacx0TB,Hollow Bloom,Sena Knox,latin,playful|tense|uplifting,0.611,0.637,0.62,110.5,-7.83,0.173,0.206,0.0,0.131,187518,9,1,4,64
B8sqVcBaSWjGjipVcpl8Ss,Wild Echo,The Citys,hip-hop,aggressive|energetic,0.906,0.704,0.61,97.5,-10.21,0.218,0.0,0.0,0.065,200797,8,1,4,55
rD2cc4ES8kpQM3gW9gYX6M,Fading Wave,Ezra Quinn,rock,playful|romantic|dreamy,0.552,0.69,0.461,124.4,-7.15,0.036,0.022,0.054,0.143,195214,2,0,3,59
p3lIZOBu7ZhkPYWmYHB0Kd,Broken Memory,Nova Knox,r&b,playful,0.569,0.674,0.447,73.9,-10.14,0.0,0.425,0.085,0.107,183220,1,0,4,30
lJbs5piCby8SrU1BSQULqp,Midnight Memory,Nova Wells,classical,dreamy,0.359,0.312,0.27,89.6,-18.27,0.106,0.766,0.708,0.22,213144,5,1,5,75
beCZEtFmCmiCHQ4jp0jBNE,Radiant Ghost,Ava Hale,pop,melancholic|nostalgic|happy,0.752,0.748,0.788,123.2,-6.19,0.011,0.441,0.0,0.258,222839,6,1,3,47
CHfdyNIIa92CBfcmOi859L,Lonely Ocean,Ezra Shaw,pop,aggressive|energetic,0.634,0.74,0.314,101.5,-6.81,0.119,0.079,0.15,0.108,266932,10,1,4,51
P0sWnDlXT4nKnFlGYFEUNG,Sweet Road,Kai Cade,rock,uplifting|sad|tense,0.528,0.818,0.419,103.0,-7.67,0.1,0.0,0.347,0.225,208539,7,1,4,75
zlL2zHWbyktdb1p36NEd99,Broken Skyline,Mira Shaw,electronic,energetic|tense,0.446,0.858,0.264,126.9,-8.42,0.131,0.0,0.449,0.0,137852,5,0,3,59
Hovsc9xGXCNXWQbowarvd9,Burning Ocean,Nova Vance,folk,happy|uplifting,0.695,0.113,0.46,96.1,-9.73,0.0,0.702,0.0,0.156,185404,5,1,5,51
2Bck7UwyDsSJy1w1vNY4GS,Distant Fire,,metal,tense|aggressive,0.404,1.0,0.368,133.6,-5.31,0.128,0.0,0.261,0.071,220280,9,1,4,26
7v0b4n5r7TYB50eeQRRNPz,Faded Ocean,,rock,tense|nostalgic,0.486,0.789,0.599,131.6,-4.55,0.0,0.178,0.0,0.103,251207,3,0,5,38
4vd6iDf9iJ0xlN3VBerqdv,Sweet Skyline,The Storms,r&b,dreamy|uplifting|aggressive,0.802,0.551,0.357,103.0,-8.04,0.064,0.223,0.246,0.073,203696,11,0,4,47
ju9pOAVocyEFNIplgQG7YS,Restless Fire,Nadia Cross,hip-hop,playful|aggressive|energetic,0.6,0.586,0.449,90.8,-9.75,0.208,0.0,0.0,0.197,247186,0,1,5,65
xGH4DsM6EUO9rXI8SoM0yr,Wild City,Ezra Cade,pop,playful|uplifting,0.846,0.867,0.624,133.2,-1.6,0.034,0.05,0.0,0.077,210933,9,1,4,55
h9QdUOpzntvWz1dlCpi5mJ,Sweet Ocean,The Roads,pop,sad|melancholic,0.766,0.583,0.332,130.9,-4.12,0.121,0.252,0.129,0.0,247773,7,1,5,62
oeplHRXTKPtamG6fvxZZL7,Crystal Garden,Finn Lark,pop,playful|happy,0.808,0.645,0.741,117.0,-8.6,0.042,0.145,0.091,0.144,237799,2,1,4,15
4XwxvcgUpZS5I8gOAtO9O4,Neon Dream,Kai Cross,country,playful,0.669,0.505,0.541,98.6,-7.29,0.065,0.264,0.129,0.192,204592,1,0,4,49
nUXUOF0gG39nr2ZJ9LUG0h,Hollow Rain,Rio Stone,rock,aggressive,0.382,0.787,0.653,119.4,-4.55,0.067,0.007,0.168,0.148,195600,10,0,4,32
yygiAVNsVWqgQ0pN0h2iA8,Radiant Horizon,Nova Cade,electronic,tense|melancholic,0.702,0.649,0.432,126.5,-5.01,0.016,0.11,0.395,0.266,148166,6,0,4,32
ICwOmuUWaAJMYTXAxLhyWu,Electric Garden,Cole Wells,rock,energetic,0.616,0.94,0.443,124.9,-1.87,0.002,0.38,0.008,0.183,209236,4,1,4,32
zhdDNZpfIrhurkSMvgXxaQ,Electric Bloom,Ezra Ryder,indie,nostalgic|tense,0.481,0.572,0.237,114.5,-9.47,0.08,0.228,0.023,0.0,229682,3,0,4,16
WrRj3eoMV5hClZ80mVPfLm,Radiant Fire,Jax Shaw,jazz,nostalgic|energetic,0.59,0.524,0.656,101.3,-10.6,0.029,0.606,0.54,0.206,203500,9,0,4,38
ONY8xYlAdP6ee58WqmecUj,Lonely Horizon,Sena Cross,reggae,nostalgic,0.52,0.75,0.828,90.5,-5.13,0.042,0.258,0.146,0.0,174712,9,0,4,43
WzYdQSQqfrscfEnSlP69Uz,Silent River,The Hearts,r&b,nostalgic|sad,0.707,0.65,0.369,75.4,-8.94,0.124,0.019,0.228,0.112,220614,8,1,5,30
Q4DLQQYM51V4rH3c2JCa2E,Faded City,Jax Marsh,classical,romantic|melancholic,0.463,0.226,0.414,117.1,-15.27,0.078,0.928,0.846,0.242,223402,11,0,3,51
gbQbzQ92SqDSJw2widDEiK,Restless River,Zara Wells,blues,playful|melancholic,0.663,0.497,0.388,76.9,-8.21,0.0,0.791,0.17,0.362,145747,9,1,4,58
bIATYjpGIMJ56WZbFtBOHX,Electric Storm,Ezra Blake,classical,uplifting|sad,0.297,0.35,0.462,78.1,-15.92,0.038,1.0,0.763,0.173,118199,0,1,3,78
xD9m7HvURwweEZ4pVVDQjJ,Bitter Echo,Mira Knox,blues,sad|tense|uplifting,0.631,0.318,0.318,87.4,-9.96,0.093,0.604,0.413,0.141,223931,8,0,5,39
qdGDVTdJUcIenmhUD12B9l,Golden Heart,Mira Cross,r&b,melancholic|uplifting,0.431,0.519,0.255,107.8,-8.13,0.062,0.0,0.169,0.0,192842,6,1,5,32
KJhQnd6iA4uyrOD8TEg0fv,Velvet Wave,The Lights,reggae,uplifting|chill,0.696,0.629,0.768,75.4,-10.5,0.064,0.08,0.109,0.227,198295,5,0,4,34
NQoholifoBqtWaTMNbr9pK,Bitter Shadow,Iris Blake,pop,uplifting,0.779,0.777,0.466,111.4,-3.48,0.123,0.103,0.1,0.106,207308,0,1,5,31
JYfg8BZYIgCJA9v2GDmTDJ,Electric Rain,Zara Voss,jazz,chill|aggressive,0.594,0.335,0.475,102.9,-9.07,0.138,0.484,0.37,0.237,258681,8,1,4,62
OwvaHzkB7gtZcttIVuVak1,Broken Road,Wren Cross,classical,playful|melancholic,0.491,0.126,0.491,89.9,-12.58,0.0,0.963,0.88,0.388,188996,11,1,4,34
nohSvEqG1S0kI85bhPbRuv,Wild Fire,Reo Blake,hip-hop,playful|chill|nostalgic,0.861,0.491,0.491,86.6,-6.94,0.201,0.0,0.137,0.121,227253,11,0,5,17
SfoAMU8EAclTxt4RVQBbrf,Golden River,Iris Knox,hip-hop,uplifting|energetic|nostalgic,0.828,0.559,0.587,115.4,-6.08,0.192,0.061,0.033,0.078,178462,10,1,5,47
CZEiYAEXWhe463Gr2y6dxF,Hollow Echo,Talia Vance,country,tense,0.498,0.43,0.994,105.0,-8.25,0.041,0.567,0.0,0.19,193885,5,0,5,43
Ejer73tJABcU4HPoDcrR8p,Golden Rain,The Oceans,hip-hop,aggressive,0.769,0.515,0.578,92.7,-8.33,0.145,0.315,0.0,0.083,240131,3,0,3,67
ndeyfeYUM514NYUttBUhsx,Burning Dream,Jax Blake,reggae,dreamy|nostalgic|sad,0.886,0.398,0.318,77.7,-5.5,0.02,0.165,0.12,0.055,172330,1,0,3,24
bfZ8lklHWfWkNPKHaQXpEw,Endless Dream,Ava Hale,pop,uplifting,0.745,0.633,0.332,111.4,-7.75,0.0,0.0,0.018,0.139,122514,9,1,3,58
kCfk0MZXvIzBhRs6cbOVyD,Radiant Light,The Citys,electronic,energetic|chill,0.591,0.861,0.558,145.5,-5.86,0.124,0.285,0.328,0.087,201039,2,1,5,0
pF5P3NMTzutYCTMWKtlAi4,Wild City,The Rivers,metal,melancholic|uplifting,0.336,0.77,0.246,136.2,-2.64,0.009,0.0,0.066,0.19,215191,9,1,5,75
vkC1knX3EjsX1l45Ktidr5,Midnight City,Wren Hale,latin,uplifting|sad|aggressive,0.649,0.843,0.331,134.1,-8.12,0.006,0.287,0.0,0.108,138737,9,1,4,20
wb5LTXXSwmOBucfx5oPhES,Radiant Heart,The Blooms,latin,happy|dreamy,0.56,0.629,0.729,106.2,-4.19,0.056,0.156,0.0,0.044,184413,2,0,4,6
cFrXwRWlRh5xDBwo8cDyCV,Radiant Bloom,Reo Lark,latin,uplifting|energetic,0.555,0.6,0.541,120.4,-1.39,0.077,0.029,0.081,0.461,139365,5,1,4,45
p3D95QM9C2P0OzXEw6aR13,Neon Fire,The Roads,electronic,melancholic,0.773,1.0,0.253,123.9,-7.87,0.0,0.0,0.273,0.009,254786,5,1,3,21
gz3MsuUrNhBl9o6q1pihFS,Restless Fire,Nadia Lark,hip-hop,aggressive,0.736,0.647,0.629,63.1,-2.36,0.201,0.344,0.0,0.19,195144,5,1,4,35
yC4CBMKTzRmmVSLsMu8lZX,Midnight Garden,Finn Vance,r&b,aggressive,0.551,0.48,0.673,105.3,-7.44,0.023,0.0,0.211,0.247,189993,7,0,4,19
DFO2g88xdArcZCrZgvtwsE,Faded Ocean,Wren Reyes,hip-hop,nostalgic,0.767,0.807,0.607,97.1,-5.43,0.211,0.113,0.019,0.187,221054,4,1,3,50
BNlD7AWrd1cVYBnraub3PL,Distant Garden,Ava Wells,r&b,energetic|tense,0.746,0.548,0.413,101.0,-5.73,0.056,0.032,0.0,0.191,203233,10,1,4,48
YKkZSmJoxHdA2ctPLpwkm3,Fading Rain,Toma Stone,blues,energetic,0.615,0.455,0.507,90.8,-7.86,0.036,0.531,0.226,0.154,274766,11,1,4,43
0vUbqntuaXE4x5vKbk9qtJ,Wild Echo,Iris Blake,r&b,melancholic|happy,0.808,0.721,0.342,100.9,-15.97,0.102,0.379,0.0,0.089,249976,8,1,3,63
CmQwGGtJCwb9EoX8Y0JBs2,Silent Road,Ezra Frost,metal,dreamy|melancholic,0.593,0.8,0.36,159.0,-1.77,0.003,0.22,0.092,0.145,149822,3,1,4,37
EBDrE7tjlvX0qo1p2wDEq8,Distant Memory,Iris Wells,blues,chill|dreamy,0.178,0.166,0.228,102.9,-8.9,0.01,0.391,0.0,0.23,229360,3,0,4,49
uA6gNtvFNwgd2YDKexHZ3a,Radiant Memory,Toma Lark,indie,melancholic|aggressive,0.64,0.682,0.452,119.6,-9.51,0.0,0.32,0.197,0.077,236418,7,0,5,38
JsPIIXDQGL0GDa4GwZjJ35,Radiant Ghost,Ezra Cade,blues,happy|aggressive,0.333,0.551,0.657,91.0,-9.39,0.034,0.455,0.0,0.245,251846,8,0,3,18
7AJrmAugyLg0aFmFY9ixv5,Faded Shadow,Reo Hale,rock,sad|romantic,0.416,0.862,0.382,145.1,-7.48,0.083,0.274,0.05,0.276,258575,9,0,4,37
86Ub4rjfU49Il3d7uDycaO,Restless Bloom,Kai Ryder,rock,aggressive,0.562,1.0,0.7,152.3,-10.18,0.158,0.159,0.0,0.107,224362,0,1,5,46
qqNMVMcH5rpm2uCYypQina,Radiant Rain,Nova Wells,electronic,aggressive|happy|energetic,0.765,0.826,0.801,120.6,-5.92,0.058,0.058,0.217,0.145,182601,10,0,4,49
vNK5AnMCUvDBlD4JRzupDH,Crystal River,The Waves,jazz,chill|playful,0.435,0.4,0.429,115.6,-9.46,0.0,0.588,0.252,0.016,211245,9,1,4,25
lWz1nxYpwyhctw0f8oEGUP,Burning Heart,The Storms,latin,sad|energetic,0.586,0.846,0.826,124.7,-8.01,0.035,0.381,0.106,0.0,175044,2,1,4,57
EvrlQO2UZ8wodZ0WOyodb7,Bitter Road,Cole Lark,country,melancholic|energetic|nostalgic,0.777,0.71,0.811,117.0,-6.43,0.156,0.015,0.0,0.23,289205,0,1,4,78
Wfwg25PKsOn37VPmnU89LQ,Midnight Bloom,Jax Ryder,r&b,nostalgic|sad,0.616,0.464,0.353,72.8,-5.83,0.033,0.427,0.02,0.224,242184,8,0,5,69
RwUWIw1M8xoacjkT14sB85,Hollow Ghost,Iris Cade,metal,tense|chill,0.438,1.0,0.267,141.4,-4.45,0.088,0.0,0.137,0.098,207453,6,0,5,39
8zwbq7QHqmcUH2n3HUZBKh,Neon Light,Wren Wells,electronic,chill,0.707,0.891,0.405,121.2,-4.49,0.086,0.0,0.335,0.189,204491,7,1,4,36
7X3yXiNvzuru3WjyvlNe3y,Golden City,Reo Vance,reggae,energetic|romantic,0.816,0.631,0.777,91.2,-4.59,0.119,0.0,0.0,0.191,204514,5,1,3,37
Dan1XBXFdIlqXQln7Bp2Jj,Faded Echo,Iris Shaw,r&b,uplifting,0.709,0.349,0.686,83.9,-4.59,0.096,0.265,0.0,0.097,268351,9,0,4,62
UskzOzu9FV60C3RnnpTFaB,Radiant Dream,Zara Stone,indie,dreamy|melancholic,0.603,0.364,0.422,112.8,-6.29,0.018,0.377,0.089,0.031,167095,11,1,3,44
1YpwsULnypvqVKu6DJGJFo,Silent Light,Ava Knox,country,playful|energetic|chill,0.693,0.822,0.807,105.7,-5.0,0.079,0.337,0.108,0.045,260662,6,1,4,72
8jHZx1wn7vLI2QqB52QW9e,Faded Ocean,Reo Quinn,latin,playful|happy|tense,0.963,0.775,0.652,102.8,-1.73,0.0,0.334,0.235,0.072,200484,1,0,4,41
UX8mMKIg9Qv2LFohMvpr5I,Distant Light,The Storms,latin,melancholic|uplifting,0.962,0.531,0.683,79.2,-5.51,0.077,0.37,0.0,0.075,211098,7,0,4,30
ak9jOZL031UKJmkE4yXdPh,Bitter Light,Ava Vance,metal,tense|aggressive,0.301,1.0,0.277,143.5,-8.59,0.045,0.105,0.209,0.266,233028,11,0,4,17
2nLGUJMcWxOFLncpVpz5Xl,Silent Horizon,Zara Vance,folk,melancholic|romantic,0.47,0.443,0.223,126.6,-10.57,0.068,0.547,0.065,0.284,229714,3,0,4,61
dYAotNMbtDPlU4yJVmwQWE,Broken Road,The Gardens,jazz,energetic|romantic|chill,0.66,0.535,0.56,114.5,-8.74,0.048,0.407,0.378,0.213,128876,11,0,4,76
KzY93tlifffFjHBc4mXBX1,Restless Road,Kai Ryder,metal,tense,0.221,0.93,0.284,141.0,-8.3,0.09,0.02,0.12,0.061,186926,8,0,4,63
I0H20BjHVq7Raq47Qcei5N,Crystal Star,Kai Marsh,jazz,uplifting|dreamy,0.517,0.229,0.623,114.6,-5.39,0.057,0.48,0.332,0.415,206112,0,0,4,87
zVyt7cOt1ZKCF8tgtB92YW,Fading City,Wren Blake,r&b,melancholic|happy,0.731,0.343,0.631,108.5,-5.52,0.058,0.295,0.0,0.209,216284,10,0,3,0
NO8lA4etHZX0JYb4PJxUZg,Bitter Star,Iris Cross,country,happy,0.559,0.663,0.743,97.9,-5.54,0.006,0.295,0.0,0.26,274841,4,1,4,10
iHHRTWEPkIb0N1Su9hL1Pa,Midnight Skyline,The Waves,folk,sad,0.47,0.4,0.553,85.3,-11.19,0.059,0.827,0.187,0.037,235733,0,1,3,61
ecEXqOCFrGCItifpZYbMEQ,Electric Skyline,Nova Cade,classical,melancholic|aggressive,0.365,0.202,0.3,91.3,-17.22,0.101,0.907,0.924,0.0,226214,1,0,3,33
oh8kpp4ApxHYDHrCEkv5K2,Golden Star,Mira Cross,folk,romantic,0.777,0.087,0.559,114.9,-12.12,0.046,0.801,0.124,0.136,188176,4,1,4,47
gALhc3XLT6JlBGRk4fkeet,Wild Memory,The Fires,indie,sad|tense,0.587,0.151,0.445,106.6,-12.16,0.022,0.408,0.0,0.0,229348,5,0,4,46
HTHiPAA792ho65LVAyoV7m,Distant Light,Wren Hale,pop,energetic|uplifting,0.783,0.67,0.669,130.3,-4.1,0.056,0.022,0.0,0.187,234212,8,1,4,51
zI7EjxQnv2xRsYenMXovEn,Midnight Wave,Ava Wells,electronic,tense|melancholic,0.513,0.987,0.35,163.5,0.0,0.113,0.0,0.512,0.114,238424,1,0,5,63
RXhkRc2fhBPcKstLYBm6JX,Restless Echo,Reo Hale,blues,happy|sad,0.52,0.405,0.354,106.3,-11.65,0.003,0.204,0.103,0.243,169914,6,0,3,75
ymY0u0N0CfMUWqKlFWQCFR,Crystal Wave,Wren Reyes,country,energetic|uplifting,0.439,0.48,0.51,109.3,-6.99,0.05,0.22,0.151,0.186,210385,10,1,4,71
G01zqwVMasgheqogNMPJd6,Faded Star,Finn Shaw,classical,dreamy,0.17,0.155,0.393,73.1,-16.8,0.049,0.994,0.831,0.269,245450,1,0,5,79
aUOOLgnSS6OaMPYkw0tlgX,Silent Horizon,Iris Vance,rock,nostalgic|uplifting,0.396,0.638,0.712,126.5,-7.15,0.044,0.122,0.074,0.376,317220,9,1,3,48
jRVcaPaGsmq4mDMOD6X8tE,Distant Storm,The Ghosts,rock,melancholic,0.326,0.806,0.615,117.3,-4.36,0.038,0.0,0.11,0.251,171833,8,0,4,56
4P1WmiYQ4CDT5Xi1wwvhj6,Burning Echo,Finn Frost,hip-hop,nostalgic|tense,0.782,0.55,0.258,101.7,-6.2,0.211,0.053,0.0,0.2,210652,5,0,4,59
HfMtXsCwFyUxcfI3b7VGsE,Velvet Star,Kai Ryder,jazz,tense|melancholic,0.667,0.459,0.44,122.9,-10.82,0.0,0.495,0.211,0.193,255263,4,1,5,68
NyUqJ2GJmP206aeOnKmuXQ,Midnight Memory,The Storms,rock,energetic|playful,0.395,0.967,0.932,132.3,-6.27,0.031,0.053,0.038,0.094,201856,2,0,4,82
0wfaZRpVId06DQm3CaksEl,Restless Wave,Cole Lark,indie,aggressive|romantic,0.396,0.914,0.555,108.5,-11.87,0.003,0.423,0.178,0.067,232697,4,1,4,39
nQTgmS2cA7s6R4psiFi91T,Neon Memory,Cole Lark,r&b,playful|dreamy|chill,0.818,0.526,0.528,85.6,-7.58,0.193,0.198,0.157,0.1,222799,0,0,3,31
0vrz7mU4IQ3bmVDmQpiUJY,Bitter Horizon,The Memorys,pop,romantic|energetic,0.604,0.83,0.767,143.6,-7.46,0.082,0.209,0.0,0.15,239791,5,0,4,25
DJK2G0ISbc9GwRMcL7LoW4,Neon Shadow,Rio Cross,hip-hop,dreamy|tense|chill,0.894,0.775,0.61,102.6,-6.77,0.229,0.139,0.013,0.316,172089,2,0,4,61
2l4KAzUC3mIUqHVFzRihpF,Sweet Garden,The Rains,latin,uplifting,0.801,0.754,0.808,107.5,-5.89,0.067,0.252,0.0,0.198,215916,2,0,4,47
BMZlFUHXMxz4HiUC1prxUZ,Sweet Ghost,Zara Frost,hip-hop,energetic|nostalgic,0.625,0.709,0.491,107.0,-3.66,0.142,0.331,0.115,0.427,257409,1,0,4,67
QgTadMof1FGvkCJKicrLbx,Restless Rain,Ezra Stone,rock,uplifting,0.151,0.683,0.725,125.4,-6.88,0.099,0.118,0.0,0.378,218147,4,1,3,48
YGJb2pywquY9UVGGOQYWcZ,Silent Memory,Nadia Vance,pop,tense|dreamy,0.508,0.688,0.702,110.7,-5.39,0.036,0.165,0.0,0.12,218853,0,1,4,20
SRr1ldmw8Sbkg5MmhhDqk5,Velvet Storm,The Rains,blues,happy,0.314,0.493,0.291,107.2,-7.44,0.041,0.606,0.205,0.106,206839,4,1,4,28
ZAf6TlKZgfTqeLjidIIzK2,Bitter Garden,Mira Marsh,metal,nostalgic|energetic,0.411,0.982,0.329,136.8,0.0,0.13,0.0,0.031,0.175,208999,6,0,3,28
c7nTEqDlrEJROoHITYAHF7,Lonely Star,Zara Hale,metal,aggressive|nostalgic,0.534,0.942,0.344,127.4,0.0,0.024,0.0,0.204,0.116,181280,9,0,4,53
XRoEtOKvyAbGw0AbTy7Fdb,Faded River,The Waves,r&b,happy|energetic,0.577,0.375,0.48,107.5,-9.02,0.093,0.296,0.0,0.26,261861,8,0,3,32
lEQzkURK6htXSRoAwbox8n,Golden Dream,Sena Reyes,pop,energetic|melancholic,0.594,0.651,0.231,122.3,-6.55,0.076,0.0,0.149,0.0,263984,6,0,5,34
0Ol2D2eib9pEcdZn6riV1k,Velvet Wave,Finn Voss,metal,aggressive|nostalgic|melancholic,0.236,0.917,0.251,138.9,-7.32,0.091,0.052,0.074,0.36,191041,3,1,3,66
crCetqEl4DM6dnlOGxm0ta,Crystal River,Leo Reyes,country,romantic|sad,0.549,0.679,0.561,106.1,-3.69,0.0,0.246,0.06,0.188,216456,3,1,5,13
XYYe4XwtixAg5M5l5xQpBe,Golden Storm,Rio Hale,classical,chill|happy,0.013,0.146,0.293,117.4,-19.64,0.114,0.728,0.738,0.121,178192,4,1,4,45
KEAGk54r6kD1Yoy6Tn81VR,Lonely Skyline,Rio Hale,pop,dreamy,0.652,0.788,0.558,98.5,-1.15,0.036,0.288,0.0,0.312,219465,11,0,5,85
rttOdiDRewWTUtJcMX0R1P,Sweet Heart,Finn Reyes,reggae,playful,0.736,0.409,0.779,96.8,-6.75,0.065,0.544,0.257,0.106,238695,5,1,5,32
sT9tN0CfLYrwAVkZKG8DBU,Lonely Light,Finn Hale,rock,aggressive,0.658,0.798,0.57,136.1,-8.59,0.086,0.173,0.022,0.216,247966,10,0,4,46
RkeAiL9pzPlruN2GdOg3bi,Sweet Bloom,Nadia Frost,country,energetic,0.678,0.542,0.731,130.8,-6.58,0.013,0.366,0.0,0.0,199756,10,0,4,61
8WWMZ95bPycV5sYKAv7Ucy,Hollow Bloom,Leo Blake,r&b,sad,0.555,0.492,0.388,73.1,-6.19,0.134,0.069,0.0,0.198,164760,6,0,4,0
OT4Zni6iiN1fwoiw3SqoKK,Crystal Star,Leo Ryder,reggae,happy|tense,0.829,0.586,0.745,89.5,-6.5,0.043,0.253,0.0,0.086,223759,8,0,4,24
gP7fyQaY9WtegrkXvfuRch,Radiant Skyline,The Rivers,hip-hop,sad|aggressive,0.792,0.638,0.452,109.5,-2.41,0.27,0.023,0.0,0.139,213931,8,0,5,5
jWY13lIA2e1hhRj2rvBvIa,Bitter Star,The Hearts,country,energetic|sad,0.623,0.443,0.496,93.7,-8.74,0.043,0.564,0.083,0.062,225625,9,1,3,38
drEJxwLtW85d4Zs7PCZs62,Restless Rain,The Lights,pop,nostalgic,0.633,0.552,0.48,113.4,-7.08,0.002,0.126,0.0,0.204,207171,4,0,4,13
TWHOB1h57Gi8oA7zAVOSsz,Neon Skyline,Finn Lark,blues,melancholic|nostalgic,0.51,0.506,0.397,78.6,-8.06,0.0,0.329,0.544,0.144,163688,0,0,3,11
jxX445NZPrkTwLLdISemar,Golden Horizon,Iris Shaw,classical,playful|energetic|chill,0.0,0.319,0.615,99.5,-14.63,0.05,0.787,0.806,0.005,170529,0,1,4,56
xq5NMlT5IEuUN1m5oEjabx,Velvet Bloom,Sena Voss,electronic,aggressive,0.681,0.737,0.358,128.4,-1.61,0.095,0.012,0.171,0.133,322284,4,0,4,68
rxm4jXGASrsvLiuG9klnFn,Silent Garden,Talia Frost,electronic,tense,0.594,0.985,0.531,118.3,-1.77,0.003,0.42,0.265,0.195,245863,0,1,4,62
TDbDSoCSXuAZh339xQcQem,Neon Road,,reggae,uplifting|playful,0.827,0.641,0.712,70.4,-7.6,0.056,0.527,0.151,0.293,186215,10,1,4,21
KGVvv3vjTiW9aPNzG4Q5go,,Toma Voss,country,nostalgic,0.715,0.45,0.865,114.7,-4.8,0.097,0.534,0.075,0.166,182062,8,0,4,22
glsruWORyYxI4A7IbrYuoQ,Lonely Light,The Shadows,country,melancholic|sad,0.527,0.546,0.277,111.8,-8.55,0.098,0.561,0.143,0.11,267006,7,1,3,46
K0gSvDUJuU97ciRGhkqtLA,Velvet Garden,Toma Blake,hip-hop,energetic|uplifting,0.77,0.852,0.49,120.5,-5.78,0.298,0.039,0.0,0.199,233197,10,1,4,69
0FLMXPad9AVFplhL1iQzVP,Midnight Memory,Rio Wells,r&b,playful|melancholic,0.577,0.42,0.028,93.4,-5.54,0.019,0.26,0.0,0.191,248000,5,0,4,19
ZzpVMbk60uJdygICeTZSUY,Hollow Wave,Reo Stone,blues,energetic|dreamy|chill,0.271,0.36,0.463,103.2,-9.93,0.025,0.602,0.137,0.104,176884,6,0,5,41
oWPshop7aLtqkBJEYUK53w,Restless Shadow,Ava Wells,hip-hop,melancholic|aggressive,0.768,0.818,0.522,104.8,-3.76,0.266,0.158,0.0,0.0,161471,11,1,4,38
iAPtGXbfVH62k8jyls7Rop,Lonely Echo,Ezra Quinn,rock,tense,0.585,0.749,0.504,130.9,-7.56,0.058,0.148,0.0,0.08,151210,11,1,5,38
UxB9jbgDMBktqfsFBDUuUs,Distant Light,Ezra Blake,classical,romantic|melancholic|happy,0.346,0.374,0.123,72.2,-17.78,0.057,0.891,0.948,0.222,197131,9,1,5,43
FIUwCcvZhhbeNtu1z675if,Lonely Echo,Talia Hale,hip-hop,romantic|aggressive|uplifting,0.79,0.735,1.8,98.7,-4.54,0.171,0.0,0.007,0.304,210857,7,1,4,27
MdOUf1w8TQo5uOOVZLrRq6,Restless Shadow,The Dreams,latin,happy|tense|melancholic,0.921,0.793,0.86,110.5,-5.84,0.077,0.395,0.0,0.102,204463,3,0,4,40
7A2RkGBDA0betbBZMyIziQ,Endless Ocean,The Skylines,classical,playful,0.282,0.187,0.178,111.1,-20.04,0.068,0.9,0.731,0.185,194869,8,1,4,43
kxqS7sM6Ds67udJjqLZ6wS,Hollow Horizon,Reo Quinn,classical,happy|energetic,0.237,0.52,1.8,115.0,-15.35,0.067,1.0,0.827,0.19,198633,4,0,4,36
MtG0OkY2w3derDHWPgn5Mk,Lonely Memory,Kai Voss,jazz,dreamy|nostalgic|melancholic,0.257,0.434,0.345,88.7,-12.74,0.023,0.321,0.294,0.124,195345,11,0,4,67
TnMokRBu9Ony7vtErxPuBU,Lonely Fire,Nova Cade,rock,energetic|happy|nostalgic,0.4,0.624,0.657,138.3,-7.3,0.0,0.0,0.14,0.063,220268,0,1,4,48
5ykW6VKZ6eCLFsmHA3MVA0,Neon Rain,Ezra Quinn,folk,happy|melancholic,0.509,0.357,0.261,108.3,-6.52,0.078,0.694,0.206,0.252,220686,8,0,4,26
ogdeDcetU74XjmOspeTHnD,Golden Memory,Talia Knox,classical,aggressive|dreamy,0.129,0.088,0.353,97.9,-17.53,0.129,0.805,1.0,0.11,216894,2,1,5,28
5tOQHpNP0MCarmGOU8ZxK1,Fading Horizon,Rio Quinn,r&b,nostalgic|happy,0.774,0.468,0.424,81.5,-3.85,0.115,0.067,0.084,0.188,198450,0,0,4,27
TgQ06pcZ3cIv1z4ctPSRWR,Crystal Fire,Reo Knox,hip-hop,playful|energetic,0.743,0.682,0.278,111.9,-8.39,0.094,0.0,0.0,0.157,180777,5,1,4,55
NurPq1RzdmVid4ttpdsond,Crystal Echo,Finn Marsh,latin,nostalgic|playful,0.788,0.65,0.751,90.0,-2.9,0.06,0.326,0.0,0.153,240934,9,0,4,42
WxJXBAetdWftFsctV6kU0A,Electric Heart,Leo Quinn,blues,happy|chill,0.269,0.658,0.27,99.0,-10.24,0.082,0.85,0.138,0.0,199867,8,0,4,46
R9kJNLgRgB5QU9VqlyaYBi,Distant Dream,Reo Wells,blues,happy|energetic|dreamy,0.6,0.453,0.503,76.8,-11.42,0.1,0.472,0.073,0.118,240419,8,1,4,19
Ez3lCYEsX4XR1jwsbzfoJt,Velvet Horizon,Kai Marsh,metal,energetic|dreamy,0.309,0.826,0.431,138.6,-0.93,0.017,0.0,0.148,0.061,116926,8,1,4,20
yV8tSIPNeFZGvS6w7NVvo1,Endless Garden,The Memorys,reggae,chill,0.524,0.622,0.915,94.0,-5.19,0.081,0.356,0.303,0.232,292882,10,0,4,92
eWWG6Jj8H1VVlsB9hXDprM,Midnight Wave,Kai Lark,hip-hop,sad|nostalgic,0.816,0.663,0.511,84.0,-6.37,0.201,0.268,0.097,0.235,171447,7,1,4,67
iOkeJuXaVTn82wO33aswlH,Distant Echo,Toma Marsh,blues,melancholic,0.545,0.58,0.298,99.0,-6.18,0.05,0.525,0.1,0.162,165208,9,0,4,35
QvgkfkYsDXHEAwXSQEqfUE,Bitter River,Leo Frost,r&b,aggressive|romantic,0.648,0.411,0.597,100.1,-7.43,0.067,0.185,0.081,0.207,243767,4,1,4,44
pjUbKynyY22aDQ4toHDzIg,Midnight Star,Zara Cross,latin,nostalgic,0.813,0.663,0.579,96.3,-6.5,0.061,0.082,0.0,0.135,202590,8,1,4,5
8BDl2zifjHIX9gwMJ0PJ4e,Electric Bloom,Nadia Lark,jazz,chill|dreamy,0.476,0.315,0.703,118.2,-10.66,0.141,0.586,0.126,0.062,205788,11,1,5,46
pLoVjkjaDqWOfZpaAEOdfo,Neon Dream,Toma Blake,indie,tense|energetic,0.674,0.729,0.719,112.5,-4.42,0.128,0.051,0.163,0.144,182175,5,1,5,40
f0YHzypjKZsRWqAiITWDHg,Velvet Shadow,Ava Stone,country,dreamy,0.487,0.722,0.465,119.7,-6.96,0.013,0.366,0.107,0.0,288020,10,1,4,17
SZ2kBNOCdryoFQNxOZV09P,Velvet City,Toma Marsh,latin,playful,0.888,0.831,0.871,125.9,-5.99,0.037,0.295,0.0,0.0,210051,8,1,5,26
XI45dOBSDB6Ed1fUsDOdoM,Restless Heart,Finn Voss,country,dreamy,0.403,0.639,0.54,97.2,-4.09,0.032,0.488,0.169,0.168,252874,7,0,4,17
z75modz9PepGQ4pm94skEd,Radiant City,Ava Knox,classical,dreamy|melancholic|playful,0.359,0.089,0.459,95.7,-14.87,0.0,1.0,0.934,0.288,209963,1,0,4,21
JVTHfqf77agu5aznZgM6qk,Burning Ghost,Cole Frost,rock,tense|dreamy|uplifting,0.285,0.735,0.479,136.5,-7.59,0.121,0.0,0.01,0.179,275491,10,1,5,16
72vvDfApCapNk626DyzSwA,Wild Shadow,Rio Knox,latin,energetic|tense,0.72,0.747,0.536,108.0,-8.75,0.077,0.048,0.0,0.2,255708,0,1,4,32
WGD7NVDVdREJjTvW8tWPLv,Sweet Rain,Mira Frost,classical,playful|dreamy,0.177,0.354,0.725,125.2,-16.96,0.051,0.944,0.689,0.234,180153,2,1,4,23
5EeHER1eoRyrRofLrjXNdK,Radiant City,The Roads,hip-hop,romantic|aggressive,0.613,0.81,0.603,110.6,-1.02,0.245,0.137,0.0,0.117,265190,3,1,4,43
aNfdbLw6OL1yFZ4mfUh9Rm,Burning Rain,Cole Hale,hip-hop,aggressive|dreamy|happy,0.71,0.613,0.717,91.1,-13.17,0.238,0.0,0.0,0.191,235511,10,0,4,56
YmAaNvzCGgpBNmKLh0rEIK,Lonely City,The Rivers,latin,aggressive|nostalgic,0.783,0.607,0.445,86.6,-9.92,0.028,0.176,0.055,0.359,200179,4,0,4,74
RIXKKgJak2cO7eQBiiON89,Electric City,Toma Blake,jazz,nostalgic|happy,0.538,0.397,0.872,128.6,-7.38,0.113,0.126,0.234,0.086,170788,11,1,4,31
O32rJG29WHKLIHL7Ln68ph,Lonely Star,Sena Ryder,pop,romantic,0.756,0.807,0.506,90.1,-3.89,0.115,0.059,0.0,0.025,246292,11,0,3,49
oEcZJ6ZHJHPA4MMkclSEwa,Crystal Echo,Finn Cross,folk,chill|dreamy|aggressive,0.493,0.364,0.571,104.3,-14.47,0.014,0.868,0.089,0.134,197914,1,1,3,48
BB8iU7TSXWsZwPzE7Gb9jl,Broken River,Leo Cade,hip-hop,tense|uplifting|happy,0.648,0.575,0.647,92.3,-2.76,0.191,0.0,0.0,0.376,163090,11,1,4,39
WSci7aapCGXEqP7SZhOmIZ,Fading Star,Zara Cross,r&b,nostalgic|tense,0.594,0.434,0.288,102.0,-1.79,0.009,0.086,0.015,0.0,165980,3,0,4,50
0Rw14iidB8jWbsUCCSiyBf,Restless City,Ava Lark,folk,chill,0.497,0.269,0.462,130.5,-12.23,0.034,0.804,0.034,0.0,254154,5,0,5,44
bh7OMPoAWovZiPl4px3kwW,Crystal River,Toma Shaw,r&b,nostalgic|romantic,0.8,0.533,0.316,79.3,-8.82,0.043,0.113,0.174,0.187,184511,4,0,4,28
gADLq3DFOTaCzJmyUXyzHs,Burning Ocean,The Waves,jazz,dreamy|energetic,0.808,0.385,0.553,130.1,-12.23,0.087,0.735,0.262,0.237,157715,9,0,4,32
DjKkmrJW2vfV19SCefGDS6,Wild Memory,Talia Ryder,rock,happy|aggressive,0.547,0.888,0.423,144.4,-1.68,0.031,0.0,0.018,0.11,165583,1,0,5,37
UMzkx2Mcc2RVBOsCgT5vaw,Fading Fire,The Storms,blues,sad,0.673,0.429,0.708,82.6,-5.42,0.0,0.409,0.105,0.133,208182,8,0,3,83
T3AjytlegtjkuTLS8tePkO,Velvet Horizon,Iris Voss,folk,aggressive|chill,0.502,0.33,0.592,81.3,-5.39,0.0,0.675,0.114,0.347,155668,0,1,5,53
htzBQvEuI0YGhUhb3oFeUK,Neon Rain,Jax Cade,r&b,dreamy|melancholic,0.45,0.62,0.263,84.6,-7.9,0.023,0.656,0.223,0.205,126367,10,0,3,56
BiOhNgFyD1FG7RYdbv29oQ,Electric Echo,Ezra Ryder,rock,tense,0.472,0.683,0.593,123.1,-5.53,0.138,0.028,0.0,0.236,204191,3,1,3,45
aMy1s6UTim2jyJPuptG8VH,Restless Ocean,Sena Ryder,indie,aggressive,0.608,0.511,0.651,123.4,-6.35,0.075,0.17,0.0,0.216,200551,7,1,3,35
c0u8SZm0TmxaGP0klTP2gi,Fading Ocean,Jax Cade,jazz,chill|tense,0.408,0.423,0.498,120.4,-8.85,0.002,0.597,0.296,0.125,260163,1,1,4,69
0RIvT8AI3zCMUOTeqJyo7x,Hollow Skyline,Kai Vance,latin,nostalgic|playful,0.965,0.92,0.611,109.1,-6.3,0.02,0.352,0.224,0.072,231799,4,1,4,44
qlBZoe5n8YAjdGkHVAavqO,Faded Storm,Jax Marsh,classical,tense|romantic|dreamy,0.053,0.303,0.507,85.1,-17.12,0.032,1.0,0.85,0.169,248658,1,0,4,75
TNxDgsz0nGqRQRJn246aNC,Distant Storm,Zara Vance,electronic,energetic|sad|romantic,0.702,0.853,0.584,108.7,-1.96,0.007,0.0,0.719,0.228,209318,9,1,5,65
gUzxzbGNcYYvXVhatL1e2o,Electric Skyline,Iris Wells,r&b,dreamy,0.369,0.319,0.41,98.4,-6.32,0.119,0.151,0.09,0.069,189146,7,1,3,0
K4cua9LAQU31d1d2jzOwgj,Electric Skyline,Sena Cross,hip-hop,dreamy,0.654,0.594,0.48,99.8,-3.31,0.153,0.253,0.024,0.196,283788,5,1,4,55
OjW8jJoWUPUDX5KzKPkQSO,Restless Horizon,The Waves,folk,sad|romantic|melancholic,0.523,0.271,0.32,90.0,-10.04,0.084,0.541,0.024,0.301,345260,6,1,4,21
C0eQsa5fyHdgQYmJbZ8VRC,Burning Garden,Kai Blake,indie,melancholic|happy|tense,0.527,0.491,0.615,121.6,-7.59,0.039,0.25,0.282,0.216,195169,2,0,4,25
VDc70Kw3WSUD0ICZ7mqzOx,Distant Road,Rio Ryder,r&b,playful,0.431,0.702,0.528,101.6,-3.31,0.114,0.081,0.0,0.326,186464,1,0,4,36
XqXQl0oJ1jkfFieWIm8WMy,Midnight Bloom,Zara Hale,rock,uplifting|energetic|melancholic,0.371,0.945,0.617,127.7,-6.6,0.021,0.008,0.0,0.127,233822,4,1,3,55
8iN3hXdKuI0kc0486p3cAO,Silent Horizon,The Shadows,classical,dreamy|chill,0.455,0.288,0.462,94.1,-16.12,0.053,0.797,0.794,0.022,243809,5,1,3,39
2RKLgzTMq4rKWKVwfAqLLc,Velvet Ocean,Jax Ryder,metal,happy|uplifting,0.478,0.971,0.433,132.1,-1.54,0.073,0.0,0.0,0.205,223535,1,1,3,32
rPyq3V4IzYvEHpqz5wVuiG,Restless Dream,Ezra Hale,country,nostalgic|aggressive,0.492,0.779,0.286,104.1,-7.06,0.0,0.607,0.112,0.153,143545,5,0,4,50
ougFjNsBClj2ex5P6z58d1,Hollow Ocean,Wren Lark,blues,playful|uplifting,0.35,0.189,0.44,105.3,-11.22,0.147,0.506,0.096,0.047,223931,2,1,4,79
YpHq02c246Mp7um3Bm8u4i,Hollow Storm,Nadia Lark,country,playful|romantic,0.507,0.525,0.422,101.3,-5.61,0.055,0.224,0.157,0.219,194956,8,0,4,26
G5ADPhvAiV2RWn6QnU0OrD,Wild Horizon,Nova Quinn,reggae,sad,0.46,0.58,0.711,82.3,-11.3,0.049,0.497,0.405,0.274,255272,2,1,4,82
GnfULSPIDHrUoJ4jnYn1a1,Electric Memory,Wren Shaw,blues,chill,0.403,0.357,0.516,96.9,-8.8,0.095,0.655,0.135,0.19,249104,7,1,4,51
Z0inUADI9Ph8NnDgx9Hc8N,Fading Heart,Reo Marsh,r&b,uplifting,0.692,0.423,0.774,84.4,-5.2,0.0,0.339,0.191,0.226,180215,8,1,4,49
gpBzXMuogPN3ZbRcuBUWEH,Neon Storm,Leo Marsh,hip-hop,sad,0.791,0.575,0.54,109.2,-6.66,0.216,0.013,0.0,0.047,194812,4,1,5,30
Ut4zPG7UbS68EXRqT3RGY4,Bitter Skyline,Iris Quinn,pop,happy,0.632,0.786,0.276,115.8,-5.34,0.036,0.205,0.0,0.0,214492,1,1,4,85
5P2BxBtKi9L67bQ7X0NWr4,Restless Road,Jax Ryder,metal,tense|aggressive,0.402,0.916,0.436,130.7,-5.97,0.0,0.0,0.16,0.044,213043,5,1,4,43
GIgO7clsiQJmB4gmaMrqdt,Hollow Dream,Nadia Hale,folk,melancholic|dreamy|uplifting,0.313,0.378,0.256,112.8,-10.76,0.017,0.725,0.049,0.071,188983,3,1,4,49
VJIKD1UyywfkrRb35NTmXt,Silent Shadow,The Memorys,r&b,sad|melancholic,0.711,0.48,0.496,123.5,-5.18,0.108,0.229,0.023,0.089,179348,0,0,4,52
620n6PSaCtZVq7hhB00yqP,Bitter Heart,Zara Shaw,latin,aggressive|uplifting,0.856,0.733,0.73,98.4,-3.74,0.067,0.214,0.199,0.238,218598,4,1,4,55
esufQQNkNqQNYzlfpEZHny,Faded Heart,Wren Shaw,blues,melancholic,0.361,0.404,0.39,101.4,-6.4,0.073,0.658,0.15,0.254,240479,3,1,3,36
BKjPomdBFiEe7qa8EDjtBW,Sweet Fire,The Fires,latin,playful|nostalgic,0.809,0.582,0.842,88.8,-3.06,0.045,0.134,0.124,0.196,210707,5,1,4,69
0TAw7p5In0JeUJkDLwqPDv,Burning Dream,Sena Vance,rock,uplifting|melancholic,0.616,0.68,0.623,115.5,-10.01,0.024,0.103,0.06,0.33,252046,4,0,5,66
on02LwFzK61UnDrLQuM0zd,Lonely Wave,Iris Ryder,rock,aggressive|tense|dreamy,0.575,0.83,0.344,120.9,-8.25,0.087,0.011,0.0,0.204,222469,8,0,4,27
4Ybe08bnLvRSBXkHAPEC1f,Distant Rain,Mira Cade,metal,aggressive|uplifting,0.361,0.961,0.278,151.4,-0.12,0.067,0.018,0.192,0.127,230779,3,1,3,50
RvG73o9J20OR9xlT1raB6j,Wild Road,Ezra Cross,electronic,melancholic|playful|aggressive,1.0,0.672,0.433,151.1,-6.48,0.063,0.126,0.396,0.163,240866,3,1,3,22
Fg6sbcKys5E9soSrgChnDD,Velvet Shadow,Leo Voss,classical,chill|nostalgic,0.328,0.221,0.332,99.9,-19.86,0.035,0.822,0.798,0.2,178286,5,0,4,29
cBeYo1QCJt28kDzlNa9PPG,Neon Echo,Rio Frost,latin,tense|aggressive,0.795,0.907,0.856,114.2,-2.85,0.036,0.022,0.0,0.18,262050,6,0,4,50
izac0QvXoZ86t9N6dA8ciT,Midnight Bloom,Iris Quinn,jazz,happy,0.494,0.419,0.644,118.9,-9.39,0.0,0.527,0.372,0.218,164209,10,0,5,30
hD1W5tdv1ScxalHuJD58Fq,Bitter Fire,Wren Knox,folk,playful|happy,0.323,0.413,0.391,94.6,-8.73,0.071,0.639,0.215,0.279,195882,6,0,4,50
fmWPSUHDtKUobyY9uuL5l2,Electric Shadow,Leo Marsh,reggae,melancholic|nostalgic|tense,0.925,0.49,0.609,92.5,-3.95,0.0,0.33,0.255,0.024,215486,7,0,4,33
frcuyT4CgMC4nuqPffdaUu,Silent Fire,Sena Cade,reggae,aggressive|energetic|uplifting,0.997,0.532,0.723,76.7,-9.75,0.06,0.019,0.093,0.084,204215,1,1,4,43
lBxYVvjnc5KYQchq9CDmED,Faded City,Nova Lark,classical,melancholic|sad,0.512,0.254,0.167,95.0,-16.56,0.108,0.951,0.751,0.2,211372,10,0,3,27
IR2aSBz1907XmGRKdkuaM8,Hollow Echo,Reo Frost,country,aggressive|sad,0.585,0.53,0.483,104.7,-9.63,0.074,0.383,0.0,0.346,252874,0,1,4,27
90SdjWQEL2AhUvhevk1dEx,Sweet Horizon,Nadia Wells,reggae,energetic|chill,0.825,0.663,0.973,82.3,-7.27,0.104,0.161,0.0,0.152,229796,8,1,4,89
YwMV2sSH5uix0MhrtSvIa4,Faded Memory,Reo Frost,rock,nostalgic|playful,0.44,0.744,0.733,112.4,-8.82,0.157,0.085,0.0,0.194,217073,3,1,5,13
lD2v8Emlwkp0qlKOVC3JPW,Electric Garden,Cole Vance,folk,playful,0.493,0.459,0.501,93.6,-10.18,0.065,0.882,0.1,0.158,180373,8,0,4,21
wPTbh2bStp0uRIIZ2gGsq4,Radiant Echo,Ava Reyes,rock,tense|aggressive,0.54,0.873,0.872,128.1,-2.35,0.083,0.109,0.051,0.089,298043,11,0,3,20
EHyvS9DHmr45s8a2LToJnu,Silent Shadow,Ava Knox,pop,dreamy,0.702,0.391,0.6,110.6,-3.2,0.071,0.0,0.106,0.245,193171,11,0,5,67
T9btTDK4Y9SiGgQkulaXbU,Radiant River,Zara Ryder,electronic,nostalgic|sad,0.864,0.648,0.311,120.3,-3.55,0.002,0.0,0.187,0.179,124412,8,1,5,26
avbTzQf0XKMerh6IqVXDKz,Broken Bloom,Nova Ryder,jazz,nostalgic|tense,0.619,0.571,0.407,112.3,-15.0,0.054,0.333,0.247,0.037,167690,1,0,4,55
T96LP1DdrYjNC4Pqv977XW,Lonely Bloom,Nova Wells,rock,happy,0.37,0.806,0.725,124.6,-4.15,0.113,0.278,0.0,0.279,198139,9,0,3,80
sEVNSb5YRV2VH7Lgh0f4Al,Silent Memory,Leo Lark,latin,happy,0.895,0.702,0.819,118.0,-4.76,0.128,0.434,0.0,0.157,232845,10,1,4,17
s7ZPZohAU1sT1tHlhkC5HJ,Distant Rain,The Rivers,rock,tense|uplifting,0.517,0.978,0.652,136.8,-5.76,0.053,0.129,0.056,0.229,176385,7,0,4,60
vxoD9mtSbiOrK7Wa9S4qhO,Sweet Skyline,Jax Blake,jazz,playful|romantic,0.57,0.308,0.747,95.5,-14.76,0.141,0.531,0.273,0.029,133227,10,0,4,47
IawSoDiVcxLyChLiibPwVp,Velvet Horizon,The Skylines,electronic,melancholic,0.675,0.565,0.218,126.7,-3.4,0.0,0.17,0.424,0.323,157820,0,0,3,47
etmy2W5R5D01q78HQAwIFq,Sweet Road,Talia Wells,r&b,dreamy|nostalgic,0.608,0.525,0.326,92.5,-7.03,0.072,0.057,0.021,0.235,220246,7,1,4,59
RaptSDIpcMfe6lgJWhrm5P,Endless Garden,Nova Wells,r&b,dreamy|energetic,0.599,0.352,0.441,89.6,-6.96,0.0,0.046,0.047,0.294,233572,9,1,5,31
uR6iGDya8Jr3DiOlojLoRp,Lonely City,Nadia Frost,indie,romantic|dreamy,0.535,0.62,0.439,139.1,-9.01,0.102,0.352,0.101,0.053,180569,11,0,4,31
cJfSTW8qbz9O7tf2jVf438,Burning Road,The Storms,blues,uplifting|playful,0.295,0.522,0.458,100.7,-13.97,0.061,0.653,0.113,0.258,144636,4,0,3,68
WjXTwireHxY48jS8Q6pyLM,Bitter Wave,The Stars,blues,melancholic|nostalgic,0.634,0.472,0.389,108.4,-12.69,0.059,0.538,0.0,0.126,178711,8,1,5,55
Go1cmvxaMXPuDs9OHuWTTu,Faded Memory,Jax Vance,pop,dreamy,0.734,0.903,0.465,91.7,-5.09,0.064,0.14,0.0,0.12,247903,4,0,4,67
31nSMpTYbKlJt59R9eWf1T,Hollow Ocean,Cole Vance,pop,energetic|uplifting,0.494,0.651,0.659,103.5,-6.18,0.092,0.13,0.12,0.203,249021,10,0,4,13
A1xoh5R4es63sECCaHbmnT,Fading Ocean,Talia Reyes,reggae,energetic,0.693,0.497,0.601,95.0,-5.81,0.071,0.231,0.075,0.131,163746,8,0,4,41
Qfqg6oXbGGIHnw6UUd0aTy,Distant City,Reo Frost,country,romantic|melancholic|sad,0.625,0.678,0.37,106.7,-5.92,0.0,0.414,0.0,0.345,180450,5,1,4,64
Plbv3mtgZL9y9ed6rsGnN1,Endless Heart,Nova Hale,jazz,playful|sad,0.451,0.401,0.714,95.1,-14.47,0.097,0.512,0.439,0.0,175355,5,1,3,37
bu06RPI2Y7Qn6OsjTJUgqz,Fading Dream,Jax Reyes,r&b,romantic,0.909,0.597,0.266,90.0,-3.03,0.113,0.151,0.0,0.16,235525,0,0,4,52
L1KTU6esqtP5ANmIx6n6ya,Burning Shadow,Jax Quinn,rock,uplifting|tense,0.347,0.897,0.736,133.2,-8.44,0.016,0.0,0.005,0.234,183644,8,1,4,59
4b5rHrgwTO54mUaampFAMY,Silent Bloom,Ezra Frost,pop,romantic,0.76,0.699,0.652,107.1,-2.08,0.0,0.0,0.004,0.327,202337,11,0,4,19
c0mXX24KLwgqbFGI49Jz8U,Sweet River,Leo Vance,metal,romantic|tense|aggressive,0.26,1.0,0.406,125.3,-3.07,0.091,0.0,0.0,0.16,241036,11,1,5,58
hoG1xIjZ0vEBgcW0vUIHl3,Broken Echo,Finn Ryder,electronic,sad|tense,0.748,0.757,0.484,108.2,-12.11,0.135,0.049,0.427,0.331,148740,7,0,4,44
FggrGsxeBRf4sZYsdaeWvn,Faded Dream,The Dreams,indie,energetic|happy,0.541,0.702,0.546,110.9,-11.13,0.052,0.195,0.0,0.212,237699,1,0,4,51
KpGi1D9nH1pEZyv9uTj63j,Wild Skyline,Jax Frost,hip-hop,romantic,0.701,0.482,0.342,86.9,-10.44,0.26,0.0,0.0,0.118,321715,7,0,4,57
46gMNVkWFhIduGYUNTkCy3,Bitter Echo,Zara Stone,electronic,nostalgic,0.942,0.76,0.416,136.3,-4.63,0.087,0.179,0.062,0.116,163824,2,1,4,36
TQzYyaK1HvuHdh97RjIKX7,Silent River,Rio Frost,reggae,chill|nostalgic,0.673,0.718,0.428,103.5,-2.96,0.09,0.42,0.236,0.288,201461,5,0,3,66
lgbmausY2gEZDqbdOr7Fml,Radiant Ocean,The Stars,reggae,aggressive|tense|energetic,0.668,0.712,0.715,85.3,-4.65,0.144,0.348,0.0,0.213,258617,2,1,3,25
XPj7rvoFxLUVSkMpMV3sbA,Broken Skyline,Zara Wells,rock,happy,0.467,0.849,0.61,131.9,-3.02,0.002,0.058,0.0,0.265,276588,1,1,4,51
NscAIrLYflINbV5wmYH1FH,Midnight Garden,Leo Hale,country,chill,0.545,0.39,0.77,117.6,-3.93,0.006,0.258,0.0,0.058,239585,9,1,5,44
MauvxIHWvbBw39ddh4mAuw,Restless Star,Cole Voss,r&b,nostalgic,0.611,0.511,0.565,93.4,-4.79,0.097,0.438,0.092,0.233,235845,11,1,4,26
B3zeYK8ljlJXpgdGCja6ef,Bitter Echo,Cole Stone,indie,sad,0.827,0.604,0.626,97.1,-6.42,0.038,0.304,0.311,0.266,227881,5,0,3,30
G515HtiauWqVCKunQFWLAw,Velvet Bloom,The Rains,country,nostalgic|chill,0.441,0.676,0.329,133.1,-8.73,0.008,0.393,0.166,0.242,194942,2,0,5,36
t7zwS9OgjTcpGEQiXw3jIz,Crystal Echo,Ezra Reyes,rock,energetic|uplifting|dreamy,0.684,0.872,0.599,145.8,-2.58,0.002,0.0,0.015,0.0,215362,10,1,3,39
qGICtsHe3AxrmiPOGeV4O6,Faded Light,Talia Cross,rock,playful|energetic,0.346,0.698,0.648,135.4,-4.25,0.114,0.258,0.0,0.175,281206,6,1,4,58
MouEWOuAdwI9k8dYlWXeKM,Crystal Dream,Iris Marsh,reggae,romantic|happy,0.522,0.648,0.755,94.4,-7.02,0.052,0.302,0.097,0.01,231709,9,1,5,66
RrNp1jXWvU8GDlzA6Vx6wA,Radiant Fire,Talia Marsh,classical,uplifting,0.189,0.149,0.441,103.3,-15.97,0.112,0.997,0.846,0.133,194770,1,1,3,64
GV6vrLNiOAtVuj1U6lvVyQ,Golden Rain,The Rivers,classical,nostalgic,0.323,0.276,0.455,90.8,-14.96,0.018,0.954,0.911,0.0,164044,10,0,3,38
5s2DvNtmecWcmbl4xu6djZ,Neon Star,Finn Ryder,rock,aggressive|chill,0.556,0.896,0.572,125.9,-5.44,0.019,0.211,0.0,0.338,386205,10,0,5,59
a5xgMfx9aqNYuNhmdKPAj1,Radiant Shadow,Reo Stone,pop,energetic,0.735,0.748,0.292,98.2,-5.18,0.072,0.158,0.357,0.213,160282,9,1,5,47
CTy4s6j71PxPAz6lZsT1if,Burning Skyline,Zara Cross,r&b,melancholic|romantic|nostalgic,0.574,0.565,0.537,124.5,-6.47,0.146,0.023,0.125,0.212,234909,7,0,4,7
QYKLV4JPQ0w6jaaHvKgj0R,Golden Wave,Cole Blake,country,dreamy|sad,0.757,0.314,0.959,136.2,-6.8,0.055,0.562,0.0,0.123,225724,4,1,4,16
lNSfepUW1YTuLc0W4YDR5a,Broken City,Kai Voss,indie,melancholic,0.86,0.547,0.286,128.1,-11.06,0.05,0.482,0.051,0.248,141414,11,0,4,52
HhxK2LYNTwBCcjQrIiQ4or,Burning Dream,Ava Reyes,electronic,energetic|nostalgic|tense,0.847,0.777,0.447,161.4,-6.52,0.047,0.041,0.306,0.12,174795,2,0,4,65
PEFuhxaGPS8rUHwwj0lPnB,Electric Ocean,The Rains,reggae,uplifting,0.852,0.506,0.649,95.1,-9.76,0.03,0.056,0.3,0.246,65408,0,1,4,36
jLXx4lknnC60Ff4QcBlQJD,Radiant Road,Wren Vance,metal,romantic|energetic|nostalgic,0.437,0.755,0.399,122.6,-6.27,0.061,0.291,0.15,0.172,183356,5,1,4,22
Y4aKrscRrKXePL4dq0MYgA,Bitter Storm,Ava Frost,latin,energetic|playful,0.845,0.554,0.745,104.3,-9.7,0.0,0.3,0.263,0.201,224106,2,1,3,20
WVIFjHai7wg1lNA7dhpk4t,Hollow Garden,Kai Cade,hip-hop,chill|melancholic,0.615,0.568,0.604,97.3,-6.74,0.245,0.134,0.195,0.16,110743,4,1,5,20
dZbRFgvEY2LOADhj9Hezgd,Wild Light,The Dreams,metal,melancholic|playful|dreamy,0.277,0.756,0.328,155.6,-8.72,0.072,0.135,0.104,0.186,136303,9,1,4,58
lKUm4a3AYHUPiibhsJtQ2O,Silent Rain,The Waves,electronic,sad|tense,0.706,0.832,0.544,115.0,-6.62,0.14,0.007,0.296,0.18,236393,1,1,5,77
CkIVJQkyE7bqcDX0YFZSzy,Bitter Garden,Jax Voss,folk,sad,0.359,0.329,0.236,86.2,-9.25,0.114,0.671,0.0,0.186,195512,9,0,4,41
81rU1bXvlP703XL5Hl5BZg,Hollow Storm,Ava Voss,blues,dreamy,0.401,0.419,0.563,110.5,-8.61,0.102,0.541,0.104,0.148,207273,3,0,4,34
KJhC49VaYgTLfRTzq041r8,Golden Wave,Rio Cross,reggae,aggressive|happy|chill,0.726,0.487,0.491,85.9,-5.62,0.023,0.277,0.127,0.103,220751,6,1,4,56
AGb7sYXmI2dWqgfWrCMtuM,Faded Fire,Iris Wells,country,dreamy|chill,0.366,0.383,0.521,115.9,-8.3,0.009,0.294,0.098,0.03,205863,11,1,4,92
QJ5ruCKhyBEbXwapuPSpnV,Distant Fire,Zara Hale,classical,nostalgic|dreamy,0.179,0.267,0.469,118.3,-17.03,0.154,1.0,0.745,0.038,224659,9,0,4,71
BaPnQ4gNF794eDSjel2GpY,Electric Wave,The Memorys,blues,melancholic|romantic,0.424,0.515,0.371,85.0,-8.27,0.109,0.369,0.0,0.396,227140,1,0,4,56
qLJGpDjx4jtoYT9UJw7C8l,Radiant Horizon,Zara Marsh,r&b,energetic|nostalgic,0.624,0.664,0.268,100.6,-7.06,0.052,0.296,0.09,0.205,207870,1,1,4,36
Nq99KA02IQVow6FMe69lYN,Neon Memory,Cole Quinn,pop,happy|sad,0.801,0.753,0.657,108.9,-4.74,0.036,0.143,0.104,0.183,124875,5,1,4,77
iq6AQTji0Xmz7NwM1sGeVE,Electric Shadow,Ava Cade,country,chill,0.612,0.283,0.704,102.7,-6.96,0.0,0.295,0.031,0.368,214295,9,1,4,49
zgy1LEDtGrMjjIzsFKd2Pv,Hollow Shadow,Rio Wells,indie,melancholic|chill,0.405,0.69,0.483,112.6,-8.74,0.046,0.148,0.208,0.207,246731,6,1,4,47
sEs7bVhU6FljL9Dqri1tcL,Endless Heart,Wren Cross,country,energetic|tense,0.377,0.332,0.742,112.1,-4.88,0.087,0.309,0.198,0.061,201029,4,1,4,64
y1AAEiSSi7LksZyLWR7G2o,Faded Star,Talia Blake,latin,tense,0.873,0.748,0.868,133.3,-7.26,0.038,0.483,0.0,0.071,298155,0,0,4,64
ghWM19Q7QKh3Rl4kX8yAyB,Electric Light,The Waves,r&b,chill|romantic,0.743,0.535,0.506,85.0,-8.14,0.024,0.46,0.203,0.311,214334,11,1,3,38
ZEOHZW8dpd8vbVpku1NUo2,Fading Ocean,Nadia Quinn,classical,playful|happy,0.133,0.366,0.434,95.4,-16.88,0.168,0.86,0.642,0.115,159650,7,1,4,66
iGPLqLqmVySn4IwLtiYPOs,Electric Star,Leo Ryder,reggae,uplifting|melancholic,0.746,0.535,0.604,103.9,-5.91,0.0,0.305,0.0,0.183,232682,2,0,4,35
WNIkJPYCg0LM62tbPNhdyg,Crystal Light,The Memorys,pop,sad|happy,0.497,0.52,0.955,105.8,-4.55,0.0,0.253,0.0,0.156,247849,4,1,4,86
he8fxBFB2ZA7Go3d7LZNUi,Crystal Garden,Iris Marsh,reggae,nostalgic|romantic|energetic,0.946,0.471,0.624,88.3,-10.57,0.072,0.304,0.315,0.204,238082,8,0,5,11
RitFy0YLIMD3thm0LztoMZ,Endless Garden,The Horizons,indie,sad,0.605,0.535,0.767,109.9,-10.49,0.135,0.256,0.286,0.0,212645,8,0,3,43
tdt6GLBhHQ8XLnrO4KJZf5,Sweet Rain,Cole Marsh,rock,aggressive|tense,0.582,0.989,0.689,122.4,-7.43,0.041,0.155,0.053,0.031,239081,1,0,4,71
GskQAf7GUDQEYPUWxiUryF,Wild Light,Talia Cross,blues,uplifting|aggressive,0.537,0.379,0.252,101.9,-5.88,0.043,0.514,0.308,0.211,238625,7,1,4,32
SB8SIsLdfcd7P6xxHiPpO4,Bitter Ocean,Leo Wells,folk,nostalgic|chill,0.323,0.233,0.492,102.4,-10.05,0.043,0.954,0.0,0.101,293058,10,1,5,43
ZiGumMTaOzuO1Z8yZuNduy,Restless Dream,Nadia Lark,country,dreamy,0.514,0.397,0.681,108.9,-9.1,0.123,0.63,0.006,0.158,163306,0,0,5,60
MscuvrrRD4ldNHfOb5Okp4,Faded Garden,Wren Quinn,rock,uplifting|aggressive|energetic,0.556,0.796,0.355,140.0,-5.94,0.089,0.0,0.031,0.197,279982,9,1,4,42
MyQzymxYNcABD0L4SMJo4U,Broken Garden,The Roads,country,energetic|happy,0.511,0.622,0.823,114.4,-11.14,0.118,0.443,0.069,0.195,261554,6,0,4,39
oGkCjUkoLxJTXZXMujXUhG,Neon Ghost,Reo Knox,rock,nostalgic|sad,0.628,0.699,0.127,135.5,-10.95,0.036,0.0,0.244,0.2,166875,7,0,4,67
cROd3hZDl7Y1dWe1zIyYDK,Restless Shadow,Jax Knox,latin,chill|happy,0.614,0.609,0.753,88.5,-6.86,0.053,0.117,0.0,0.132,245331,0,0,4,42
eGV8NKPm2ahAo7zDJT1yxk,Restless Rain,Jax Knox,pop,romantic,0.724,0.579,0.589,102.9,-6.15,0.081,0.121,0.169,0.1,206381,6,1,4,61
YWUjGk3PSRXHX7VL7r7K8p,Fading Rain,Reo Cross,electronic,tense,0.824,0.68,0.059,124.5,-6.45,0.073,0.0,0.264,0.081,243489,11,1,4,18
icZhHapPURGsCP4l3J1ojG,Fading Ocean,Sena Wells,country,energetic,0.623,0.526,0.768,102.0,-8.4,0.04,0.331,0.059,0.134,267139,2,0,5,60
LWfzevPZ9QLLwO70gQMvKJ,Bitter City,Toma Ryder,country,happy|dreamy,0.507,0.455,0.634,115.4,-4.55,0.036,0.14,0.0,0.033,238950,8,0,3,50
v4I4cfSOTGVpSIz5BRAsxL,Bitter River,The Lights,classical,aggressive|energetic|romantic,0.271,0.364,0.454,110.9,-18.61,0.1,1.0,0.965,0.163,203151,7,1,5,72
gV0u8btLgivrXkTxUGYjld,Lonely Rain,Leo Voss,pop,dreamy|uplifting|chill,0.581,0.781,0.456,114.8,-4.41,0.0,0.209,0.043,0.255,182406,3,1,3,76
Y1LqvVioaL4MMqMY2yaUhr,Radiant Ghost,Rio Shaw,classical,happy|tense,0.146,0.436,0.425,103.9,-14.58,0.167,0.8,0.901,0.0,256001,3,1,4,84
Igq7Xolabpbn44A3RZ0gtu,Bitter Skyline,Mira Marsh,folk,melancholic,0.356,0.417,0.306,106.6,-9.87,0.043,0.795,0.085,0.343,149806,9,0,4,48
XS1fvu7ysgfJr1Bwy627Hu,Endless Road,Ava Ryder,hip-hop,happy|uplifting|chill,0.57,0.707,0.605,113.9,-6.54,0.228,0.0,0.065,0.167,228930,0,0,4,71
4YKdOLWGBoVmtcjLrEsU4W,Bitter Echo,Kai Knox,rock,playful|melancholic,0.516,0.516,0.806,129.2,-6.8,0.042,0.0,0.087,0.417,305817,4,0,3,18
MYPe9hdSiwJyUOevb1huov,Lonely Rain,Cole Vance,r&b,playful,0.724,0.55,0.234,85.2,-5.99,0.083,0.612,0.062,0.278,236782,2,1,4,48
45S8rTikRfpji94gUizddX,Bitter Echo,Wren Ryder,rock,playful|tense,0.607,0.649,0.618,128.6,0.0,0.108,0.0,0.176,0.074,208292,6,1,4,29
foqaSgBRiGH8Z1sM1v8SFF,Radiant Horizon,Iris Blake,r&b,sad|nostalgic,0.697,0.461,0.367,87.5,-6.72,0.074,0.164,0.31,0.396,223342,7,1,3,44
vCg4dUXdKdWY2kYvJjOafY,Wild City,Iris Reyes,indie,nostalgic|happy|playful,0.57,0.87,0.764,102.8,-11.83,0.0,0.159,0.122,0.184,234993,8,0,3,25
uTtjK1VFa37IDqD1i7pJSa,Distant Dream,The Citys,jazz,chill|energetic|nostalgic,0.5,0.516,0.477,120.6,-8.25,0.104,0.626,0.484,0.226,243534,2,1,4,47
vwHD6mycw2rxGlItqiRXH0,Bitter Light,Rio Stone,metal,romantic|playful,0.365,0.995,0.792,147.1,-3.66,0.119,0.0,0.059,0.1,218445,10,0,3,68
siHZSKnd7aWFOlhEKJPyn7,Restless Light,Jax Vance,country,dreamy|energetic,0.626,0.323,0.553,108.1,-8.58,0.09,0.301,0.258,0.0,229579,1,0,4,25
xYOx51p4vqrrgllPPOVMSb,Hollow Horizon,Sena Lark,jazz,happy|nostalgic,0.489,0.515,0.369,112.9,-12.74,0.0,0.681,0.145,0.235,242072,10,1,5,47
FW0QcBR1PhR4qAtkZXHqU3,Bitter Rain,The Memorys,blues,aggressive|nostalgic|dreamy,0.43,0.306,0.345,90.5,-6.53,0.119,0.277,0.06,0.172,150693,11,7,3,21
BTTZwLHreNI0ffsIS99oIC,Fading Horizon,Toma Lark,blues,dreamy|nostalgic,0.453,0.239,0.049,107.7,-4.59,0.086,0.433,0.109,0.251,165395,7,1,3,70
gM6ipQGoPLE6oczH6c97K3,Fading City,Ava Hale,reggae,dreamy,0.807,0.368,0.655,93.7,-10.35,0.027,0.391,0.0,0.012,224896,7,0,3,0
4jhUXR0Of8m1k7vdSQHKA1,Sweet Heart,Kai Blake,blues,uplifting|aggressive,0.459,0.639,0.269,108.9,-9.83,0.107,0.507,0.307,0.103,257864,11,0,4,12
k7jpEreY5N0qRlCHpfRJzW,Faded Star,Ezra Reyes,hip-hop,uplifting,0.592,0.542,0.627,105.1,-6.87,0.242,0.201,0.0,0.11,210691,2,0,4,52
98PIr6iQ9mPtsY1Onn46cZ,Velvet Memory,Rio Vance,metal,aggressive|playful|dreamy,0.191,0.871,0.485,132.5,-4.41,0.032,0.0,0.159,0.159,246453,0,0,4,43
U9skoTpybPlelGeSsT1SKY,Lonely Wave,Zara Vance,folk,chill|sad|dreamy,0.63,0.208,0.3,117.8,-10.78,0.105,1.0,0.127,0.128,226419,1,1,3,11
rZFpUQQW7gIEJodNyT0VwW,Midnight Ocean,Finn Stone,metal,chill|melancholic,0.306,0.883,0.283,153.5,-7.01,0.107,0.0,0.0,0.199,159098,2,0,4,71
t6j9QDr6XydL9kpjUXPV8p,Endless Skyline,Rio Marsh,hip-hop,nostalgic,0.792,0.721,0.303,97.8,-7.67,0.138,0.072,0.121,0.142,235300,5,1,3,45
pCF9vAKnSucfAURC8EhcDy,Sweet Horizon,The Storms,country,nostalgic|playful|romantic,0.61,0.546,0.547,118.6,-10.28,0.033,0.421,0.062,0.163,116673,8,0,3,22
toOutgkhPn4bcZi8ib6vI6,Midnight Echo,Leo Cade,r&b,happy,0.586,0.429,0.654,91.9,-6.86,0.113,0.229,0.047,0.187,206431,6,0,5,16
faa57wWOzEAhnyij6FcA7y,Endless Skyline,Leo Lark,latin,uplifting,1.0,0.77,0.615,114.2,-10.22,0.049,0.052,0.0,0.271,177226,10,1,3,49
QWkrMY72zZY2ANKUZY8FJY,Neon Dream,Cole Voss,metal,sad,0.418,0.941,0.376,127.2,-3.32,0.082,0.08,0.085,0.172,226778,0,1,4,94
YOCAUYFxTPtaEKKZERXYQq,Broken River,The Lights,country,playful|nostalgic|romantic,0.558,0.547,0.776,122.8,-7.17,0.014,0.414,0.126,0.145,291839,2,1,4,37
9ZsWtVqWE31zUwYyniA35s,Broken Road,Reo Cross,rock,nostalgic,0.653,0.793,0.813,95.9,-7.64,0.011,0.063,0.067,0.327,197488,8,1,4,36
G20lAKF2REgaJGd6c4Dckk,Silent Memory,Toma Hale,metal,nostalgic|aggressive,0.618,0.881,0.216,148.3,-5.1,0.076,0.064,0.246,0.15,186096,3,1,5,53
FG4yvSo7MXpvqY0OinshmF,Restless Echo,Reo Frost,pop,aggressive|playful,0.668,0.65,0.655,104.0,-7.47,0.101,0.404,0.0,0.188,253620,10,0,4,16
gDWBi4Wz0BVL9EjPp9mn2R,Hollow Memory,Jax Vance,folk,melancholic|chill,0.561,0.17,0.334,85.0,-10.95,0.089,0.862,0.174,0.171,246648,11,0,5,54
5EF2ddp294Kwo0kwjE3s0X,Midnight Star,Mira Wells,r&b,uplifting,0.704,0.529,0.608,84.5,-3.1,0.0,0.046,0.14,0.098,184104,7,1,3,66
l8uXwpR67RXSpXAFaMkTJO,Electric Skyline,Finn Lark,folk,chill|uplifting|melancholic,0.378,0.403,0.482,85.1,-12.36,0.055,0.604,0.0,0.242,212303,1,0,4,21
NTt7491YS8F7IFRS83V0mk,Silent Memory,Talia Wells,folk,chill,0.507,0.102,0.586,101.0,-9.81,0.103,0.77,0.078,0.1,206766,0,0,5,32
BRCkWYqSNjMiGQ8xVPwRfQ,Distant Heart,Nadia Reyes,folk,happy|dreamy,0.452,0.295,0.534,104.7,-10.29,0.102,0.532,0.106,0.094,181361,8,0,4,55
zYL6Y8yqY9c2TsLLnkJNVl,Hollow Skyline,Ava Reyes,r&b,playful|energetic,0.609,0.304,0.655,82.4,-1.73,0.175,0.101,0.085,0.0,313423,3,1,4,56
RtR9Gjxyq8YKKFhbmO27rp,Midnight Ghost,The Stars,jazz,sad|uplifting,0.651,0.459,0.878,106.1,-9.75,0.049,0.732,0.366,0.17,174213,1,0,4,28
wSLgsZh66lNzIaOHmqjrX6,Fading Dream,The Rivers,hip-hop,energetic|playful,0.563,0.693,0.694,111.2,-4.09,0.229,0.159,0.0,0.072,161975,7,0,5,46
3vUpVC3TCKPGPpjemDbBap,Hollow Skyline,Toma Stone,electronic,uplifting|tense,0.74,1.0,0.723,139.2,-3.52,0.0,0.079,0.306,0.163,198601,6,1,5,70
VkPnNnRkUrumSyy2nI1Ell,Electric River,Kai Hale,indie,tense,0.613,0.759,0.536,106.9,-10.08,0.008,0.291,0.058,0.1,227696,11,1,4,72
TjwYnGPFPcz6Z1pOcM4Z5n,Sweet Horizon,Wren Knox,r&b,dreamy|nostalgic,0.478,0.771,0.676,94.9,-6.29,0.013,0.136,0.0,0.124,255876,5,0,5,30
6bDRWJLS1Zpx9qXluZJgSi,Golden City,The Rivers,pop,sad|happy,0.878,0.796,0.933,123.5,-2.34,0.025,0.0,0.046,0.341,188855,6,1,4,36
TId8IZYTNR0RbIp7WQXf1b,Distant River,Nova Lark,r&b,nostalgic,0.644,0.504,0.2,93.3,-8.07,0.082,0.2,0.0,0.0,243923,8,1,4,77
hniQeuVPTU3sPT27xt8ppu,Distant Storm,Jax Marsh,rock,energetic,0.38,1.0,0.663,128.4,-6.38,0.0,0.119,0.004,0.132,139724,4,0,5,69
wDs92P2kXfxZMiXXa7gDvB,Fading Garden,Mira Lark,latin,playful|tense,0.837,0.765,0.795,102.3,-5.72,0.071,0.305,0.067,0.0,210122,8,0,4,16
SSrhR4JuAeFcfJzyxazEO1,Velvet Light,Ava Blake,rock,chill|uplifting,0.379,1.0,0.446,154.0,-5.5,0.089,0.063,0.104,0.0,204652,8,0,5,48
tkpBJIjZ1zh9vjoT7Wps1o,Golden River,Ava Reyes,electronic,romantic|uplifting,0.583,0.979,0.591,121.2,-2.29,0.09,0.135,0.323,0.1,193697,8,1,4,71
jsu3onBjHVaUXehwW6t8yF,Restless Rain,Rio Shaw,latin,aggressive|tense|playful,0.749,0.629,0.853,95.8,-8.25,0.149,0.111,0.049,0.211,139415,2,1,4,14
0TW2BcDm4MCqGcC1yjbLjJ,Bitter Skyline,Ava Hale,jazz,melancholic,0.431,0.367,0.605,108.4,-14.39,0.0,0.57,0.235,0.121,263555,2,0,5,44
gzRJCdEX4cFiPh3UWB565p,Crystal Shadow,Ava Cade,electronic,uplifting|aggressive,0.67,0.788,0.678,154.5,-5.56,0.012,0.0,0.363,0.212,197381,0,1,5,49
km5nMIurS0mCATVb16Wf2g,Fading Horizon,Reo Blake,reggae,melancholic|happy,0.524,0.625,0.691,77.1,-11.56,0.036,0.372,0.0,0.148,239639,1,0,4,54
BiC9FcKq35UOKmTTo8aWBW,Electric Road,Nova Quinn,indie,melancholic|playful,0.328,0.482,0.212,107.4,-6.89,0.07,0.622,0.018,0.193,210577,8,0,5,51
6WVKZfqFJDnxn7bqllQIjU,Wild Fire,Reo Quinn,electronic,happy|nostalgic,0.709,1.0,0.435,151.0,-3.75,0.054,0.0,0.631,0.082,270261,1,1,4,47
frvdYtpBbndobFquMCSHdb,Lonely Storm,Finn Stone,metal,sad|aggressive,0.351,0.898,0.433,-5.0,-8.49,0.0,0.0,0.127,0.23,209839,11,0,4,49
6TCgOaIEJses4FC2dB0TkA,Broken Road,Leo Blake,latin,sad|happy,0.861,0.603,0.77,121.6,-3.45,0.035,0.166,0.155,0.116,244686,7,0,4,3
wkrM051ifqLWveqH11OSOi,Restless Ocean,Ava Wells,country,playful|happy,0.269,0.537,0.736,103.0,-8.96,0.027,0.461,0.0,0.138,237855,5,0,5,46
i1xx8MZ5gMVtAj0C3XX3OK,Wild Rain,Nadia Frost,pop,uplifting,0.697,0.499,0.598,100.1,-5.57,0.032,0.164,0.0,0.027,130717,9,1,4,49
bMGeY8jNDF9vPjTfDxWiBZ,Hollow Light,Cole Frost,classical,romantic|melancholic,0.331,0.244,0.165,89.5,-19.35,0.0,0.662,0.706,0.182,219438,3,1,4,60
iAH6TXmIN8ucSYD1g0gaNM,Bitter Memory,Cole Hale,folk,melancholic,0.477,0.394,0.275,102.5,-5.62,0.076,0.71,0.146,0.139,174848,4,0,3,69
3DqQh8KPdLLXm0PynFBfnX,Velvet Memory,Leo Vance,classical,playful,0.321,0.366,0.404,99.8,-15.75,0.027,0.987,0.918,0.134,277425,2,1,3,55
XidrKTybMjsrRaZheiGTP6,Silent Star,Cole Ryder,folk,tense|chill,0.138,0.438,0.678,112.6,-9.69,0.0,0.703,0.201,0.392,218799,7,1,3,43
XTGcwQ3riWSZFDbXq5xNBE,Distant River,Kai Cross,folk,dreamy|melancholic,0.269,0.533,0.361,109.4,-12.4,0.013,0.883,0.006,0.173,243680,2,0,3,37
Bk6OyL63AHkBLM6Ez2zYHp,Fading Ocean,Cole Shaw,latin,aggressive|tense,0.707,0.878,0.461,104.4,-2.97,0.077,0.25,0.017,0.009,313660,4,0,4,16
WZrscbQc92AFlJyZurFNaK,Distant Ghost,Rio Blake,classical,chill,0.324,0.52,0.391,110.4,-13.73,0.039,0.918,0.91,0.0,239759,0,0,4,40
UZGYgcSQs2hV6mtqDqyOH8,Velvet Echo,Zara Shaw,metal,aggressive|energetic|romantic,0.311,1.0,0.325,143.0,-4.12,0.0,0.058,0.172,0.103,164530,3,0,4,71
Tff7rOed0aznIkJVfIeMT0,Lonely Ghost,Sena Frost,reggae,nostalgic|energetic|uplifting,0.838,0.647,0.57,102.3,-5.44,0.006,0.266,0.0,0.0,205870,10,1,4,57
ME9sJ7KezNVT4DzdQUwpQw,Lonely Bloom,Ava Vance,latin,dreamy|romantic|tense,0.839,0.555,0.734,106.4,-9.91,0.111,0.035,0.328,0.257,225858,4,0,3,76
DRA2rKp4MWM5KyKEJ1G6jf,Wild Memory,Leo Vance,electronic,nostalgic|uplifting,0.805,0.855,0.419,125.3,-3.14,0.0,0.0,0.215,0.246,175692,3,1,5,47
IKkNXKbu2GkJrlZPJWpNcn,Lonely Rain,Finn Marsh,pop,melancholic|sad,0.782,0.569,0.536,132.3,-5.23,0.117,0.31,0.122,0.047,193713,11,0,4,56
Es6NuyNJzNZClbcBcXxeOD,Silent Storm,Ava Ryder,metal,melancholic|energetic,0.38,1.0,0.468,146.6,0.0,0.056,0.0,0.129,0.037,204703,1,0,4,31
KEn6MCG2xsmkAMRb8Ti9Y7,Wild Ocean,Nova Lark,rock,playful,0.439,0.608,1.8,138.9,-6.05,0.003,0.206,0.129,0.145,136404,8,0,4,47
0qZIPJoqGzX38IhjOR6FIb,Endless Road,Iris Reyes,electronic,energetic|romantic|tense,0.752,0.703,0.401,119.3,-5.55,0.15,0.028,0.497,0.0,237169,0,0,4,60
BAb3NRvJNJxwbjOBUHRRDc,Restless Ghost,The Rivers,classical,dreamy|chill,0.358,0.256,0.652,99.0,-19.77,0.0,0.931,0.868,0.079,193752,2,1,4,24
eLF4Z9UAcNgvWLxn3fkCEx,Restless Garden,Talia Frost,classical,sad|playful,0.31,0.078,0.442,102.0,-17.05,0.183,0.823,0.816,0.284,162072,2,0,4,59
VIZbAtmTHJwyqYv2LXr31y,Endless Echo,The Dreams,latin,playful,1.0,0.704,0.621,108.8,-1.75,0.004,0.008,0.045,0.011,185979,10,0,5,96
GZHHBnBaYl3O7OMPJczlNy,Restless Skyline,The Waves,country,uplifting|playful,0.433,0.594,0.638,122.3,-4.33,0.03,0.177,0.051,0.182,243820,9,0,3,12
WQDRYq6DooFpLX5TUeUiDY,Fading Storm,Wren Cade,classical,tense|energetic,0.411,0.469,0.443,99.2,-18.0,0.0,1.0,0.516,0.021,257904,1,0,4,40
LFkLMLf44QJ7SZJcA52NvJ,Faded River,Leo Shaw,pop,aggressive|sad,0.749,0.655,0.678,127.3,-3.4,0.0,0.177,0.0,0.075,224335,0,0,4,51
1150RzOkBFYkbz61qiAbiU,Silent Echo,Nova Ryder,country,melancholic|sad,0.516,0.683,0.35,117.9,-8.82,0.051,0.068,0.005,0.144,226639,6,1,4,63
7pLaO40hAdgP6b69VuJfRY,Bitter Storm,Finn Marsh,country,sad|energetic,0.505,0.623,0.278,87.2,-8.67,0.109,0.605,0.102,0.253,210936,3,0,3,78
Mz525vhYvZokvUsFcdewGK,Bitter Dream,Jax Shaw,blues,tense,0.539,0.415,0.431,99.1,-5.09,0.072,0.545,0.122,0.161,184994,10,0,4,13
7djeuOPNWjuR17o926ydDi,Golden Ghost,Sena Knox,country,melancholic,0.582,0.402,0.638,121.6,-7.03,0.0,0.405,0.069,0.087,243753,2,0,3,44
kJtADuhJ0VxkvA9UC6UfiM,Burning Ocean,Jax Stone,r&b,happy|uplifting,0.635,0.413,0.693,88.0,-7.52,0.059,0.01,0.112,0.224,178014,5,0,4,71
oUxPCzNjTs4X7NvZD3t8kV,Distant Storm,Nova Vance,r&b,romantic,0.776,0.52,0.188,86.0,-7.33,0.084,0.08,0.0,0.186,186063,0,0,3,59
GQefkL0FigCz5id9IMl26u,Burning Light,Finn Voss,reggae,uplifting|playful,0.709,0.606,0.867,66.6,-9.79,0.017,0.371,0.204,0.159,184455,10,0,3,26
iM7XywigUwwq5PzZfP6MpC,Radiant Memory,The Horizons,metal,happy|melancholic|tense,0.404,0.628,0.296,122.3,-6.04,0.082,0.0,0.093,0.073,243090,4,1,5,30
DvwcFvfQAIPvmMAIlFSqQK,Crystal Horizon,Cole Reyes,country,chill|uplifting,0.518,0.461,0.691,95.2,-9.34,0.022,0.467,0.0,0.1,220170,4,0,4,35
c6HT1DoztLFQTWefJBmgrX,Silent Horizon,Cole Stone,r&b,happy|dreamy|melancholic,0.692,0.349,0.47,95.8,-7.68,0.132,0.135,0.0,0.2,275169,6,0,4,18
Ozj1j5PiP9KkNC9gVuakM3,Velvet Shadow,Wren Shaw,latin,melancholic|playful,0.782,0.649,0.755,97.8,-13.66,0.096,0.394,0.11,0.051,214849,6,1,5,40
XQGTls2YT6ahjr9pWHLVAW,Midnight Shadow,The Skylines,metal,uplifting,0.28,0.959,0.412,130.5,-7.58,0.055,0.036,0.0,0.066,259811,4,1,5,52
Z8wB9oaHXG5h6HzUxeQIOJ,Bitter Garden,Cole Cross,electronic,melancholic|sad,0.684,1.0,0.216,123.7,-6.87,0.089,0.0,0.449,0.072,267751,4,0,4,55
w1MYB5Oh30c2cLlOoA6FZi,Restless Shadow,Leo Marsh,jazz,playful,0.628,0.414,0.433,81.3,-8.83,0.0,0.514,0.114,0.216,193294,2,0,4,42
nXKwKdc6hi8P9nU1wbfKNB,Silent Light,Nova Quinn,reggae,uplifting|sad|romantic,0.614,0.597,0.672,78.6,-8.7,0.146,0.0,0.383,0.284,160523,3,1,4,29
WR4PnKbZLuhlvjGTy4jaif,Silent Skyline,Reo Vance,electronic,aggressive|energetic,0.543,0.731,0.306,138.3,-6.97,0.107,0.0,0.124,0.125,203087,0,0,3,37
jHPGiIQTBaiu9Vm6136ZW9,Crystal Garden,Nova Ryder,classical,happy|playful|melancholic,0.414,0.085,0.519,130.5,-19.27,0.112,0.881,0.973,0.213,180815,4,0,4,58
dbIwYS5VqhCAXIA4TKhMQJ,Fading Ocean,Talia Lark,indie,chill|nostalgic|melancholic,0.722,0.791,0.284,121.4,-10.96,0.0,0.174,0.128,0.164,252745,10,0,3,57
3sK4oKSNI0SCv2pDi2phZ1,Hollow Echo,Ava Stone,r&b,happy|uplifting,0.545,0.52,0.493,95.7,-5.22,0.09,0.173,0.0,0.254,216665,8,0,5,23
PoJF39VFmcvuIk3S35Yb0V,Burning Ghost,Talia Lark,jazz,dreamy|playful|chill,0.644,0.352,0.617,113.0,-10.64,0.126,0.377,0.319,0.214,246029,4,1,4,66
X224AkEcqTU1u5I5Phz0PV,Velvet Rain,Toma Vance,latin,sad|aggressive,0.935,0.692,0.847,101.6,0.0,0.055,0.196,0.088,0.06,249972,6,0,4,53
rZuRZtbSyEXtvSjCd98yKf,Distant Storm,Jax Shaw,indie,energetic|sad,0.43,0.575,0.375,117.1,-9.7,0.148,0.272,0.141,0.203,266556,2,0,3,62
lWgna0eJX5L1CP2ros7h62,Broken Memory,Wren Vance,blues,uplifting,0.544,0.532,0.424,58.9,-7.99,0.124,0.26,0.014,0.107,245791,9,1,4,30
jHGb30EA97tkQvPkXlaMs4,Faded Storm,Sena Hale,indie,chill|tense,0.723,0.493,0.57,126.9,-4.36,0.0,0.21,0.283,0.2,210841,3,0,4,57
gALx0GnfiI4zHCsgqCNxCj,Distant Ocean,Leo Frost,folk,happy|uplifting,0.359,0.608,0.492,108.5,-9.57,0.042,0.578,0.0,0.241,243875,3,0,4,72
h1hpwGjCf4nXyXXGLgwFeR,Radiant Wave,Nova Hale,electronic,romantic|melancholic|sad,0.865,0.789,0.627,131.2,-6.12,0.061,0.107,0.324,0.254,293473,8,0,3,16
HpBFGzDbb2gFABS3hYXMeo,Neon Fire,The Oceans,country,chill,0.518,0.454,0.444,105.3,-9.35,0.0,0.51,0.0,0.153,231031,0,1,3,24
g0LDbaeKkZbxOBGRw83X22,Restless Echo,Sena Voss,pop,happy|playful,0.858,0.414,1.8,109.4,-1.74,0.067,0.233,0.066,0.0,246408,11,0,3,56
A5SL2xEDHGx3Hl0fvf3k6m,Hollow Rain,Toma Ryder,rock,uplifting|aggressive,0.675,0.803,0.611,138.2,-1.57,0.02,0.0,0.249,0.237,266686,6,1,4,20
1R7yvWzHLVelJK1323PHUg,Faded River,Wren Vance,pop,energetic,0.778,0.5,0.779,117.7,-5.76,0.057,0.229,0.159,0.121,191526,11,0,3,27
Yhu9iYSvHGS0a2qRp5SrFw,Bitter Dream,Leo Reyes,indie,playful|romantic,0.654,0.578,0.706,104.4,-9.02,0.093,0.251,0.184,0.139,219234,7,0,3,0
6K1wm5hFeqTjq0V9XJpcEM,Electric Road,Zara Lark,blues,aggressive|melancholic|nostalgic,0.584,0.447,0.177,93.3,-11.44,0.114,0.447,0.126,0.308,168486,10,0,3,44
02AAz8XDEWdfvZ4scV6F3S,Radiant Road,Leo Shaw,pop,uplifting|happy,0.598,0.604,0.793,100.1,-6.75,0.048,0.075,0.0,0.042,237801,2,1,5,26
kC4lQ1P2pvp2Ti4MpY5WV6,Radiant River,Cole Voss,hip-hop,sad,0.781,0.584,0.235,81.4,-3.48,0.18,0.146,0.0,0.0,256796,11,0,4,52
A0ah4rBxcIGtMw9wNa179D,Midnight Shadow,Talia Quinn,blues,dreamy,0.654,0.285,0.441,76.0,-9.01,0.129,0.675,0.068,0.021,205841,3,0,4,65
QJc0LD8DqNOGVsym9NCuMq,Bitter Star,Nova Ryder,pop,uplifting,0.753,0.689,0.732,108.3,-2.79,0.102,0.3,0.253,0.248,224111,8,1,5,74
FS3QHw1E3r7CsucU8BK0HL,Electric Heart,Talia Frost,reggae,playful|uplifting,0.536,0.434,0.698,102.5,-6.55,0.038,0.358,0.0,0.158,253488,7,1,4,11
Ntg11nC8nXf7Vqxbg73fAj,Neon Dream,Nadia Cross,reggae,energetic,0.63,0.708,0.621,88.2,-13.74,0.032,0.391,0.066,0.141,232212,7,1,4,41
d6RRFnIlSVAnYqaeA6NHqz,Crystal Garden,Rio Wells,blues,melancholic|dreamy|sad,0.579,0.373,0.372,101.7,-5.9,0.088,0.723,0.276,0.065,253950,0,1,5,23
NVJVNegyx2RkSE5wtojWEp,Endless Memory,Jax Shaw,indie,happy,0.528,0.327,0.649,119.5,-7.32,0.03,0.538,0.142,0.226,218690,11,1,4,28
pMpdPoxh13GqnKh5znI309,Midnight Star,Jax Hale,metal,dreamy,0.327,0.903,0.409,133.0,-6.24,0.038,0.062,0.143,0.272,191543,9,0,3,39
Q97ZZgHUtwvyCjISKAUFQm,Midnight Star,Finn Quinn,rock,aggressive|uplifting,0.441,0.837,0.623,145.7,-5.45,0.097,0.151,0.374,0.196,205899,8,1,5,19
K6Qr40VxwfwXB5HJUWZQdb,Electric Garden,Iris Wells,indie,uplifting,0.517,0.547,0.609,124.6,-8.73,0.0,0.22,0.0,0.191,224791,2,0,3,43
MTfBMGTdDbemQHuBchuIBM,Endless Light,Kai Frost,folk,sad,0.376,0.257,0.263,103.4,-11.46,0.055,0.829,0.017,0.127,217593,9,0,5,55
x3aHIoHBYjtNO93ArOlg8V,Lonely Heart,Cole Quinn,pop,melancholic,0.838,0.636,0.495,100.9,-5.82,0.092,0.034,0.049,0.136,-1000,4,1,3,36
dWNv71X0sCYXdqXnKWALj8,Silent Bloom,Wren Marsh,rock,uplifting|playful|tense,0.582,0.802,0.75,117.2,-11.09,0.003,0.259,0.0,0.135,200151,9,0,5,60
zxrFehutdjSngxzWYw2rXq,Restless Storm,The Rivers,hip-hop,tense,0.671,0.476,0.501,106.5,-7.1,0.136,0.102,0.0,0.183,187822,11,1,4,33
Z2Xm2aZmD6yoyS6asIZmzG,Neon River,Kai Hale,indie,chill|happy|dreamy,0.731,0.453,0.722,122.9,-8.01,0.142,0.378,0.131,0.05,257021,2,1,5,72
tzkps4gVX4IFCQwfBiDB33,Endless Echo,Cole Stone,latin,playful|uplifting,1.0,0.562,1.0,123.4,-4.16,0.04,0.267,0.128,0.259,293586,1,0,4,64
7ytDu2SXHXGmsox2fCQ9ws,Fading River,Nova Vance,hip-hop,happy|chill,0.811,0.557,0.489,91.0,-3.24,0.118,0.158,0.0,0.211,256590,0,0,4,64
7eLbyGSObJFPx8xDnf59oE,Sweet Ocean,Ezra Voss,pop,tense|happy|romantic,0.671,0.623,0.598,118.5,-4.18,0.088,0.125,0.038,0.0,239161,3,0,4,62
kNc3Kp96BNRVPPgH6kMfuq,Burning Wave,Reo Lark,folk,nostalgic|tense,0.545,0.345,0.438,94.3,-6.67,0.084,0.824,0.164,0.023,216895,7,1,4,81
UcKdG95HuLZoFm1lV6xLBM,Bitter Fire,Sena Reyes,jazz,energetic,0.453,0.471,0.637,145.3,-14.7,0.091,0.409,0.329,0.268,165573,5,1,4,69
PBHsIJrJd84urKNSS0uGDW,Distant Echo,Ezra Cross,,aggressive|tense,0.509,0.727,0.168,155.8,-4.99,0.084,0.0,0.151,0.114,239806,1,1,4,42
aPYgKMDBKi2HqkMwrLv8y8,Velvet Ocean,Kai Vance,blues,melancholic|sad,0.501,0.623,0.326,98.0,-10.69,0.0,0.557,0.114,0.0,128679,6,0,4,9
6LU3G9tHYtAAUgt92QrEdY,Restless Horizon,Cole Hale,reggae,uplifting,0.824,0.775,0.563,114.1,-5.65,0.0,0.231,0.0,0.235,157676,3,0,4,37
VahkxzF9hdPTmM8I6FDVGC,Radiant Heart,Ava Vance,jazz,happy,0.389,0.389,0.501,112.9,-12.46,0.094,0.776,0.393,0.0,215918,7,1,5,33
PmeZUXbRfuUq55ZyD3fpof,Golden Wave,Sena Knox,r&b,melancholic|nostalgic|romantic,0.812,0.435,0.384,88.6,-6.63,0.023,0.041,0.162,0.174,172905,10,1,4,55
jWchKMTVw62dmcO0R9K52o,Sweet Heart,Iris Frost,electronic,uplifting|chill,0.676,0.638,0.512,123.4,-1.02,0.0,0.197,0.43,0.0,189719,5,0,4,49
NiLxZ1Ve9ZaNnSCSDQjDBn,Neon Rain,Iris Stone,rock,tense|energetic,0.661,0.6,0.507,115.5,-4.41,0.027,0.113,0.092,0.202,232754,4,0,3,58
J7fkeVhmMjf4eZVdgHZ4rD,Faded Light,Nadia Hale,electronic,sad|melancholic,0.884,0.772,0.405,110.9,-6.11,0.0,0.0,0.476,0.114,286188,10,1,5,36
tRJLbEKM8XROcEXYc1KE4a,Hollow Memory,Mira Hale,metal,aggressive,0.275,1.0,0.048,128.6,-1.13,0.14,0.115,0.018,0.226,148481,1,0,3,61
7IzxmlPMx27JBrqjkVMx4g,Bitter Garden,Ava Blake,metal,playful|energetic,0.536,0.711,0.242,131.7,-5.22,0.065,0.025,0.052,0.166,240367,9,0,4,16
PynRixd8ZscM0MSZRnaS90,Burning Garden,Toma Vance,blues,nostalgic|aggressive|sad,0.378,0.451,0.36,100.0,-11.46,0.099,0.424,0.131,0.012,212704,3,0,3,53
jfS67PzML81pDZ1S9iLGgM,Fading Fire,Kai Frost,latin,happy|energetic,0.83,0.739,0.646,96.8,-3.04,0.01,0.336,0.16,0.081,174564,8,0,5,38
KU5iiyfXRisDbQYEDSkox1,Endless Horizon,Wren Ryder,classical,sad|dreamy,0.233,0.599,0.366,80.6,-17.35,0.076,1.0,1.0,0.0,206675,3,0,4,2
2qGPMR0Q4yb5uzFs0zkKLb,Sweet Echo,Sena Voss,blues,chill|happy,0.643,0.283,0.48,95.6,-9.14,0.181,0.315,0.113,0.224,205029,8,1,3,25
eyqNIEC88kljGpyqW9Ov3Z,Neon Horizon,Sena Blake,blues,playful|nostalgic,0.328,0.459,0.18,79.7,-6.03,0.026,0.417,0.076,0.149,211725,6,0,5,10
0epEONPh60oCRMVMpeD686,Neon Light,The Citys,hip-hop,sad|tense,0.664,0.728,0.7,69.3,-7.41,0.138,0.0,0.0,0.094,189006,2,0,4,58
7UopF6R3msCWu9quwURYnI,Endless Heart,Zara Reyes,metal,aggressive|playful,0.304,1.0,0.318,114.6,0.0,0.021,0.0,0.109,0.186,269577,10,1,4,68
TkaPk1rEsTlffwVnGwm37f,Golden Storm,Ava Shaw,blues,chill|dreamy,0.512,0.4,0.343,102.7,-10.59,0.116,0.279,0.235,0.287,99168,4,0,5,56
rRKvtRNZ6muPBGhJNLh5fN,Silent Skyline,Mira Stone,rock,happy|aggressive,0.695,0.801,0.751,124.8,-6.88,0.081,0.034,0.384,0.36,160226,8,0,4,48
FEyCA4TmOXqgLcHAvwl1C8,Hollow Dream,Zara Frost,folk,melancholic|romantic,0.527,0.334,0.448,102.4,-11.52,0.099,0.828,0.132,0.279,228248,9,1,5,72
YOr9pvllDBlnE8f09ccnuK,Velvet Star,Ava Wells,pop,tense,0.672,0.703,0.618,131.0,-4.02,0.149,0.051,0.302,0.237,216125,6,1,4,17
CIlXkXk8SQPX0vgUpvbaEI,Endless Memory,Wren Stone,blues,nostalgic,0.31,0.333,0.39,87.1,-9.42,0.0,0.801,0.108,0.099,223084,0,1,5,57
uSEqHG2995WFglP5PyWCqy,Electric Echo,Iris Wells,rock,nostalgic,0.447,0.72,0.315,109.0,-7.48,0.066,0.0,0.051,0.219,161091,10,1,4,59
oVxMufKsdp6KkpdnylSf55,Wild Bloom,The Storms,blues,nostalgic|playful,0.344,0.426,0.147,105.6,-4.44,0.024,0.464,0.019,0.291,207208,4,0,5,31
XxHX8wFSlwu0Tt6CGJp4IQ,Silent Horizon,Leo Cade,indie,playful|dreamy,0.532,0.35,0.553,117.5,-8.38,0.073,0.313,0.0,0.101,175067,1,0,4,54
SvKYGz3G8NO9GcMqEoSDVB,Electric Shadow,Ava Lark,latin,uplifting|tense,0.799,0.894,0.74,103.3,-5.46,0.0,0.282,0.008,0.285,187573,4,1,4,37
gwKmMixkgZDuIuhdjYcPXD,Midnight Memory,Finn Shaw,electronic,nostalgic|tense,0.722,0.808,0.423,128.4,-2.07,0.064,0.0,0.3,0.029,150345,2,0,3,76
OaDXvqo4bd4FMuCjeg4zmc,Broken Storm,Jax Stone,classical,dreamy|happy,0.276,0.106,0.238,89.3,-20.84,0.058,0.917,0.629,0.316,214190,9,1,5,66
oRek2QZj16Q75hEK8HTImB,Silent Garden,Rio Reyes,folk,tense,0.369,0.394,0.283,88.1,-8.1,0.164,0.789,0.274,0.216,188605,5,1,4,49
9lDwwg3cmHHdYXpqDqyxNp,Broken Storm,The Shadows,reggae,chill|uplifting|aggressive,0.887,0.659,0.533,97.8,-0.91,0.0,0.429,0.0,0.118,306007,3,1,3,10
jBatHpPzksFVcWCk6HzABb,Fading Dream,Ezra Quinn,metal,chill|energetic|romantic,0.298,0.992,0.266,141.3,-5.98,0.134,0.0,0.0,0.008,231155,3,1,5,18
YizJNTTf0u9wJOHoodwdKc,Lonely Light,Jax Cross,rock,uplifting,0.684,0.769,0.759,155.0,-7.8,0.17,0.085,0.2,0.278,207301,7,1,4,37
7d7TbXs7xFr8Zcs96tkdis,Hollow Horizon,Ezra Cade,rock,energetic,0.687,0.717,0.359,122.6,-6.01,0.019,0.039,0.0,0.228,176771,4,0,4,54
ZBMs54EpqYY7JWLnbW2SIU,Bitter Heart,Talia Vance,electronic,energetic|playful,0.735,0.676,0.345,120.2,-3.72,0.0,0.24,0.276,0.124,246052,11,1,4,43
KReIuzFD3u11Rf0TtQbzio,Neon Ocean,Finn Shaw,pop,playful|uplifting,0.856,0.631,0.804,118.9,-8.14,0.008,0.137,0.0,0.0,162036,10,0,3,35
u4MLD6Bl8UGNYrshk7pX5v,Faded Heart,Iris Knox,folk,romantic|melancholic,0.55,0.41,0.392,114.9,-9.94,0.036,0.894,0.305,0.137,170072,2,1,4,0
E2zb0dAYucwD4PXHPjNg4o,Electric Wave,Kai Vance,reggae,energetic,0.853,0.636,0.643,98.7,-8.89,0.0,0.223,0.0,0.08,272756,10,0,5,36
Tfvga8B3NC9tlnqKNIKko2,Crystal Shadow,Nadia Wells,metal,playful|aggressive|tense,0.348,0.774,0.086,152.2,-4.17,0.052,0.02,0.132,0.039,209833,3,0,5,52
O4W6toCSsL65eQM82fwSQE,Faded Heart,Nova Frost,pop,uplifting|happy,0.802,0.654,0.492,110.5,-6.39,0.122,0.0,0.023,0.265,182702,5,0,5,82
UaKvPueNZgcnVFibnkocG3,Radiant Wave,The Ghosts,latin,aggressive,0.789,0.749,0.785,107.7,-5.33,0.046,0.139,0.061,0.307,199218,7,1,4,35
9kuz43RqdGVMUd6Galg5rU,Sweet Shadow,Iris Shaw,metal,aggressive|tense|melancholic,0.363,0.886,0.194,133.0,-5.13,0.042,0.092,0.062,0.024,256448,10,1,3,57
xF2Yx6aPg1sYRW8cQ2jgxb,Electric Ghost,Iris Shaw,country,romantic|tense,0.539,0.359,0.552,121.1,-8.41,0.031,0.316,0.0,0.241,170589,2,0,4,68
Dz36SwqULhbXrIDHo4ZiMk,Lonely Memory,Iris Vance,latin,chill|happy,0.888,0.823,0.829,126.1,-9.63,0.094,0.229,0.0,0.221,230901,3,0,4,31
FzNJmaDNgQj2Cd6tfgmf0P,Electric Dream,Toma Reyes,metal,sad|energetic|melancholic,0.459,0.824,0.177,123.3,-3.2,0.0,0.096,0.221,0.121,260537,9,0,4,39
XFBP9FrdAmEbgWtbHB0THa,Endless Storm,Mira Lark,r&b,happy,0.636,0.41,0.576,91.1,-4.18,0.033,0.147,0.174,0.092,172051,10,1,4,57
pobCgqZzhHdfpwOA27sQvq,Hollow Skyline,Zara Cade,classical,nostalgic,0.401,0.105,0.398,84.2,-20.68,0.024,1.0,0.782,0.126,200394,1,1,4,67
Ngu7WWJxUF6nahm4OMlxFA,Broken Dream,Nadia Reyes,indie,melancholic|energetic,0.892,0.652,0.228,98.5,-8.62,0.042,0.556,0.0,0.133,196037,8,1,4,43
ENvMzMo6OWBCeyBwIUhZhj,Silent Bloom,Mira Frost,hip-hop,happy,0.847,0.503,0.692,88.0,-7.34,0.228,0.0,0.0,0.052,243800,3,0,4,50
ka0lBpz92zXfDHSvVnw2Kn,Midnight Ocean,Mira Voss,folk,tense|uplifting|chill,0.501,0.581,0.63,109.2,-12.05,0.0,0.54,0.121,0.249,204301,11,0,4,0
e1LJvIjMNToYFLyjzstwXv,Burning Horizon,Ezra Shaw,metal,energetic|sad,0.169,0.902,0.306,149.0,-4.07,0.021,0.0,0.1,0.11,204155,9,1,4,38
mikGYVlcqoWXCks6zqNXIF,Fading Storm,Rio Knox,classical,chill|romantic,0.169,0.22,0.281,96.5,-21.51,0.013,0.83,0.894,0.0,227859,1,1,4,48
67TslVhucvVeGaCszngKhy,Burning Ghost,Leo Quinn,country,romantic|melancholic|nostalgic,0.339,0.468,0.463,103.8,-6.16,0.039,0.46,0.158,0.188,214727,3,0,4,78
35PMW6nPcMOt9iHXZIV2OM,Velvet Echo,The Citys,latin,nostalgic|aggressive|energetic,0.815,0.86,0.639,104.5,-5.65,0.083,0.367,0.118,0.056,261426,5,1,4,51
xlkevKEWSP3URKzw3osy6r,Distant Star,Cole Knox,reggae,aggressive,0.664,0.58,0.463,83.0,-8.36,0.154,0.357,0.113,0.015,200693,8,0,4,5
DdVLGWJUstP0umj1mqGDo3,Lonely Road,The Rains,indie,aggressive|dreamy,0.585,0.67,0.525,124.2,-9.49,0.078,0.449,0.032,0.0,213479,6,0,3,68
QRIvOODDgte5VS2fcXiuZZ,Wild Dream,Sena Knox,indie,chill|melancholic|romantic,0.684,0.48,0.298,119.6,-9.47,0.085,0.293,0.239,0.148,210765,10,1,3,66
gGpwQZM5HvjwX7dauwQEWp,Fading Ghost,The Memorys,r&b,playful,0.562,0.42,0.607,98.0,-1.91,0.158,0.0,0.0,0.221,180574,10,1,5,46
pmapvz0B5mLEshbWlpZ0Pw,Golden Rain,Rio Quinn,blues,aggressive,0.59,0.444,0.298,85.4,-9.29,0.064,0.397,0.223,0.107,190172,3,0,4,75
9EC2PZU5zVuvpVukDtBcwo,Golden Rain,Sena Voss,folk,aggressive|uplifting|chill,0.414,0.15,0.86,106.9,-18.05,0.04,0.64,0.237,0.205,163513,10,0,4,6
TyfI9yib3sbEYBLq3DiQpj,Electric Horizon,The Oceans,jazz,uplifting,0.559,0.422,0.683,119.8,-12.0,0.084,0.42,0.214,0.139,210856,11,1,4,23
hAZZfThe3DuWpe9mpTblc3,Endless Horizon,Nadia Vance,pop,aggressive,0.686,0.837,0.362,123.8,-3.31,0.03,0.147,0.0,0.237,152913,2,1,4,3
GMdfIXu5Rfp1fDCujo3LLf,Distant City,Finn Shaw,latin,nostalgic|chill,0.761,0.896,0.532,105.2,-8.4,0.092,0.351,0.0,0.043,227096,11,1,4,25
atqNoksSYSnraz2h4flvHB,Crystal Skyline,Iris Stone,classical,aggressive,0.129,0.287,0.462,106.7,-17.83,0.0,0.834,1.0,0.171,225779,1,1,4,30
vLWIdAgDypS5i6As5JP4H2,Lonely Echo,Ava Stone,country,playful|sad,0.445,0.684,0.556,115.9,-6.13,0.143,0.116,0.063,0.082,286887,5,1,5,44
3rgc9aw5zxLA4HjEk28S2t,Endless Memory,The Skylines,pop,playful|uplifting,0.943,0.633,0.771,115.3,-5.65,0.188,0.0,0.0,0.122,269831,1,1,4,40
O24T0EwN3gjrsWonloe4wt,Wild Star,Ezra Marsh,electronic,tense|nostalgic|melancholic,0.776,0.573,0.312,130.1,-4.21,0.049,0.0,0.225,0.0,266154,11,1,4,43
xfKHItZO5kSqb7FHhHPatg,Broken Skyline,The Memorys,pop,happy,0.635,0.597,0.762,129.1,-6.31,0.093,0.371,0.116,0.276,146078,1,1,5,56
b1WZ100J2UnLwUJEEoxudR,Velvet Light,The Fires,folk,uplifting|happy,0.29,0.514,0.61,115.9,-16.17,0.108,0.528,0.052,0.1,210396,1,1,4,38
xtR6QuEFAXHsZAXCti5cuw,Golden Bloom,Toma Marsh,blues,playful|uplifting,0.588,0.495,0.295,92.8,-9.86,0.06,0.465,0.28,0.159,190200,9,0,3,44
SVraJYLLO5nKsTPcK7fYOg,Endless Light,Mira Stone,reggae,happy|romantic,0.678,0.562,0.508,73.1,-7.88,0.078,0.331,0.278,0.071,265893,5,0,4,70
WLoUdEmrQvjwpyAjsUGc2u,Midnight Memory,Cole Cade,latin,aggressive,0.69,0.694,0.677,97.2,-6.68,0.126,0.373,0.0,0.208,222992,2,1,4,8
G00qLecieETzx0fI3b2zvK,Wild Bloom,Ava Marsh,country,tense,0.576,0.72,0.607,112.5,-5.99,0.059,0.507,0.047,0.291,234554,6,1,5,45
MusF4RyCy5u3HbxmKGhGvw,Endless Rain,Sena Marsh,r&b,dreamy|chill,0.636,0.388,0.694,92.9,-13.25,0.09,0.19,0.152,0.155,246761,9,1,4,45
DwlZj243yzi3yEwKysmWtK,Radiant Memory,Ezra Vance,jazz,dreamy|playful,0.535,0.328,0.588,101.3,-13.39,0.024,0.793,0.199,0.201,151760,8,0,4,32
P5tn80MBdrKcaWFWKgFA5C,Lonely Rain,Wren Marsh,blues,uplifting,0.667,0.389,0.495,77.2,-8.61,0.067,0.358,0.203,0.0,168993,3,1,4,73
EqvKBCzEtl42Pxv4t8ZK47,Broken Ghost,Cole Frost,rock,uplifting|romantic,0.475,0.69,0.782,122.6,-1.57,0.088,0.141,0.16,0.248,202928,5,0,4,23
6e0QcMaueTuWcFiSDkbdEP,Wild Ocean,Nadia Ryder,rock,chill|nostalgic,0.851,0.854,0.534,122.9,-3.72,0.073,0.16,0.068,0.147,219652,2,1,3,34
ShVlFX0aRVkVSVlH1iz03C,Burning Shadow,Ava Marsh,classical,uplifting|nostalgic,0.192,0.182,0.302,97.5,-20.16,0.101,1.0,0.623,0.108,266322,11,0,4,77
9vrnJGydokMZvdFGQozHAC,Lonely Heart,Cole Shaw,latin,uplifting|dreamy,0.596,0.642,0.601,98.6,-2.37,0.029,0.277,0.041,0.041,150012,3,0,4,61
1Dwelj5Zd8aco9mYMjrbhZ,Endless City,Cole Voss,metal,energetic,0.609,0.707,0.247,128.5,0.0,0.081,0.274,0.105,0.182,183165,5,0,5,22
ePrcbdLVU1SE5maAw9YVPe,Golden Shadow,Reo Cade,hip-hop,nostalgic,0.692,0.749,0.3,71.1,-7.75,0.228,0.031,0.051,0.129,224188,10,0,4,13
JGxtjEDPM5ZBXN7F1f6ATq,Neon River,Nova Cade,pop,happy,0.599,0.527,0.806,122.4,-7.98,0.041,0.265,0.0,0.173,240882,8,0,4,48
E9I5FjUwalPBflRGOLQnSr,Radiant Shadow,Nova Vance,hip-hop,sad,0.782,0.458,0.68,96.3,-8.51,0.217,0.209,0.026,0.171,210933,5,1,5,34
AHMbV6lTSgEj4clEChy7dY,Restless City,Leo Wells,reggae,tense|melancholic|energetic,0.774,0.615,0.858,90.2,-5.18,0.0,0.361,0.182,0.239,247975,4,0,3,1
CM1Cp6cuEIwBVUVb1EIwRh,Crystal Garden,Jax Quinn,classical,nostalgic|chill,0.237,0.104,0.411,92.3,-17.87,0.0,0.909,0.745,0.248,143888,6,0,4,42
Bgw66ktQEJi87AHOPacdNJ,Sweet Horizon,The Lights,electronic,tense|melancholic,0.693,0.871,0.474,123.9,-10.17,0.116,0.0,0.444,0.107,216402,5,1,4,0
uphpJaQ3NciUZiN6M7VSdp,Radiant Ocean,Sena Stone,r&b,romantic,0.666,0.387,0.466,91.2,-8.01,0.102,0.338,0.013,0.006,219005,0,0,4,43
w9yzilF84dbH2kOOI6SJCm,Bitter Garden,Talia Frost,reggae,energetic|uplifting,0.674,0.594,0.536,117.5,-6.83,0.095,0.163,0.0,0.009,233233,2,1,5,35
AcZWf3lVhd694sNS1J3AaI,Broken Skyline,The Rains,latin,uplifting,0.728,0.576,0.673,112.2,-6.25,0.143,0.246,0.031,0.029,187549,3,0,5,32
4707E17WW2Bp59d594low6,Lonely Rain,Mira Voss,hip-hop,happy|playful,0.701,0.65,0.385,115.9,-2.58,0.23,0.234,0.033,0.0,305405,11,1,5,44
2gnaAwmb6zTq0WSmhdvJUN,Midnight Light,Toma Lark,metal,happy|chill|playful,0.376,0.684,0.619,148.6,-1.36,0.04,0.0,0.236,0.217,246754,4,1,5,38
EiaOyOD4nBfBZHhZZOUAJs,Golden Memory,Mira Shaw,pop,nostalgic|energetic|romantic,1.0,0.562,0.517,98.5,-1.31,0.144,0.0,0.042,0.259,200516,7,1,5,50
kHKsa3g74kg4yHOgppSZP6,Broken City,Sena Vance,latin,melancholic|uplifting,0.945,0.741,0.658,100.6,-3.6,0.125,0.301,0.0,0.212,219354,10,0,5,50
q7cpFLjPE7vQP7oqj93sxY,Electric Echo,Mira Cross,pop,nostalgic|sad|aggressive,0.813,0.676,0.384,137.4,-7.01,0.023,0.234,0.196,0.254,205976,10,1,4,39
jjo4ncZL6YF1HWGAlCIOeJ,Wild Memory,Nova Cade,hip-hop,tense,0.927,0.727,0.4,100.6,-4.09,0.239,0.101,0.08,0.0,217807,0,1,4,47
nNSMWjhqtb1idaE0MuX3kI,Bitter Light,Ezra Blake,electronic,playful|happy,0.707,0.692,0.637,131.7,-9.17,0.183,0.0,0.471,0.117,232260,5,1,4,32
WY80YZLr1XjF7sJdLtRtcU,Neon Ocean,Sena Stone,folk,happy|tense|chill,0.468,0.607,0.428,101.9,-8.34,0.078,0.656,0.0,0.16,308845,4,1,3,38
xnOVQaxcTwBK0ArZj1vgrO,Electric River,Reo Frost,country,playful,0.372,0.679,0.648,105.0,-9.36,0.141,0.293,0.299,0.135,231383,3,0,5,40
7OLdtyhgGwwOGCjZZI0H9a,Endless Storm,Nova Knox,hip-hop,happy,1.0,0.753,0.443,97.5,-9.14,0.191,0.155,0.0,0.034,245626,10,0,3,35
3UXyqv0FqkuZ8EfFkQyf2n,Wild City,Finn Ryder,rock,aggressive|energetic,0.496,0.763,0.482,136.2,-3.4,0.07,0.153,0.0,0.0,217605,1,1,4,32
v5PygUL3lv7Ohi0NSZRDcR,Hollow Garden,The Rivers,metal,tense|romantic|dreamy,0.46,1.0,0.378,140.3,-4.34,0.135,0.0,0.0,0.289,227012,7,0,4,27
Xr9uJUWbwLM0Wk3Aum4bQx,Lonely Ghost,The Shadows,electronic,melancholic,0.673,0.782,0.35,131.4,-2.04,0.08,0.081,0.248,0.156,188907,3,1,3,15
lBvy15zapaCxbZtJHa05cs,Velvet Dream,The Shadows,pop,uplifting|melancholic|happy,0.787,0.65,0.634,109.5,-6.59,0.051,0.107,0.196,0.187,213843,0,0,4,66
Jv8IaDSemy1MhxpIBYHDVj,Bitter Storm,Nova Blake,metal,aggressive|tense,0.57,0.976,0.531,151.8,-1.3,0.099,0.0,0.266,0.161,164343,2,1,4,37
tIhOq71fCikcpxOYBrr3kV,Wild Wave,Zara Cade,electronic,tense,0.88,0.662,0.426,126.0,-3.68,0.031,0.0,0.343,0.14,247635,6,1,4,38
vpOAc5pXcGDomBopX5v1a4,Sweet River,Nadia Frost,rock,energetic|tense,0.487,0.755,0.418,130.0,-9.32,0.042,0.0,0.037,0.207,255691,8,1,3,7
VcR2xd9IWJuIMp6FBwyF5h,Golden Garden,The Memorys,blues,chill|nostalgic,0.633,0.353,0.397,95.5,-7.81,0.038,0.342,0.275,0.158,206207,2,1,5,18
cVAlCjEYSAtpXrGRKmB3ZZ,Lonely Shadow,Nova Ryder,latin,aggressive|energetic,0.932,0.809,0.617,92.6,-5.15,0.127,0.435,0.134,0.121,164774,8,1,4,8
3b3bzG3z3yZfHsGSyoQ6qL,Velvet Star,Zara Lark,country,tense|energetic,0.561,0.851,0.653,120.6,-10.74,0.049,0.513,0.0,0.046,198836,2,1,4,32
TFry84njq6BVIEPTLDPpZ0,Broken City,Finn Quinn,reggae,happy|dreamy,0.746,0.917,1.0,76.2,-5.04,0.095,0.536,0.013,0.209,253607,11,0,5,58
GUruBwWCPnbvRVFJxDtj00,Restless Ocean,Reo Marsh,reggae,sad|chill|aggressive,0.589,0.416,0.475,100.9,-11.72,0.167,0.373,0.116,0.221,209788,4,0,4,61
C6huWvL7SpX3BrdAE09ssf,Sweet Garden,Reo Stone,reggae,tense,0.727,0.473,0.394,85.3,-7.24,0.054,0.335,0.0,0.0,239578,2,1,4,14
FvBXKxQNDJZSlRN9mYHReW,Radiant Bloom,Jax Cross,r&b,tense,0.472,0.649,0.451,98.5,-10.47,0.015,0.364,0.201,0.113,252162,1,0,4,68
k5sBm4arIL9gTprdWFirqj,Sweet Star,Talia Cade,blues,uplifting|aggressive|happy,0.509,0.629,0.531,113.4,-9.59,0.032,0.441,0.0,0.068,161112,5,0,4,71
XToLYiQ9g4mqlMHHcoJ2F7,Wild Horizon,Nadia Blake,pop,aggressive|chill,0.456,0.595,0.555,115.8,-4.49,0.004,0.039,0.0,0.14,228355,6,0,4,36
ZfJWDrU4qBVcDAIGM7MMeA,Broken City,Talia Wells,folk,dreamy|nostalgic,0.334,0.235,0.464,94.7,-8.79,0.016,0.724,0.051,0.122,163699,0,0,3,17
rCtAm4YS1QdgpWe8Tu87Iu,Distant Light,Sena Blake,folk,sad,0.367,0.3,0.566,108.5,-11.32,0.124,1.0,0.313,0.227,301631,6,0,4,43
NjjLQsX8yNKlvfaUIxibUa,Radiant Bloom,Jax Lark,blues,tense|uplifting,0.438,0.532,0.319,112.4,-17.99,0.032,0.592,0.117,0.089,229293,8,1,4,3
H8OXDVY4M9s9SYKRiyQHOO,Hollow Garden,Sena Frost,country,aggressive|chill,0.7,0.756,0.597,138.6,-4.16,0.0,0.054,0.01,0.0,175218,10,0,5,59
mJ20eJMJQVRVXwLl2JEDee,Golden Bloom,Cole Reyes,,playful,0.737,0.545,0.794,124.4,-7.09,0.056,0.104,0.0,0.0,215489,4,0,4,59
cxlqmSqXiwOlhoHhixGhJs,Midnight Dream,Toma Vance,blues,aggressive|happy,0.572,0.518,0.478,104.0,-10.12,0.061,0.491,0.066,0.03,191413,11,1,3,34
gqNvmlu4JvopoJVZ3MYj6g,Bitter River,Cole Stone,country,happy|energetic,0.651,0.474,0.832,92.2,-7.41,0.0,0.338,0.0,0.236,234576,2,0,4,33
hitCk3QbMP574pG3pgDX2Z,Golden Echo,Kai Vance,jazz,energetic,0.627,0.376,0.635,101.3,-10.35,0.009,0.532,0.484,0.358,265192,0,0,4,71
AFd1r9FZySvinv8NXlpKTq,Bitter Bloom,The Echos,electronic,dreamy,0.798,0.635,0.645,120.3,-6.61,0.056,0.089,0.508,0.105,173407,2,0,4,59
lT2L7B8dafZYnCvsHnah7z,Velvet City,Toma Wells,country,happy|playful,0.4,0.481,0.683,111.0,-8.9,0.02,0.568,0.0,0.0,235943,9,1,4,67
SywwMJ2Ufwnnf7IaZ54R9H,Faded Heart,Ava Knox,indie,melancholic|chill,0.596,0.596,0.483,126.5,-8.18,0.016,0.017,0.052,0.196,252875,7,1,5,46
GZ8WnWJNrwMDnIseqN7aa2,Crystal Ghost,Finn Reyes,pop,tense|chill|energetic,0.866,0.344,0.523,116.9,-4.64,0.046,0.288,0.0,0.211,213181,7,1,4,18
2oqbKS9BbPJcPZGUu510UY,Hollow Horizon,,electronic,aggressive|playful,0.758,0.941,0.479,127.0,-10.25,0.049,0.0,0.414,0.171,173301,5,1,5,61
a5n0IMCB9qoJxNRoCmAE2z,Silent Heart,Jax Cade,rock,tense|happy,0.391,0.837,0.269,129.7,-4.78,0.094,0.263,0.132,0.211,-1000,0,1,4,22
vCa7jdSDI0AuvvcenNVAyu,Broken Horizon,The Roads,hip-hop,melancholic|happy|romantic,0.715,0.832,0.586,84.7,-8.5,0.17,0.056,0.026,0.332,203730,0,0,4,15
EBET6nyx3IVm0wIDzKtGOh,Midnight Horizon,Nova Vance,country,aggressive|uplifting,0.621,0.497,0.637,-5.0,-9.29,0.074,0.182,0.0,0.079,176406,9,1,5,60
yIjnP71G6pgLIpqbQrF7nL,Neon Light,Wren Stone,rock,nostalgic,0.497,0.667,0.592,131.5,-2.73,0.148,0.011,0.081,0.157,183361,3,0,5,53
dK6a7UA9iC4umZaVlPJIX0,,The Echos,classical,sad,0.168,0.053,0.358,111.5,-19.25,0.0,0.955,0.679,0.044,219243,3,1,4,58
Vu988Oal7vqZNgxCEknyaM,Radiant Road,The Skylines,latin,playful|happy,1.0,0.762,0.626,105.7,-3.08,0.04,0.0,0.0,0.4,163916,11,1,5,62
riDY5tjXsFQPUqFABHo3uC,Broken Wave,Leo Stone,metal,chill|dreamy,0.277,0.912,0.413,146.4,-6.64,0.052,0.0,0.224,0.214,131497,10,0,4,51
mxZ8mUJgO6J4wqrIDgpq3c,Fading Ghost,Toma Voss,rock,dreamy|sad,0.55,0.619,0.263,110.3,-8.26,0.075,0.0,0.163,0.098,194415,11,1,4,15
4Dx5UFUO7jojRoFHcZSdBR,Fading Fire,Kai Cross,indie,energetic|dreamy|melancholic,0.532,0.215,0.417,101.4,-3.98,0.094,0.157,0.216,0.189,262335,1,1,4,74
1g03Nc3sXXi3u1zbiVtW4Y,Electric City,Reo Reyes,blues,aggressive|uplifting,0.324,0.5,0.377,115.1,-8.67,0.12,0.456,0.273,0.037,172412,9,0,5,39
7UTOhjxISHh1pIodVFHxiN,Golden Ocean,Wren Cross,indie,happy|aggressive,0.648,0.533,0.578,111.2,-9.95,0.078,0.356,0.315,0.095,245130,1,0,3,27
npBuL05VQTl5dnzeJxt8K6,Endless City,Ezra Lark,classical,happy|tense,0.35,0.231,0.625,91.4,-17.26,0.194,0.724,0.816,0.157,255714,5,0,5,88
kShGmh46MTjBlG9hG81p69,Lonely Road,Iris Stone,blues,romantic,0.18,0.298,0.409,95.3,-7.61,0.014,0.492,0.305,0.29,289843,3,1,4,27
YdxiCbHccVCPdgYBmrCjTQ,Faded Heart,Nova Frost,hip-hop,playful|uplifting,0.746,0.442,0.707,91.6,-4.82,0.319,0.239,0.072,0.165,161741,5,0,4,16
U3w36FogK6W6j4yj0bz08C,Neon Road,Reo Quinn,hip-hop,playful|happy|uplifting,0.576,0.576,0.676,96.3,-4.35,0.236,0.0,0.117,0.239,258664,6,1,4,100
C30E2fQRPmpnvumwsnhEVR,Electric Wave,Talia Knox,folk,chill|dreamy,0.19,0.558,0.409,95.2,-8.27,0.086,0.954,0.015,0.154,201741,9,1,3,72
nccwh46S0amMWFoq2aTMak,Fading Road,Rio Knox,latin,playful|nostalgic,0.678,0.739,0.885,96.8,-2.84,0.087,0.162,0.164,0.192,259820,7,0,3,47
xxVgMbxYnQVa3GzJ73yS4z,Golden Rain,Iris Wells,pop,aggressive|sad,0.729,0.818,0.905,117.5,-4.76,0.053,0.259,0.0,0.136,187173,11,1,4,78
BmEK16TOK05M1QuT7oTOK3,Lonely Echo,Talia Wells,r&b,uplifting|dreamy,0.354,0.483,0.715,92.1,-9.9,0.027,0.311,0.113,0.042,269757,8,0,4,52
XBcxq36rAnvy7AW3opZQ37,Sweet Road,Finn Frost,jazz,dreamy|melancholic,0.664,0.564,0.524,99.7,-8.21,0.075,0.703,0.241,0.014,156158,7,0,4,40
HhRPOswXRZBswyTf7xyFcU,Endless Rain,Cole Vance,indie,melancholic|sad,0.55,0.57,0.565,141.2,-7.76,0.072,0.45,0.135,0.147,270543,2,0,4,18
NOYKjTz2lRmnxOtMFYdAb0,Midnight Skyline,Talia Lark,r&b,aggressive|melancholic,0.706,0.502,0.487,101.5,-11.32,0.083,0.07,0.0,0.332,210471,7,1,5,37
DZZ6kB1EAuTpBWLN5vUsD1,Restless Wave,Ezra Cross,blues,tense|happy,0.28,0.574,0.497,107.3,-11.15,0.0,0.456,0.369,0.166,275972,3,1,4,74
2sklFb2PgwE7yBR8XvzXAg,Midnight Wave,Jax Lark,folk,tense|chill,0.31,0.613,0.529,112.5,-10.93,0.05,0.634,0.0,0.058,249957,6,1,5,10
r9Yt2WXoWZhefiqYIcuCge,Bitter Road,Finn Wells,electronic,chill|aggressive|energetic,0.772,0.987,0.506,140.2,-2.26,0.001,0.437,0.456,0.0,216461,1,0,3,62
nO0iM4dTuURyfsqC2xs1d1,Bitter Star,Jax Blake,metal,aggressive|chill,0.442,0.878,0.488,118.6,-5.1,0.037,0.0,0.088,0.21,192889,0,0,4,58
hhAN7ceBdOux4sxDuDeccW,Lonely City,The Lights,latin,playful|aggressive,0.689,0.748,0.491,121.6,-7.67,0.127,0.125,0.054,0.216,187015,1,0,3,24
baRNqqcMaPtqhbgB7HIo0W,Golden Ocean,Toma Lark,latin,happy,0.685,0.666,0.933,92.2,-3.16,0.083,0.348,0.337,0.32,176714,3,1,4,65
bwgvP7kZ2Zsqi8BrZnNQL3,Crystal Shadow,Leo Blake,classical,aggressive|chill,0.287,0.196,0.115,79.9,-20.63,0.181,0.735,0.873,0.131,222146,2,1,4,32
6htvahSKBinRi1gBNDLsKY,Lonely Light,Finn Wells,pop,sad,0.691,0.634,0.869,110.8,-6.73,0.099,0.284,0.0,0.082,239611,8,0,4,47
UxB9jbgDMBktqfsFBDUuUs,Crystal Echo,The Lights,rock,playful|melancholic,0.492,0.949,0.784,120.7,-5.01,0.087,0.144,0.0,0.266,152118,6,1,4,78
ExlflRsfa5ebalb0i16Xzw,Lonely Heart,Toma Vance,reggae,energetic|aggressive|playful,0.789,0.715,0.644,85.6,-5.74,0.111,0.275,0.167,0.064,140819,2,1,5,56
LjaCELjvo9TXxBvbV17K0h,Midnight Echo,Toma Vance,pop,nostalgic|uplifting,0.741,0.743,0.724,118.4,-3.25,0.083,0.205,0.145,0.286,273583,2,0,3,22
r7bGz87JSKOQWcFyzs4CvP,Fading Shadow,Toma Marsh,rock,playful|tense,0.397,0.898,0.718,131.2,-1.18,0.072,0.428,0.138,0.207,205245,6,0,4,43
SuDs2KL9ga8M6CgVUJ2Ory,Electric Heart,Ezra Reyes,hip-hop,energetic|playful,0.687,0.799,0.736,111.3,-2.12,0.166,0.063,0.25,0.027,169169,2,1,5,25
Wrxi8B6gUrC8xBHlioNAG5,Midnight Road,The Dreams,folk,uplifting,0.48,0.239,0.796,132.7,-2.02,0.036,0.738,0.169,0.199,200365,9,1,4,13
0K7wXz9rDhGvCnt6tOc0t5,Midnight Dream,Kai Shaw,classical,nostalgic,0.338,0.231,0.257,114.6,-18.63,0.15,0.767,0.602,0.298,224840,11,0,4,38
HZeUr7a3sQuIKmeDQVlAKo,Distant Skyline,The Dreams,pop,aggressive|energetic,1.0,0.489,0.674,109.9,-5.73,0.139,0.315,0.0,0.183,164584,8,1,5,29
eyd2NUPwMdHS9pMnj1CGLZ,Electric Dream,The Waves,,dreamy|uplifting|chill,0.396,0.333,0.55,88.2,-12.46,0.027,0.71,0.0,0.34,208815,6,1,5,73
oQH7vOpfihEa8mw8vQDHjd,Broken Garden,Kai Frost,electronic,melancholic|chill,0.961,0.738,0.511,124.9,-6.48,0.0,0.148,0.496,0.177,192406,5,1,4,54
ZzvrfPIi10IIRx8VHbDdJj,Burning Garden,The Horizons,electronic,sad|melancholic|nostalgic,0.462,0.904,0.511,125.1,-4.71,0.0,0.0,0.493,0.081,222194,9,0,4,77
cDHHDYKUmIcPGkrz8sV93f,Velvet River,Wren Blake,r&b,sad,0.73,0.674,0.401,85.0,-10.63,0.06,0.231,0.07,0.186,144708,1,0,4,32
JdQVBkNKyS2Nup0HkaEPQY,Bitter Heart,Zara Marsh,country,chill,0.482,0.455,0.639,106.2,-4.26,0.154,0.606,0.051,0.344,232859,9,1,3,68
2Tmm0PeXE0Cbw9Zi8YVTbk,Bitter Light,Jax Frost,latin,chill|sad,0.802,0.617,0.591,94.4,-4.56,0.065,0.276,0.166,0.224,221818,8,0,4,34
m78qPe7JX5JdUKfChX6INW,Wild Shadow,Rio Voss,latin,playful|aggressive|romantic,0.956,0.63,0.806,94.9,-4.87,0.049,0.368,0.264,0.302,209969,3,1,3,13
hpipebJksc8ZZVUjNaFQpZ,Bitter Heart,Finn Cross,latin,happy,0.793,0.701,0.732,104.6,-7.59,0.029,0.036,0.0,0.079,189107,3,0,3,60
mgRCx8fBb8FSzAO8NqLRPA,Faded Ghost,The Memorys,hip-hop,nostalgic|dreamy,0.76,0.777,0.551,91.7,-7.46,0.257,0.134,0.105,0.0,131517,10,0,4,33
1EBZyhY8c8pszPprABfowI,Midnight Echo,Reo Lark,electronic,energetic|dreamy,0.86,0.681,0.512,121.0,-1.49,0.027,0.0,0.522,0.209,146504,9,1,4,34
55V5DguEeq8MMoh1lSM0Wu,Bitter River,Mira Quinn,rock,sad|happy,0.743,0.779,0.556,139.9,-6.73,0.015,0.17,0.283,0.224,252643,11,1,4,55
a6qfinoSvDa28YZJQWlnlV,Silent Ghost,Iris Stone,indie,tense|aggressive|playful,0.728,0.772,0.468,131.2,-13.04,0.061,0.552,0.229,0.028,161051,2,0,4,6
b4jwxjXAQAe5hVTdSVH04w,Crystal Memory,The Memorys,hip-hop,playful,0.807,0.535,0.492,94.8,-5.42,0.139,0.057,0.028,0.178,200765,3,0,4,80
RyHXL8Kh9Bkdh1lLkTunc9,Distant Garden,Nova Cross,classical,playful,0.129,0.208,0.479,83.9,-15.38,0.071,0.504,0.858,0.241,200752,0,0,4,43
scnHKx9RhRxhb0tK3cpRty,Lonely City,Sena Ryder,rock,chill|romantic,0.523,0.786,0.537,145.2,-6.36,0.0,0.223,0.288,0.254,185086,11,1,3,66
gpOAwbnDhKxkOTIMtjkd4r,Sweet Horizon,Ezra Shaw,metal,aggressive,0.44,0.981,0.424,140.5,-3.63,0.111,0.0,0.253,0.0,286479,5,0,4,61
dKDKiISdMRd0DIGK5LWNdr,Neon Shadow,Reo Reyes,classical,chill|melancholic,0.283,0.365,0.356,107.3,-19.76,0.13,0.9,0.948,0.212,242669,5,0,4,0
GrBup38PW0XdPuEJBqgKFY,Golden Dream,Toma Voss,country,uplifting|happy,0.765,0.564,0.57,118.5,-5.2,0.118,0.418,0.0,0.06,232326,8,1,4,61
n0mSg4PsRo6ZOdCM6zDMv9,Wild Star,The Horizons,hip-hop,chill|melancholic,0.941,0.577,0.509,72.8,-3.83,0.188,0.241,0.0,0.28,215776,7,0,4,41
avqg8FCX1J0asnam9juSi5,Lonely Ocean,Sena Vance,hip-hop,tense,0.883,0.77,0.508,137.5,-11.64,0.119,0.0,0.242,0.13,251822,5,0,5,62
XQYpHbXFvuyoxcLMkwmY6K,Velvet Echo,Mira Blake,blues,playful,0.381,0.598,0.421,-5.0,-7.41,0.119,0.29,0.085,0.086,207975,0,0,4,39
HoeK7Xf1xLGFkszl41tjra,Burning Garden,Cole Ryder,rock,sad|dreamy,0.568,0.676,0.485,121.1,-6.84,0.0,0.169,0.083,0.395,112567,8,0,4,17
sBIjElagjxWUti5gBM9Qj1,Fading Fire,Toma Blake,hip-hop,uplifting|romantic,0.672,0.617,0.54,99.5,-1.16,0.234,0.328,0.105,0.12,258930,9,1,4,39
AiFMu7MjqYdT55HWKCwCpJ,Sweet Road,The Rivers,classical,tense,0.287,0.364,0.634,122.6,-18.25,0.083,0.842,0.721,0.0,232655,3,0,4,48
vQpUhlmQt5i5IYjyctubb2,Endless Dream,Jax Reyes,country,romantic,0.55,0.465,0.659,95.1,-1.81,0.04,0.329,0.037,0.195,317499,5,0,4,43
ygSusla502y0aABPF4HIVc,Restless Skyline,Rio Quinn,rock,tense|romantic,0.491,0.681,0.465,134.8,-4.31,0.0,0.017,0.205,0.198,244361,5,0,3,18
ZuUeUA2zFo0VQhAHkhgNYt,Broken Bloom,Zara Reyes,metal,playful|uplifting,0.334,0.848,0.629,144.6,-6.28,0.041,0.091,0.106,0.148,222266,3,0,3,27
3nMPuQjsBIEzvrwUpbYFbC,Wild Rain,Sena Marsh,country,sad,0.65,0.551,0.429,110.4,-4.69,0.095,0.19,0.081,0.142,219249,2,0,3,41
S2VdTNofFzGrzDMCiDs9Oq,Golden Echo,Cole Voss,jazz,tense|melancholic,0.58,0.443,0.491,130.9,-9.78,0.097,0.537,0.31,0.123,169750,11,1,3,25
ohd6QtXZfLTczQKkXVYy0P,Distant Fire,Toma Knox,folk,nostalgic,0.224,0.274,0.299,106.9,-13.42,0.037,1.0,0.19,0.246,196616,10,0,4,27
nWn2aSdzw8hs7tY2HC7fJF,Radiant Fire,The Lights,hip-hop,energetic|aggressive|happy,0.711,0.726,0.652,70.8,-8.93,0.252,0.192,0.195,0.025,269242,9,1,4,8
eyaX9seGZCxul6DMiYvKSc,Bitter Bloom,Reo Cross,reggae,nostalgic,0.824,0.576,0.356,101.6,-7.62,0.043,0.312,0.0,0.057,255858,7,1,5,56
m8OugDqG62yszkBCnnsWO5,Bitter Road,Rio Hale,r&b,nostalgic|sad,0.823,0.248,0.399,92.7,-5.78,0.121,0.266,0.035,0.091,201627,9,0,5,51
4lwvgtLipY5OVXKpBDOtTM,Hollow Star,The Rivers,indie,romantic,0.61,0.445,0.577,112.5,-7.82,0.07,0.354,0.337,0.127,178338,3,0,4,57
1x0MdpGZ8tp3TQ8voEGSO1,Distant Road,Leo Knox,country,uplifting|chill,0.445,0.579,0.61,117.1,-5.1,0.022,0.406,0.064,0.125,284657,2,1,5,77
F3KmKRbzwQ2VtOwk7AdEJl,Fading Heart,The Blooms,blues,sad|dreamy,0.438,0.412,0.636,115.5,-5.19,0.051,0.445,0.0,0.395,248982,1,1,4,71
Zkfyprbs9MjA5nbODrCC6P,Fading Ghost,Ava Cade,classical,energetic|melancholic|uplifting,0.268,0.213,0.481,104.0,-16.61,0.112,0.969,0.944,0.16,235364,1,0,4,33
xipG7wELPeIyIn1zl9UTIj,Golden Light,Nova Shaw,jazz,nostalgic|happy,0.545,0.566,0.466,87.6,-11.88,0.091,0.503,0.298,0.224,178770,6,1,4,58
hYn8XYbzqu056YyuqQKWnr,Fading Dream,Sena Reyes,r&b,dreamy|playful,0.959,0.522,0.491,97.7,-9.47,0.032,0.351,0.0,0.202,196708,3,1,4,34
jkqwsFVDNf8CsYJqekF6tm,Velvet Star,Jax Voss,rock,melancholic|romantic,0.556,0.868,0.544,123.7,-5.82,0.068,0.015,0.061,0.004,211912,6,0,4,61
34OEkMLDEhdwrbaqx6yQQX,Radiant Shadow,Leo Wells,indie,melancholic|chill|energetic,0.668,0.601,0.47,134.9,-12.26,0.06,0.196,0.0,0.005,208720,8,1,4,34
T6PjtVZ4GNr7H8mOy0mnu5,Faded Storm,Reo Blake,latin,uplifting|chill,0.904,0.663,0.742,121.2,-6.11,0.082,0.132,0.0,0.12,191208,3,0,4,32
slbArvl0kKOF6hYkurl2oN,Restless Wave,Rio Ryder,r&b,nostalgic|playful|chill,0.717,0.524,0.545,83.4,-7.19,0.02,0.11,0.07,0.261,205764,6,0,4,28
uXLluUj8U7PyDdRrMWsoI6,Sweet Heart,Nadia Blake,reggae,chill|tense|melancholic,0.694,0.594,0.63,102.2,-8.41,0.024,0.28,0.0,0.109,219949,10,0,4,62
37zKNncrk1dKNmlNEVQKPW,Wild Fire,Wren Knox,r&b,uplifting,0.665,0.616,0.639,86.2,-10.4,0.096,0.424,0.0,0.176,219790,2,1,3,76
44DTyJPjW3GObjJzSQ730L,Distant Shadow,Toma Frost,folk,uplifting,0.671,0.101,0.708,114.1,-10.46,0.118,0.895,0.273,0.066,235416,3,0,4,72
YdhigWv722ikkanqbQygmK,Distant Star,Jax Lark,r&b,playful|sad|melancholic,0.789,0.556,0.399,87.4,-10.29,0.092,0.266,0.07,0.014,209976,2,1,3,61
omnDL1UbYuzDIsONOmPEla,Faded Shadow,Nova Frost,reggae,energetic|uplifting,0.679,0.559,0.704,83.3,-10.52,0.054,0.272,0.0,0.143,245781,5,0,5,17
41YGXI8ZYha3k2nFtEH3Gz,Midnight Skyline,Nadia Cade,pop,uplifting,0.696,0.633,0.736,100.1,-4.31,0.043,0.281,0.1,0.185,191930,11,0,3,51
AzMjIJ9Nwtobvux8mta2yD,Distant Fire,Toma Wells,hip-hop,playful|happy,0.687,0.667,0.633,100.2,-5.82,0.142,0.119,0.113,0.186,240517,9,1,5,44
scf45ElJM248Tt2jkxssiT,Neon Ocean,Kai Cade,folk,chill,0.473,0.369,0.441,115.3,-8.4,0.073,0.866,0.307,0.1,246980,8,1,4,29
PlC3Jj1hlOpcnIAs1LhV2r,Burning Ocean,The Blooms,blues,nostalgic|uplifting,0.304,0.416,0.466,95.5,-10.64,0.085,0.647,0.159,0.197,249446,5,1,4,45
MqfV3JaUkLURz4pi3WZ1dW,Wild Horizon,Sena Frost,hip-hop,energetic|romantic|tense,1.0,0.738,0.503,104.1,-8.42,0.184,0.009,0.203,0.143,187139,1,1,4,60
ySYxGhMDYO5kXuLAOd4FjH,Neon Skyline,Ava Wells,metal,melancholic|energetic|dreamy,0.5,0.817,0.544,119.4,-2.9,0.069,0.068,0.18,0.091,209802,11,0,3,87
PoJwU80EKqm63P8Tv7xJym,Radiant Ocean,Cole Reyes,latin,happy|playful,0.8,0.531,0.648,102.6,-6.86,0.124,0.223,0.0,0.118,200487,3,1,4,19
SxFJaufq4aDqZ9K8GHZZUO,Hollow Heart,Nova Blake,latin,uplifting,0.921,0.679,0.862,81.3,-1.91,0.0,0.408,0.004,0.251,132226,2,1,3,72
HZlU2QopSwaE4Z4tbTGDrK,Silent Memory,Sena Reyes,rock,tense,0.452,0.962,0.518,123.5,-5.4,0.091,0.233,0.18,0.155,266786,7,1,4,27
YnRAWlv19ekALTRF5GRpsz,Sweet Road,The Storms,latin,tense,0.867,0.49,0.36,101.2,-4.14,0.069,0.334,0.0,0.172,191783,8,1,3,22
BdIU2gr4q5TLyIfL7LRhyP,Crystal Dream,The Rains,pop,playful|happy,0.444,0.7,0.74,132.2,-6.1,0.066,0.0,0.309,0.311,171533,8,0,4,46
oHiN6CCM8LRh2QevKA72EY,Electric Shadow,The Shadows,hip-hop,happy|playful,0.691,0.389,0.655,114.8,-5.78,0.219,0.0,0.0,0.066,149923,2,1,4,43
paOAOGiFk2DmimshfmoYTi,Velvet Garden,Rio Marsh,country,chill,0.845,0.643,0.767,94.9,-6.46,0.087,0.582,0.0,0.034,236263,0,1,4,44
JLgGJF4Q5a67boyfNhQS6U,Velvet Ocean,Kai Lark,classical,melancholic|tense|happy,0.255,0.239,0.373,91.3,-13.96,0.028,0.914,0.822,0.053,172616,9,0,5,30
ErQ7re1znNcLiWxbbjtCht,Neon Skyline,Wren Knox,folk,dreamy|uplifting,0.511,0.372,0.564,110.7,-8.24,0.042,0.807,0.073,0.212,193775,4,1,4,57
qumlUhjDwpGdRVAPKlWLTJ,Electric Road,The Citys,metal,aggressive|tense,0.401,0.893,0.326,154.5,-6.75,0.02,0.031,0.0,0.165,261685,3,1,3,6
JR6VDcCUKAvXOl93aB6WgD,Distant Ocean,Ava Ryder,indie,nostalgic|energetic|uplifting,0.703,0.398,0.722,131.8,-7.43,0.091,0.503,0.086,0.2,237422,1,1,3,70
v5TfNlYSYhfU6Ki2edccHr,Midnight Memory,The Roads,latin,playful,0.719,0.739,0.608,115.0,-6.9,0.041,0.184,0.011,0.118,194188,6,1,4,39
G77ONgFtv28vpkrXeTTTKJ,Restless Horizon,Iris Lark,country,chill,0.486,0.301,0.824,119.3,-11.56,0.074,0.207,0.0,0.144,202060,3,0,4,62
GyXAudk5U2J17ysuFbQmOy,Burning Road,Iris Vance,electronic,energetic|tense|melancholic,0.856,0.867,0.539,114.4,-2.97,0.057,0.077,0.457,0.237,215434,2,1,5,54
Yo7ZldnIn1yTcYAUa7Ijkw,Golden Skyline,Ava Wells,r&b,dreamy|aggressive,0.725,0.687,0.203,102.3,-12.37,0.0,0.22,0.132,0.192,151870,3,1,4,68
mGVLU9iG2d0aTFGcztnV2F,Golden Echo,Sena Quinn,r&b,chill|happy|sad,0.639,0.359,0.625,88.3,-8.83,0.059,0.128,0.0,0.271,204571,7,0,4,74
tBzkCpqdJrb9ijiTvZbxmL,Crystal Road,Sena Vance,hip-hop,tense|dreamy,0.858,0.686,0.569,105.5,-6.52,0.235,0.233,0.206,0.108,315133,4,0,4,73
b9YB9GfSMGNnPBS7ve5lTX,Radiant Light,Kai Knox,blues,melancholic|sad,0.428,0.49,0.336,95.8,-6.03,0.09,0.266,0.272,0.172,195544,6,1,4,38
E6z1gqx3FA7pibqaCUqMan,Radiant Rain,Mira Knox,r&b,dreamy|chill,0.555,0.43,0.63,93.1,-6.85,0.06,0.291,0.036,0.308,235893,3,0,3,41
UPBxxS1MaEbAAFqOICem7n,Restless Ocean,Cole Frost,latin,tense|playful,0.802,0.822,0.3,112.7,-4.07,0.097,0.237,0.0,0.189,264229,2,1,4,28
v1ZgJhHfWvs4jEMsyR5n4a,Bitter Rain,Mira Shaw,latin,nostalgic|uplifting,0.889,0.621,0.64,84.7,-7.09,0.146,0.324,0.003,0.24,215300,5,0,4,67
nneOtXQcu8LwngRwOE5esv,Radiant Dream,Cole Blake,classical,chill,0.516,0.321,0.103,99.2,-18.94,0.036,1.0,0.87,0.265,152848,9,0,4,17
FXaMjhJMjVPXESUOfhYqhJ,Radiant Dream,Wren Lark,rock,tense|aggressive,0.757,0.904,0.411,117.8,-5.23,0.041,0.258,0.081,0.238,175904,1,0,4,40
06fbCLFhhgR1mz5DW3n5GP,Sweet Memory,Ava Voss,hip-hop,sad|chill|playful,0.664,0.648,0.569,106.5,-1.03,0.218,0.306,0.071,0.171,139197,0,0,4,43
jPszEar1nX4U8w4UKLEKFi,Velvet Horizon,Ava Knox,blues,energetic|sad,0.694,0.495,0.342,98.7,-8.46,0.112,0.387,0.096,0.07,216043,6,0,3,17
qGdB92mHDFpzJFHxxUWhvS,Faded Light,Leo Reyes,classical,tense|happy,0.278,0.302,0.349,91.0,-20.04,0.022,0.794,0.757,0.0,280752,4,1,4,35
FVTsAXncKZRzC9egibIyZ5,Burning Road,Cole Ryder,blues,dreamy,0.531,0.665,0.375,88.5,-12.06,0.106,0.494,0.083,0.133,226456,2,1,4,73
35FEmeRq4coeZjzOABZXFr,Lonely Ocean,The Oceans,rock,dreamy|sad|playful,0.435,0.824,0.497,109.2,-6.89,0.159,0.275,0.042,0.311,135588,6,0,4,68
HeICf1BUPtQBaACVF1VPIM,Bitter Star,Jax Vance,country,melancholic,0.78,0.555,0.391,101.2,-12.02,0.06,0.582,0.206,0.306,266882,5,0,4,43
FIDLBglYzJpbqZaO7yFMEt,Silent Ocean,Kai Blake,reggae,happy|uplifting,1.0,0.308,0.596,93.7,-9.01,0.079,0.287,0.086,0.3,213079,8,0,3,69
rwSS1eWKx39xy9CsuFurSG,Radiant Rain,Wren Vance,electronic,melancholic|energetic,0.694,0.838,0.405,131.5,-4.48,0.0,0.095,0.2,0.188,299840,0,1,5,25
a5Bx3PAaqD8s4R7IkHWesc,Broken Echo,Nova Hale,metal,energetic,0.257,0.816,0.105,142.9,-3.31,0.03,0.218,0.002,0.264,200868,9,0,3,86
AW7prnFwkRk63T0NMK0MWT,Velvet Bloom,Leo Cade,classical,nostalgic|uplifting,0.0,0.165,0.238,92.7,-24.0,0.103,0.981,0.782,0.306,239962,2,1,4,27
XqfaES4UUbqYvSWGsWql3h,Bitter Ocean,Ezra Frost,blues,playful|melancholic,0.485,0.495,0.382,78.8,-7.26,0.053,0.599,0.082,0.047,156649,6,1,4,23
M0Hzb4aXP1i9HOORNwcqLl,Neon Echo,Rio Frost,rock,tense|playful,0.433,0.706,0.692,131.8,-7.74,0.108,0.024,0.26,0.0,238668,0,0,4,30
dE5wrvz9lxdSk6sj1PbY36,Radiant Shadow,Cole Hale,rock,melancholic,0.332,0.56,0.573,131.1,-4.59,0.015,0.122,0.152,0.328,247006,8,1,4,61
G1FdJZyNG2Clmyjw7zMVjd,Wild Dream,The Fires,classical,melancholic|chill,0.335,0.278,0.337,98.8,-20.9,0.012,0.943,0.691,0.126,227316,9,1,4,49
A5UbzUXWq8X4rhkyWSXWOF,Fading Dream,The Dreams,classical,energetic|chill,0.389,0.303,0.539,108.9,-18.72,0.061,0.919,0.899,0.266,188042,8,1,4,1
eVhqT2O2lS0vKmyRNZHdVF,Silent Bloom,Finn Quinn,r&b,aggressive,0.678,0.489,0.438,94.5,-5.83,0.104,0.398,0.0,0.095,238580,7,0,3,35
JqH6hz23f7Hkwc0TX3eH9g,Silent Shadow,Zara Hale,country,playful,0.82,0.481,0.649,107.7,-6.24,0.065,0.462,0.079,0.265,250295,4,7,5,57
5maoJdIb89SwXSe6lPW8hz,Velvet Road,Rio Voss,rock,energetic|uplifting,0.601,0.79,0.467,112.2,-5.1,0.065,0.063,0.286,0.055,254711,3,0,4,72
hVqnOzbFmnScaV0wAdBzYl,Restless Dream,Nadia Vance,country,happy|nostalgic,0.507,0.536,0.792,86.9,-4.6,0.105,0.436,0.112,0.114,231519,5,1,3,24
D3PcoFOep4QXAX0LBFdW8X,Electric City,Leo Cade,hip-hop,chill|happy|tense,0.574,0.689,0.437,115.8,-10.71,0.169,0.0,0.0,0.118,238285,4,0,3,6
QJYyRUzrXN8rMLtmqdGt7h,Bitter Echo,Ezra Vance,,playful|dreamy|energetic,0.523,0.415,0.663,90.9,-3.15,0.041,0.413,0.121,0.12,114973,11,1,3,67
zslh0HlL1qTNDTjkkpsONp,Restless Road,Wren Voss,folk,chill|nostalgic,0.566,0.343,0.411,88.3,-13.45,0.066,0.778,0.196,0.274,219160,4,1,4,52
BZtBUtzFNf193qzKutkxVD,Broken Storm,Reo Marsh,electronic,nostalgic|playful|aggressive,0.637,0.551,0.836,109.2,-4.32,0.09,0.155,0.25,0.108,190380,10,1,4,48
STuHC5yajeLkHYoO93whLO,Sweet City,Sena Stone,electronic,nostalgic,0.698,1.0,0.251,147.4,-3.69,0.028,0.0,0.358,0.405,251958,1,0,3,40
YbcrGqajU2OPHfotc1gS7J,Silent Rain,Nadia Lark,metal,melancholic|energetic|dreamy,0.554,0.834,0.277,146.6,-6.57,0.0,0.053,0.087,0.0,198062,5,0,5,11
Z36Yo2SogOh9duHjGtvWry,Sweet Storm,The Rains,indie,uplifting|chill,0.717,0.575,0.446,106.6,-5.57,0.024,0.35,0.032,0.253,187555,11,0,3,54
HX27ouzLZX70h9MAmFqpse,Wild Skyline,Zara Ryder,metal,energetic|romantic,0.594,1.0,0.582,121.0,-4.2,0.088,0.002,0.185,0.294,270499,8,0,4,25
gzDnLc6PXAyucdGqLzyz5d,Golden Fire,Cole Hale,classical,uplifting|energetic|melancholic,0.426,0.428,0.413,109.5,-18.38,0.01,1.0,0.745,0.155,177444,2,1,5,40
br6bEClHauAmh9MTpCoKuv,Crystal Ghost,Finn Ryder,folk,melancholic|nostalgic,0.706,0.356,0.382,113.1,-13.94,0.01,0.603,0.195,0.233,197100,3,0,5,33
8RJgJx4gIY3Ehxps0B7Fqi,Restless Memory,Jax Marsh,indie,melancholic|happy,0.495,0.469,0.355,111.5,-8.59,0.058,0.426,0.021,0.169,163465,10,1,5,46
r5DgiYfI1K2hkO3CVPlzTX,Broken Skyline,Nadia Quinn,metal,energetic,0.37,0.767,0.738,160.3,-2.69,0.086,0.0,0.4,0.361,204560,7,0,4,26
HiE7A6MWT3dBErJORIOnly,Broken Rain,Wren Marsh,indie,tense,0.715,0.805,0.621,100.1,-10.85,0.08,0.434,0.075,0.0,252904,3,0,4,60
MXqG1YacrrTNq3qq4mVgie,Crystal Rain,Rio Wells,metal,melancholic|nostalgic|romantic,0.47,0.761,0.356,112.7,-4.35,0.111,0.17,0.247,0.175,260709,5,1,4,45
ukrRk2SQFvVJAVm5Xtpu5c,Faded Star,Wren Cade,jazz,nostalgic|uplifting,0.532,0.425,0.358,104.7,-10.87,0.06,0.652,0.402,0.422,190790,5,1,4,32
2NuKybkHcJZAT1E2qb6bhx,Restless Road,The Rains,electronic,tense|uplifting,0.739,0.976,0.57,112.5,-4.0,0.05,0.165,0.344,0.268,203746,1,1,4,42
bbqk21403setlLCRSDYWdk,Wild River,Wren Wells,latin,sad|chill,0.975,0.628,0.552,117.6,-6.57,0.016,0.135,0.104,0.284,145332,6,1,4,58
1nMqBOdPZXIRV2J6k2NeNs,Lonely Bloom,Nadia Vance,reggae,playful|nostalgic|uplifting,0.686,0.569,0.66,95.4,-7.44,0.118,0.127,0.166,0.107,165425,10,0,5,25
CK0AhRcViwnLDqhus3sIul,Midnight Ghost,Kai Vance,blues,sad|nostalgic,0.543,0.546,0.346,91.6,-9.03,0.104,0.489,0.07,0.006,202162,1,0,4,41
uQvgsl15kw2Qfnw3iJtTWN,Burning Horizon,Reo Marsh,latin,nostalgic,0.644,0.564,0.65,105.2,-6.77,0.077,0.011,0.312,0.086,271888,7,1,5,65
tYTWJB39lxKT3XPlNlqCR7,Neon Fire,Jax Vance,rock,aggressive,0.479,0.928,0.627,143.4,-2.02,0.11,0.02,0.081,0.083,198627,7,0,5,46
HAPcK3sScn9zg3bv8glzCk,Lonely Garden,Ava Hale,metal,aggressive,0.539,0.733,0.242,151.5,-4.72,0.001,0.012,0.034,0.199,204551,5,1,4,21
yPaDvQ3auqCbK8zgKvIkqM,Restless Road,Toma Knox,r&b,happy,0.79,0.532,0.609,92.3,-8.83,0.053,0.206,0.124,0.249,214723,3,0,4,59
laH3bDpNDFAZHsXYEF6yfd,Golden Heart,Ava Knox,metal,energetic,0.414,0.879,0.513,152.4,-5.75,0.058,0.233,0.16,0.038,242739,11,1,4,35
3tzr4ABndgthnta4rEN5O3,Fading Heart,Ezra Cade,classical,tense|romantic,0.221,0.016,0.637,109.4,-14.6,0.043,0.77,0.592,0.119,200176,8,1,4,55
N0J0MOXeDHTvC3OGSw5dhU,Crystal Dream,Ezra Vance,indie,uplifting|happy,0.61,0.547,0.822,102.6,-10.26,0.104,0.304,0.012,0.196,229770,3,1,4,57
lSIeZXw8TMcO1rDm5Cte1o,Faded Skyline,The Stars,indie,nostalgic|tense|sad,0.605,0.481,0.384,99.7,-9.41,0.076,0.272,0.171,0.259,170192,1,0,5,60
NVKotpfNWVFtTEqzyGsGrk,Broken Heart,Wren Frost,latin,chill|happy,0.925,0.611,0.758,101.3,-3.63,0.0,0.0,0.006,0.011,202096,11,1,4,60
jkMxMqHW2XGLtt9A0f7Xd2,Velvet Heart,Ava Cade,r&b,energetic|nostalgic,0.634,0.971,0.467,115.1,-8.56,0.052,0.14,0.0,0.228,216499,0,0,4,55
9jjWGfyvaH0BXngocaFWAT,Lonely Memory,Finn Blake,country,playful,0.572,0.564,0.503,124.8,-7.06,0.073,0.357,0.102,0.098,254779,3,1,5,48
A1wRNHM0F2iNCd6WkzLpXp,Sweet Echo,Mira Wells,r&b,uplifting|aggressive|playful,0.515,0.384,0.605,98.3,-6.46,0.04,0.116,0.0,0.169,199196,6,1,4,64
BOSWEjzxW85fcLE6PSNIHR,Golden Memory,Cole Vance,reggae,energetic,0.793,0.645,0.51,99.4,-7.01,0.027,0.489,0.072,0.18,194328,9,1,5,38
fVWzbkw2h7U8859P6WYJwf,Golden Ocean,Reo Reyes,hip-hop,tense|nostalgic,0.554,0.747,0.314,100.1,-8.52,0.169,0.028,0.152,0.259,211028,3,0,4,83
QC0kxxgxxxA04lkWpNuWjC,Neon Dream,Iris Shaw,hip-hop,playful,0.546,0.752,0.694,99.3,-7.5,0.206,0.29,0.0,0.284,275232,8,0,5,37
eqcsG0I1lbcosreplrBQ6r,Neon Horizon,Finn Reyes,country,romantic|playful|energetic,0.415,0.662,0.407,120.9,-5.9,0.141,0.071,0.014,0.169,139842,0,0,4,26
gvOuYNM05E8Acu3SOKhCml,Crystal Rain,Jax Cross,blues,melancholic|nostalgic,0.509,0.428,0.347,84.4,-9.68,0.07,0.582,0.168,0.0,229317,9,0,4,34
6WeuUeTHDmkWtoHXk3fQj2,Crystal Heart,The Citys,country,playful|tense,0.581,0.573,0.573,107.5,-6.11,0.035,0.526,0.021,0.184,268402,1,0,4,31
yx2eAjnPlsdxzVfcqoohDY,Fading Echo,Sena Blake,folk,tense|romantic,0.497,0.385,0.559,109.9,-9.07,0.0,0.779,0.285,0.37,182558,5,1,4,64
jS2NBCaGAEmyVfO2Kb0aMc,Hollow Rain,Reo Ryder,pop,uplifting,0.585,0.731,0.605,96.7,-7.13,0.002,0.119,0.0,0.205,231650,2,0,4,55
pmFFX3Y2jsqlDPmhGj2dig,Lonely Dream,Toma Frost,blues,sad|chill,0.443,0.655,0.452,83.0,-6.96,0.046,0.249,0.307,0.066,239583,3,7,5,0
gXIFHFK2ssOSyMzKB5eKwD,Golden Skyline,Cole Shaw,electronic,aggressive,0.603,0.78,0.739,118.9,-0.66,0.082,0.0,0.27,0.225,226756,10,7,4,26
GYTXP9V2Xgx6L70crCLWdc,Burning Fire,Finn Voss,indie,nostalgic|sad,0.437,0.675,0.253,103.9,-9.76,0.03,0.431,0.179,0.101,187762,10,0,4,43
l0w44ObP09v6J7wdiKjiMX,Faded Bloom,Jax Ryder,country,romantic|happy,0.495,0.415,0.638,110.6,-9.51,0.039,0.216,0.0,0.025,177964,6,1,4,27
h5vZSOiaiF3q87czzTFGC6,Crystal Shadow,Jax Shaw,indie,chill|dreamy,0.375,0.367,0.596,134.0,0.0,0.0,0.436,0.186,0.053,151591,6,1,4,42
irQ1kcLNU1nkcjUg15EmYD,Electric Star,Finn Quinn,hip-hop,aggressive|uplifting|happy,0.699,0.563,0.454,95.7,-1.56,0.218,0.069,0.042,0.278,220880,5,0,4,39
7PTOfkhGSbwhh2DQs0wTLL,Broken Echo,Nadia Quinn,indie,uplifting|melancholic|sad,0.654,0.61,0.951,126.2,-8.23,0.0,0.273,0.0,0.195,177557,9,0,4,19
rqGh1ZKq24siVN5uhldSPl,Faded Star,Ezra Reyes,metal,nostalgic|romantic,0.293,0.79,0.29,133.4,-2.05,0.121,0.047,0.152,0.1,236322,9,0,4,82
jONiuobiTho1xUvYGl30xt,Bitter Horizon,Reo Blake,jazz,nostalgic|chill|tense,0.298,0.53,0.565,94.8,-11.65,0.036,0.695,0.413,0.236,249927,11,0,3,38
O3YbUVRiYPX0qbW1sC6Xc0,Silent Ocean,Finn Cross,hip-hop,playful,0.705,0.699,0.715,98.9,-4.17,0.198,0.243,0.0,0.093,292709,7,1,4,24
Q145uDUyh7gCtdwN5eP0Ws,Velvet Skyline,Leo Vance,rock,nostalgic,0.439,0.606,0.891,119.7,-8.24,0.017,0.0,0.0,0.24,252864,2,1,4,75
pe4FVMZ7CJfHfqPXpOA508,Golden Ghost,Rio Frost,r&b,playful,0.624,0.38,0.422,102.4,-5.95,0.102,0.065,0.209,0.0,252534,8,0,3,67
Emmm82ONMcV3s9TNSVCTGX,Radiant Skyline,The Echos,metal,aggressive,0.373,0.774,0.362,136.7,-4.48,0.006,0.0,0.139,0.148,153861,3,1,4,32
OSad6wCLajvTGinUBIy89p,Faded Bloom,Reo Stone,r&b,happy|uplifting|romantic,0.769,0.587,0.46,91.7,-4.71,0.12,0.077,0.0,0.175,231417,11,0,4,50
RvQHoBo1k8msIuAhHGQb3Y,Silent Bloom,Talia Frost,electronic,aggressive|energetic,0.762,0.876,0.813,127.5,-4.31,0.0,0.057,0.295,0.093,238337,2,1,4,49
Ymw4W77K3SID2nRgZDl5Ba,Golden Garden,Finn Blake,blues,sad,0.512,0.57,0.362,109.1,-10.16,0.072,0.297,0.0,0.209,230013,7,1,4,44
g6SWpQHmYQt5A84fawachp,Lonely Rain,Iris Frost,blues,playful,0.442,0.419,0.192,92.8,-13.1,0.018,0.545,0.0,0.242,249395,8,0,3,28
i5HhpOYYrf6YzzcxXosgay,Broken Wave,Leo Shaw,metal,tense|energetic|sad,0.392,0.876,0.394,147.6,-2.67,0.0,0.115,0.007,0.15,255521,10,0,5,25
W7ZnHjMgYJnJjCbGYmXBa3,Burning Memory,The Waves,hip-hop,nostalgic,0.751,0.557,0.413,86.1,-5.51,0.116,0.439,0.127,0.259,230901,2,0,4,39
OQnMe25tNWy480SgW9iCSr,Wild Ocean,The Rivers,r&b,melancholic|uplifting,0.757,0.594,0.346,76.8,-9.55,0.185,0.217,0.0,0.092,230290,5,0,3,43
nUB2SLL9jDo8YAQEIApcuZ,Bitter Garden,The Roads,reggae,energetic,0.753,0.771,0.508,100.9,-5.79,0.073,0.083,0.172,0.111,270026,7,0,4,41
pxCqZacltFUVWfjMPD14JE,Midnight Fire,Cole Reyes,electronic,energetic|aggressive,0.76,0.81,0.602,107.9,-3.56,0.026,0.089,0.393,0.113,170244,10,1,4,47
QuprQrT6w5kJILkobvbJd1,Endless Memory,Cole Voss,reggae,uplifting|aggressive,0.72,0.747,0.625,99.9,-8.91,0.038,0.241,0.207,0.152,238424,3,0,3,39
YJkrF08vhW0RLImFwOLLzf,Lonely Horizon,Rio Marsh,r&b,nostalgic|melancholic,0.696,0.198,0.387,107.4,-12.46,0.119,0.055,0.102,0.208,266512,4,1,3,50
UDz3zn9HelLRt82ocYZwwD,Sweet Skyline,Rio Cross,latin,playful|chill,0.832,0.767,0.795,111.8,-4.52,0.125,0.0,0.0,0.139,209808,5,0,4,38
BSPIQyWeA6SLlGOzhtYWuH,Golden Heart,Sena Marsh,latin,tense|aggressive,0.813,0.797,0.258,72.6,-3.3,0.05,0.144,0.189,0.01,186248,6,0,5,14
GLf42Aur6J7xwyuXrcYSmI,Electric Light,Sena Vance,electronic,tense,0.87,0.844,0.299,132.0,-7.13,0.0,0.307,0.268,0.2,179338,3,0,5,68
QDtvjCfFRfTjfHtvbozhcJ,Neon Memory,Ezra Cross,metal,happy|energetic,0.523,0.822,0.299,132.9,-3.26,0.076,0.0,0.257,0.143,243327,1,0,4,40
YJ1M9GmakNNrn7L1mZSmuZ,Lonely Bloom,Jax Knox,electronic,tense|aggressive,0.662,0.778,0.394,123.8,-0.67,0.049,0.13,0.218,0.009,272290,6,1,3,51
V7UPpvT1d3yjwJgFPhPW69,Faded Bloom,Reo Quinn,electronic,tense,0.697,0.637,0.423,115.7,-4.76,0.038,0.001,0.341,0.229,220073,6,0,5,17
R2gdNv2zk0TvPIe6klwW01,Sweet Bloom,Zara Voss,r&b,dreamy,0.481,0.37,0.524,95.5,-9.16,0.137,0.298,0.027,0.021,182142,11,0,5,52
r5JOAiGyM9JDRKNOk0GbyX,Neon Memory,Talia Marsh,hip-hop,tense|energetic,0.824,0.807,0.523,122.0,-4.8,0.177,0.057,0.058,0.028,210402,6,1,4,66
TSB7fMyAuKrE9jdXc56SO0,Midnight Garden,Finn Marsh,hip-hop,uplifting,0.884,0.722,0.564,118.6,-8.47,0.136,0.0,0.065,0.179,240674,2,0,3,51
Zjqc5F9wIonwk9y9D6iEJf,Wild Bloom,The Echos,indie,energetic|chill,0.446,0.462,0.347,125.8,-5.64,0.0,0.578,0.184,0.078,209897,3,1,4,53
xQkcoEknf76bZCluCtE3b1,Golden Shadow,The Citys,electronic,melancholic|chill,0.749,0.544,0.211,119.4,-3.37,0.05,0.0,0.344,0.204,161781,7,1,5,48
lHvVRccl1vn7peT2mRmgBg,Golden Bloom,Mira Cross,latin,tense|uplifting,0.717,0.764,0.601,113.1,-6.14,0.0,0.111,0.045,0.154,275437,2,0,5,15
PkimGB7uN0yWHJpBq5p5mW,Lonely Horizon,Jax Wells,folk,dreamy|happy,0.75,0.464,0.69,111.6,-11.62,0.03,0.778,0.087,0.076,161087,8,0,4,61
lkacboJ1IyUCvLq8hoojgm,Golden City,Jax Blake,reggae,melancholic|chill,0.497,0.394,0.825,74.5,-10.0,0.056,0.353,0.132,0.142,198639,7,1,4,47
97FpVmVkd7Lwgj7N56iMYC,Wild Echo,The Stars,metal,sad|aggressive,0.375,1.0,0.056,137.7,-4.58,0.08,0.0,0.044,0.011,220759,6,0,4,37
jxFY4HHQ4Oq1km39HaIlsS,Crystal Garden,The Lights,pop,romantic,0.6,0.75,0.543,124.3,-6.53,0.087,0.093,0.061,0.163,180519,8,0,3,94
jnI9JXTUaNPyeiWil9kVQS,Broken Road,Iris Vance,hip-hop,chill,0.519,0.737,0.591,99.4,-10.74,0.241,0.283,0.184,0.082,200797,1,1,3,45
cyUBPerKWRnBWbFtWeUzRU,Electric Bloom,Nova Knox,pop,melancholic|playful|aggressive,0.39,0.628,0.528,117.3,-11.19,0.0,0.35,0.129,0.077,249893,2,1,5,69
yWltTjzMF1PtLTyXBtIeBa,Velvet River,Ezra Knox,country,tense|dreamy,0.635,0.361,0.502,132.3,-9.32,0.081,0.104,0.0,0.16,217461,4,0,3,29
21k1JCAe77Z4Ryg6u8dfL8,Wild River,Leo Lark,classical,energetic|nostalgic,0.502,0.099,0.259,108.3,-20.6,0.077,0.977,0.661,0.17,192295,3,1,4,61
mIJjSfFYaFx0cwezmQ5W0n,Burning Memory,Cole Cross,r&b,nostalgic,1.0,0.552,0.191,91.9,-4.3,0.022,0.192,0.005,0.117,206805,9,1,3,81
H60yGmfNAa76rvgNgIxcs5,Sweet Wave,Ava Cross,r&b,happy|romantic|chill,0.425,0.589,0.51,79.2,-10.23,0.12,0.345,0.041,0.269,258887,11,0,4,48
KaTWUPITJqy8o47BrZuw42,Faded Storm,Nadia Marsh,,tense|sad,0.357,1.0,0.599,144.3,-2.92,0.0,0.0,0.084,0.0,175993,7,0,4,60
n88IlKXjvuMbB9R6U1d6Bt,Midnight Fire,Talia Stone,r&b,sad|playful|chill,0.717,0.346,0.545,104.4,-3.5,0.033,0.358,0.034,0.0,258191,2,0,3,47
eA0k0ms0z3lsKvzPJ6CTZw,Burning Light,The Shadows,r&b,aggressive,0.666,0.465,0.443,81.6,-11.91,0.019,0.0,0.0,0.042,186956,5,0,4,36
XZdieoJUQfUd1kxX0bqalj,Bitter Ocean,Rio Hale,r&b,romantic|energetic|tense,0.599,0.577,0.583,72.4,-5.44,0.006,0.506,0.0,0.149,234735,10,0,3,65
4CghzbuF2Z0PP32XiuuriI,Distant Storm,Talia Ryder,latin,sad,0.71,0.597,0.549,95.3,-5.48,0.0,0.408,0.0,0.0,204540,7,0,4,15
7vHgBcL60rWMMp1eqngs9G,Golden Shadow,Mira Lark,pop,playful|aggressive|energetic,0.715,0.624,0.537,95.2,-4.51,0.089,0.192,0.055,0.214,225647,8,0,4,31
beLN7iQb6e58rwDag3SBsC,Golden Horizon,Finn Voss,folk,chill,0.413,0.379,0.42,118.6,-10.13,0.105,0.686,0.135,0.197,244813,3,1,4,63
WT8KODlbANnAtKj5ok9dx8,Electric Garden,Rio Cade,hip-hop,chill,0.807,0.956,0.533,112.8,-9.4,0.27,0.121,0.0,0.135,241435,4,0,4,47
d2lN4jTxOInSRFv34ijYEz,Hollow Wave,Toma Stone,r&b,dreamy,0.742,0.433,0.367,84.0,-2.48,0.0,0.111,0.0,0.093,187929,4,0,4,50
0xXadWzaDGTrTqhJF3eqHF,Endless River,Cole Cade,hip-hop,tense,0.81,0.686,0.551,95.8,-7.3,0.171,0.222,0.0,0.196,200710,7,1,4,47
tAHBANyIRHVjp80Eu7MjX4,Restless Echo,Leo Vance,rock,romantic,0.414,0.839,0.324,133.3,-4.8,0.0,0.031,0.0,0.191,180059,9,1,5,49
oXVTKIgZUzz2iToSFhC259,Distant Light,Leo Wells,blues,melancholic|romantic,0.463,0.558,0.512,109.8,-6.18,0.096,0.541,0.111,0.2,188290,9,0,4,35
8Mnp3x6JwwfRem4xuScwYT,Broken Skyline,Kai Wells,hip-hop,playful|happy|uplifting,0.745,0.392,0.912,104.3,-5.59,0.134,0.003,0.387,0.127,235740,2,1,4,49
9j4dYb3Gw9l4Vqfs6LOQ5j,Midnight Rain,The Gardens,latin,tense|uplifting,1.0,0.754,0.733,108.4,-3.58,0.01,0.174,0.0,0.147,206218,10,1,3,45
SbR0j3r0IX2DxAvtOujOho,Burning Wave,Mira Shaw,country,playful|dreamy,0.752,0.655,0.881,120.2,-3.11,0.038,0.436,0.14,0.282,188510,2,0,4,53
YRcU0dJ61chX9YmJvE5qdS,Midnight Light,Rio Frost,pop,tense|energetic,0.511,0.718,0.539,114.7,-5.13,0.04,0.187,0.0,0.121,154104,2,1,3,58
yYAifDQdrDF2UwJfCY0nFm,Restless Fire,Talia Shaw,country,sad,0.682,0.571,0.515,113.5,-7.7,0.0,0.003,0.0,0.25,222960,3,1,4,61
OjNJaA4Pz7SUDSpqzMbBiX,Sweet Bloom,Reo Lark,pop,aggressive|romantic,0.624,0.738,0.697,126.7,-6.19,0.016,0.363,0.0,0.414,132181,5,1,3,65
5AiBqnLoEtdgvEffiB7Asm,Endless Light,The Oceans,classical,sad,0.206,0.395,0.35,96.7,-17.7,0.083,1.0,0.977,0.0,210678,5,0,4,43
NuGGid06lLgZv6ea8p1fJ9,Burning Memory,Reo Lark,metal,tense|energetic,0.35,1.0,0.249,143.8,-5.74,0.124,0.012,0.0,0.107,169925,1,1,3,33
nMnD8IOGYUeklnqWNibUzJ,Velvet Fire,Talia Reyes,rock,happy|energetic,0.332,0.752,0.687,122.2,-3.82,0.019,0.196,0.004,0.33,241319,11,1,4,9
d5eRMSqr0q84nsrqTAfBNX,Silent Echo,Nadia Knox,jazz,happy|uplifting|nostalgic,0.418,0.592,0.466,104.7,-15.1,0.042,0.624,0.038,0.118,205460,7,0,4,59
Y1XYYxIUG8VEfmeJklXZij,Velvet Skyline,Rio Lark,hip-hop,dreamy|aggressive,0.636,0.741,0.479,97.0,-4.12,0.267,0.0,0.0,0.088,171103,11,0,4,55
3WyEZs3h8irXhbmVgSzrbU,Midnight Bloom,The Waves,indie,dreamy|energetic|happy,0.435,0.61,0.626,129.4,-6.02,0.0,0.441,0.0,0.0,193425,0,0,4,22
LpNFabeM2oxLUL4MoCTz4f,Burning Skyline,Talia Cross,jazz,playful|tense|uplifting,0.531,0.568,0.633,114.0,-10.36,0.011,0.473,0.312,0.148,218613,6,1,4,56
PaTJ6rdpU8gVzZXd9eV2UQ,Velvet Heart,Nova Quinn,indie,tense,0.848,0.678,0.499,133.4,-10.95,0.017,0.315,0.273,0.237,274706,6,1,4,34
V757eDXXAsicssdXn4IavK,Endless Memory,Leo Blake,rock,melancholic|uplifting,0.601,0.84,0.604,116.2,-8.08,0.09,0.091,0.0,0.103,227916,1,1,3,39
Q6bNJ8EkIsGY01GMAanwJ6,Sweet Bloom,Nadia Marsh,classical,uplifting|nostalgic,0.219,0.213,0.2,109.9,-23.49,0.122,0.652,1.0,0.135,152099,5,0,4,87
0JOdC1ujsXI40YMcc0hmtz,Faded Shadow,Ava Stone,rock,energetic,0.673,0.821,0.429,126.5,-3.75,0.0,0.06,0.038,0.108,207038,2,0,5,28
H6lfM3lpjnly6M9tiESmqj,Silent Road,Nova Ryder,electronic,sad|melancholic,0.801,0.853,0.408,138.7,-1.48,0.074,0.132,0.233,0.09,181623,5,0,3,41
1Ky7XTwuKvpPFlZppTjST3,Restless Memory,Toma Vance,blues,aggressive,0.348,0.472,0.47,90.6,-8.76,0.068,0.812,0.23,0.247,202971,10,0,3,47
g0keb3EPpS5P3TM2cAicc7,Broken Horizon,Finn Stone,pop,playful|energetic|nostalgic,0.912,0.701,0.476,123.3,-5.72,0.092,0.14,0.211,0.089,266458,11,0,4,35
3bxVtgbQN9YTbtV8t0oQBd,Crystal Horizon,Cole Marsh,folk,dreamy|sad,0.338,0.236,0.33,102.2,-11.2,0.094,0.718,0.227,0.259,249648,8,0,4,49
n093g70RikoobsAxDXSkVk,Golden Garden,Ezra Marsh,reggae,chill|melancholic,0.749,0.408,0.567,88.1,-8.13,0.067,0.143,0.158,0.194,189532,5,0,5,55
kKDZKhxOMI4ShjP0sVWdfu,Bitter Skyline,Sena Hale,rock,uplifting,0.434,0.806,0.521,120.4,-9.22,0.084,0.079,0.219,0.148,264088,6,0,4,72
2mwwwi9V2RmY2GH0vLV8L9,Faded City,Toma Shaw,jazz,chill|dreamy,0.489,0.343,0.476,96.2,-12.5,0.099,0.378,0.346,0.266,165303,1,0,4,31
ukkAHtpBg6uXvoUAHXqnsK,Fading Road,Nadia Marsh,blues,playful|happy,0.287,0.278,0.525,93.2,-5.03,0.2,0.331,0.151,0.111,239265,8,1,3,90
boOgSBL3OtAiL9Tb4ibJTl,Bitter Fire,The Horizons,pop,playful|dreamy,0.632,0.847,0.528,115.8,-4.79,0.027,0.0,0.16,0.029,181024,5,0,4,63
rND4Q42EalnHY6FZPMfor1,Electric Dream,Mira Voss,folk,dreamy|happy,0.565,0.061,0.542,90.9,-14.93,0.0,0.923,0.038,0.076,271386,1,1,4,78
6UmDeOOsCI3aQvdjqZyNxB,Distant River,Ezra Cross,reggae,happy|uplifting,0.62,0.443,0.702,67.8,-8.83,0.015,0.0,0.057,0.229,198689,9,0,4,75
rEmHdHoHGq8LGFY4Dtvtt6,Electric Heart,Talia Cross,reggae,happy|dreamy,0.69,0.335,0.694,91.6,-10.67,0.024,0.226,0.039,0.096,181624,3,1,3,53
EZeSJKrEA7pL4trMsRxp2v,Velvet Ghost,The Echos,metal,aggressive,0.436,0.77,0.429,153.5,-4.61,0.139,0.13,0.043,0.098,190911,6,0,3,39
rt8xZaEwROO8cBmLwDAtlv,Wild Bloom,Finn Stone,jazz,dreamy,0.392,0.46,0.427,116.1,-9.39,0.0,0.446,0.154,0.155,187579,10,0,4,72
7MHFiHtXH614eGgIyKzMio,Wild Fire,Nova Stone,latin,playful|uplifting|sad,0.699,0.742,0.531,107.2,-3.77,0.096,0.27,0.0,0.038,242121,4,1,4,36
d6tOFSwJ5N4gbLXnSaU5u2,Midnight Memory,Jax Voss,rock,chill,0.376,1.0,0.437,115.0,-5.16,0.093,0.0,0.044,0.282,254938,10,1,5,19
euxWwRKfX0Yn9KdvkZDshZ,Hollow Echo,Nadia Ryder,metal,tense|happy|aggressive,0.161,0.875,0.565,153.6,-5.69,0.066,0.0,0.0,0.02,161421,0,0,5,77
GvcwSttHvglAjerINmD1Ja,Faded Bloom,Nova Voss,electronic,energetic|tense,0.875,0.734,0.441,113.4,-2.1,0.084,0.0,0.652,0.207,203596,8,1,5,66
evLv0VAPdM744LYAct6xZz,Faded Dream,Finn Lark,electronic,tense|uplifting,0.819,0.658,0.457,134.4,-4.11,0.068,0.385,0.366,0.0,243316,8,0,4,36
60zUd9Vs85sPEpfCb4Cjcu,Fading Rain,The Roads,country,playful|melancholic,0.576,0.613,0.556,130.7,-8.82,0.074,0.199,0.102,0.23,137599,5,1,3,35
eXfRnwVenMaO1Y9J9UVkwc,Midnight Storm,The Hearts,metal,nostalgic,0.307,0.775,0.256,126.8,-4.87,0.085,0.0,0.121,0.145,154565,2,1,4,48
Fvyavjt6stbievmYL70LiP,Silent Dream,Talia Voss,jazz,romantic|happy,0.538,0.571,0.613,114.6,-7.78,0.028,0.293,0.336,0.176,158663,2,0,3,48
tCB6QAi3wp08OA7ihka4fi,Midnight City,Rio Voss,classical,energetic|romantic|happy,0.298,0.224,0.425,100.8,-17.14,0.013,0.941,0.579,0.109,200563,2,7,5,23
TNC5lLs2MypMIMT6uilLA6,Distant Dream,Reo Stone,classical,dreamy,0.41,0.293,0.435,122.4,-18.31,0.117,0.929,0.78,0.142,174203,10,0,4,65
dWjniGMTsTBfuOpXw006nN,Endless Shadow,Ava Voss,jazz,dreamy|playful|energetic,0.46,0.628,0.537,117.6,-15.48,0.0,0.364,0.338,0.0,263026,8,1,5,40
yYtqfgGEGmbFPgJH8Y53cw,Electric Shadow,Rio Cross,country,uplifting|chill,0.599,0.417,0.616,109.0,-6.17,0.071,0.409,0.0,0.063,238059,0,0,4,44
1Y3OPApW8qtfSiHjwABitX,Hollow River,Leo Knox,jazz,nostalgic|romantic|tense,0.528,0.252,0.495,121.2,-11.14,0.117,0.496,0.407,0.02,285690,5,1,3,20
luPcclhESWnzcN32nCU20m,Broken Fire,The Roads,hip-hop,energetic,0.763,0.885,0.385,94.4,-6.74,0.148,0.271,0.037,0.201,176542,2,1,4,58
tF8NQbJq7F4majtTIAdWVg,Silent Bloom,Cole Marsh,hip-hop,energetic,0.75,0.687,0.311,77.8,-10.35,0.081,0.197,0.123,0.289,256468,10,1,4,43
UgvG4K9SzTDurGPkP2sejU,Neon Heart,Cole Knox,country,dreamy,0.262,0.588,0.527,98.0,-8.77,0.078,0.421,0.242,0.148,302932,11,1,4,55
QnJCTPNa5fjOWKo3Y3tp14,Radiant Horizon,Finn Stone,latin,uplifting,0.62,0.63,1.0,103.2,-8.21,0.076,0.203,0.0,0.348,245452,9,1,4,25
DtV30SzJnRx1NjCR08CPEO,Lonely River,Iris Frost,rock,aggressive|nostalgic,0.501,0.825,0.411,117.9,-4.84,0.0,0.0,0.0,0.171,219618,9,1,4,27
5Nk82bIOXpBwp4yieMNYST,Bitter City,Talia Hale,folk,melancholic|happy|dreamy,0.553,0.355,0.262,104.0,-9.61,0.0,0.845,0.0,0.155,216842,4,0,3,55
7Jd3Yg2SGNT952TcfrsUfy,Hollow Echo,Cole Lark,pop,playful|happy|energetic,0.603,0.61,0.794,108.5,-7.21,0.009,0.194,0.203,0.12,221858,9,1,4,81
oIe1diLWnMdADMqnVN9lUH,Wild Bloom,The Gardens,metal,sad,0.348,0.849,0.291,150.8,-6.68,0.097,0.0,0.163,0.205,232934,4,1,5,78
PvypKdG107oKOBMN7hKQtT,Velvet Ocean,The Dreams,classical,dreamy|chill,0.482,0.232,0.506,109.2,-17.86,0.079,0.964,0.741,0.165,185508,0,1,3,63
GO1XlkgOMi5oz0gcBjL4uD,Velvet Wave,Reo Frost,jazz,energetic,0.612,0.405,0.46,93.8,-11.15,0.036,0.478,0.191,0.182,236567,6,1,4,43
v9oE7VFmZYSh3J2QdkV7Ok,Sweet Heart,Nadia Frost,blues,happy,0.424,0.539,0.262,89.1,-9.12,0.041,0.527,0.214,0.075,137303,3,1,4,36
HA0Zneunw6toCyvvVR8QJx,Wild Garden,Toma Wells,classical,energetic|nostalgic,0.15,0.088,0.332,112.3,-19.17,0.012,0.989,0.783,0.08,240810,5,1,4,53
94N1QCS8n9uq8phccA82uz,Silent Dream,Mira Vance,r&b,dreamy|uplifting,0.594,0.634,0.36,77.7,-6.46,0.029,0.243,0.069,0.176,119958,4,0,3,32
LWSsDF76LofoeLYDFQ3Rhq,Velvet Garden,Nadia Marsh,blues,energetic|sad,0.64,0.59,0.213,93.6,-11.49,0.0,0.437,0.034,0.221,214048,3,0,5,39
yBczbxZ2UvlS12YOigiqh4,Wild Ghost,Toma Stone,rock,sad|melancholic,0.368,0.779,0.352,130.4,-3.25,0.129,0.105,0.301,0.072,244500,1,0,3,19
kkVcQywXZAXIxwFyRCt8dt,Lonely Storm,Reo Wells,indie,energetic,0.472,0.485,0.422,125.3,-9.49,0.0,0.418,0.167,0.026,185690,3,0,5,28
lWtzogPXL2FWx41edovGKr,Fading River,Wren Blake,metal,melancholic|chill,0.612,0.996,0.352,130.7,-1.52,0.14,0.033,0.028,0.271,263911,6,0,3,100
o29UPq5EymsNxhMCOGDJrq,Wild Dream,Nova Lark,indie,sad|tense|dreamy,0.519,0.449,0.247,111.6,-9.66,0.101,0.328,0.22,0.152,242777,10,0,5,59
01PRWs2ck74euod0yyiByd,Wild Ocean,Jax Stone,reggae,playful|uplifting,0.905,0.335,0.62,107.2,-4.18,0.0,0.117,0.158,0.133,221296,8,0,4,47
79GYLD23jmBzLseWlClGqH,Endless Dream,Leo Vance,indie,uplifting|happy|aggressive,0.506,0.557,0.644,100.9,-7.25,0.041,0.536,0.231,0.098,276975,5,0,3,73
1nZybmbxnNskdtJnPAMkBn,Endless Horizon,The Hearts,pop,tense|chill|happy,0.844,0.509,0.756,112.1,-9.48,0.097,0.125,0.0,0.0,208166,8,0,4,65
8oRlim93SfX2iTfOJ2gJWe,Crystal Shadow,Kai Ryder,country,nostalgic|uplifting,0.61,0.622,0.613,84.3,-5.39,0.057,0.289,0.0,0.168,215987,1,0,4,10
73L5wzewKZqnB0aLRPmi5V,Neon Memory,Toma Cade,pop,nostalgic|energetic,0.526,0.614,0.427,134.9,-1.49,0.05,0.157,0.145,0.0,244950,1,0,4,45
7qgVjPijhrnoPHC3Ya8dsT,Midnight Garden,Ava Vance,country,happy|dreamy|playful,0.447,0.392,0.445,118.6,-9.65,0.125,0.159,0.0,0.24,251554,8,0,4,8
d6DEcE8LY4E2WIadbfbYKM,Crystal Ghost,Cole Marsh,reggae,happy,0.722,0.546,0.928,82.8,-7.33,0.065,0.257,0.0,0.059,223784,8,1,4,55
htJ2xUp2S4ts81tj7WGFQx,Golden Wave,Nadia Hale,country,sad|romantic,0.577,0.471,0.721,97.3,-5.14,0.09,0.421,0.0,0.164,245561,0,1,4,28
A4gZVD26cKHIKXHYn8O7Sm,Radiant City,Nova Hale,rock,melancholic|happy,0.505,0.889,0.343,142.8,-9.63,0.117,0.0,0.073,0.184,237239,9,1,4,12
pN3Ndas4XpgnwVz0Fl8ew1,Faded Rain,Mira Stone,pop,melancholic|playful,0.758,0.664,0.693,115.2,-3.61,0.122,0.16,0.175,0.058,250964,8,1,3,39
HWxSZY705NqzS50DNcgDKX,Restless Light,Wren Knox,latin,melancholic|tense|sad,0.808,0.892,0.657,124.4,-6.36,0.029,0.103,0.0,0.184,257940,5,0,4,77
L7l0ylGTo29JpRZQXChLc4,Bitter Skyline,Ava Marsh,folk,chill|romantic,0.517,0.257,0.625,119.4,-11.39,0.079,0.702,0.0,0.178,250443,1,1,5,95
eOBf4j2WZfEWxzGU1b4qnp,Lonely Rain,Ava Stone,metal,romantic,0.395,0.888,0.541,120.5,-2.07,0.0,0.0,0.198,0.112,219436,10,1,4,41
zjOCzedbx7mEo5CFuSJZDd,Faded Echo,Sena Reyes,rock,dreamy|happy,0.407,0.831,0.678,148.9,-7.53,0.0,0.069,0.228,0.252,264724,3,1,4,50
i9NGrdLSoudXzdqgXfGX0n,Wild Wave,Zara Marsh,country,playful,0.311,0.416,0.492,113.2,-6.01,0.127,0.328,0.039,0.111,248931,5,1,4,44
i7qThEoDHt2dnnTrl7gqrn,Hollow Ocean,Sena Stone,pop,nostalgic|energetic|playful,0.782,0.536,0.716,103.9,-5.59,0.137,0.12,0.078,0.261,163218,2,1,4,40
Bjgitx98NAdtis3j0tuz3k,Distant Bloom,Nadia Cross,metal,tense,0.42,0.975,0.277,149.6,-7.75,0.12,0.131,0.0,0.221,233722,10,1,5,26
l7KGJNl0rQloJVuvKUDDiW,Electric Light,Ava Quinn,r&b,nostalgic|tense,0.421,0.531,0.43,81.8,-3.05,0.089,0.248,0.106,0.177,242865,8,1,4,89
OkMJjIg7OBPpQU54QSik7Z,Lonely Rain,The Lights,blues,tense|sad,0.514,0.475,0.265,86.5,-8.32,0.166,0.298,0.412,0.099,219037,10,1,4,17
lpZSNMMMGBmx1Nk1ypEj7G,Radiant Ghost,Cole Blake,jazz,tense|playful|nostalgic,0.549,0.321,0.694,110.7,-11.53,0.074,0.365,0.524,0.023,184453,1,1,4,52
rm37TdjbvN2zyirTpGeBQu,Midnight Star,Jax Hale,classical,melancholic,0.384,0.065,0.588,106.8,-19.73,0.0,0.827,0.832,0.201,152763,0,1,5,47
jpumuOJmP8mmZRdx7CMtfI,Burning Horizon,Reo Cade,folk,energetic|playful,0.631,0.5,0.402,92.1,-7.95,0.057,0.813,0.0,0.2,251623,6,1,4,22
T5auFHSrlcJHH81uE7DvPH,Faded Horizon,Talia Cross,country,happy|playful|energetic,0.559,0.636,0.878,102.0,-11.42,0.154,0.168,0.0,0.189,243066,8,0,3,49
0x9igX0gK1Td78Kk255wVD,Golden River,Cole Ryder,r&b,romantic|happy,0.618,0.411,0.349,69.7,-8.78,0.055,0.144,0.127,0.176,240696,7,0,3,54
gxq9d3NSOD6zMqDK0Chmgh,Faded Skyline,Zara Stone,metal,chill,0.313,1.0,0.432,141.9,-2.78,0.022,0.031,0.132,0.0,257344,5,1,4,56
xtk7xGQ2WNTKk00eBIkckx,Silent Skyline,Zara Lark,latin,melancholic,0.955,0.628,0.589,93.4,-3.48,0.04,0.321,0.0,0.271,217811,0,0,4,50
Mq7rfoEHC00C0OTJWOQZSQ,Velvet Fire,Sena Vance,rock,chill,0.476,0.748,0.474,128.3,-4.43,0.019,0.02,0.185,0.159,234754,5,1,4,42
QffFkoSG6PIjMp5FwoTAbk,Faded City,Reo Wells,hip-hop,melancholic,0.579,0.464,0.593,109.1,-1.41,0.194,0.108,0.225,0.167,253736,10,1,4,35
DbvNJXjs59YacUYk8FL6wx,Velvet Memory,Iris Quinn,classical,dreamy|energetic,0.286,0.055,0.598,86.1,-16.53,0.066,1.0,0.678,0.059,193249,3,0,4,71
INb8T3S6INF8zXmE9KqY82,Electric Echo,Finn Blake,r&b,sad|playful,0.453,0.466,0.347,98.9,-5.11,0.063,0.094,0.075,0.306,268821,11,0,5,47
LhOguirtjm7UdT64YPHyt4,Burning Bloom,Ezra Shaw,jazz,uplifting,0.51,0.478,0.557,104.4,-11.74,0.065,0.519,0.245,0.176,149854,6,0,4,80
k66BDM2GsBBqy7I2BGPmaE,Burning Road,Ezra Cade,hip-hop,dreamy|nostalgic,0.812,0.504,0.423,112.3,-5.19,0.245,0.066,0.1,0.288,203379,2,0,3,65
B9y4beMzansKA3jSyCpbtv,Electric Storm,Rio Lark,folk,dreamy|sad,0.613,0.153,0.423,98.9,-11.22,0.0,0.856,0.0,0.119,260698,6,1,4,45
XuFZmHBNTQO1wlA4KweX9C,Sweet Horizon,Rio Cross,reggae,dreamy|sad|tense,0.897,0.502,0.663,96.9,-11.45,0.15,0.271,0.22,0.144,164911,5,0,3,73
7rNzotJjzvXcY1SCHZBoAP,Hollow Rain,Kai Reyes,classical,chill|nostalgic,0.14,0.238,0.46,87.7,-18.91,0.139,1.0,0.696,0.119,121619,10,0,5,62
FnwkoMvYcwKwVmSpLYS2ol,Distant Memory,The Roads,jazz,romantic|dreamy,0.407,0.157,0.622,119.1,-12.95,0.077,0.476,0.436,0.098,179106,0,1,4,55
3Y8uzGfIumhTR9SeHp9QiF,Fading Ocean,Sena Reyes,folk,nostalgic|sad,0.637,0.403,0.283,102.3,-15.05,0.045,0.495,0.109,0.183,192809,1,0,4,53
JqTveZSiIJeAPfoowKLnLg,Radiant Rain,Reo Quinn,electronic,nostalgic,0.591,0.974,0.27,118.6,-3.45,0.07,0.26,0.341,0.008,249309,9,0,3,59
w8MrrAOCZNVcDjSDvEOx1M,Silent Ghost,Reo Lark,hip-hop,playful,0.877,0.526,0.452,113.5,-5.46,0.29,0.155,0.193,0.173,269175,11,0,4,41
VVoZ4EcMSyrElQQLvFFD34,Lonely Bloom,The Citys,blues,uplifting|playful,0.314,0.496,0.564,94.4,-9.12,0.045,0.536,0.431,0.292,196091,6,0,3,68
xDNqMwwNfdwvkUKLDMMh2b,Radiant Heart,Kai Voss,country,uplifting|playful,0.594,0.545,0.722,121.0,-11.9,0.07,0.457,0.0,0.029,144597,2,1,4,24
OYHnZLuYJtipUhrkKawZAr,Faded River,Nova Vance,indie,uplifting,0.556,0.715,0.583,128.8,-11.74,0.0,0.33,0.229,0.036,212646,2,1,3,33
RYKW9dMstEvpZPKGdujJwE,Endless Ghost,Jax Stone,r&b,sad,0.657,0.554,0.233,93.1,-12.11,0.018,0.378,0.0,0.159,224886,7,1,4,35
WbFVebj7x0OEAWFY0AVm1L,Crystal Rain,Finn Stone,indie,sad|aggressive,0.378,0.412,0.376,92.4,-5.51,0.028,0.275,0.0,0.0,203520,11,1,4,65
yGyDvh57HNioylZLLj9iLU,Golden Horizon,Kai Hale,folk,romantic|nostalgic,0.57,0.483,0.481,82.0,-9.8,0.0,0.547,0.252,0.216,151969,2,1,4,35
xOctJ1zUaUKSgVWCtaOcMn,Golden Skyline,The Rivers,metal,uplifting|aggressive,0.52,0.875,0.401,133.6,-2.92,0.035,0.0,0.055,0.208,148055,8,1,4,58
b98GQtkXmrFVfOVGUxDtcF,Distant Echo,Mira Stone,reggae,happy,0.732,0.632,0.687,89.4,-10.14,0.08,0.257,0.036,0.165,240945,1,0,4,16
PUCHRP3CErAlgwXtZkskzt,Fading Rain,Nova Hale,classical,dreamy,0.41,0.287,0.45,91.3,-17.59,0.063,0.996,0.805,0.143,208301,9,1,4,46
DlHgdJ9IsvnL06XZVij3LI,Faded Wave,Jax Blake,classical,chill|sad,0.211,0.155,0.386,85.5,-20.08,0.081,0.893,0.85,0.116,242403,7,0,4,82
rlnvcsk56HJEbxCpqyxsCu,Faded Shadow,The Dreams,jazz,chill|happy,0.499,0.498,0.79,116.0,-9.35,0.141,0.593,0.315,0.221,184319,8,0,4,31
m6PB8e7d4Xj4gtzXgoZkJH,Midnight Road,Nova Blake,electronic,energetic|nostalgic|romantic,0.768,0.757,0.564,129.5,-7.94,0.0,0.099,0.236,0.156,268098,3,0,4,35
jb76culbVXfLogYWdFXuTS,Bitter Bloom,Reo Vance,folk,romantic,0.612,0.024,0.586,100.9,-5.15,0.162,0.812,0.07,0.236,261742,6,0,4,64
VGCXtLLXPTgG7LpdC3hqXf,Broken Star,Cole Quinn,reggae,tense,0.599,0.777,0.646,87.3,-10.34,0.077,0.252,0.041,0.167,186653,0,1,3,38
U6afNhoe6nEGSLjqXcPjF5,Restless Light,Jax Quinn,jazz,uplifting|melancholic,0.403,0.468,0.437,135.5,-9.73,0.092,0.306,0.314,0.225,192428,0,1,4,21
XUamv36KAV3Q5RWMUiqPtI,Hollow Star,Toma Stone,indie,happy|aggressive,0.424,0.526,0.489,121.2,-5.99,0.076,0.404,0.347,0.294,285224,7,1,4,36
rE1N97lcsMbchqXm0VycZq,Silent Echo,Nova Lark,latin,uplifting|sad|happy,0.827,0.571,0.855,81.9,-5.9,0.092,0.536,0.0,0.281,227320,7,0,4,81
BTsSguGS0A8hHfzlZ9RP32,Burning Memory,Leo Voss,reggae,melancholic|playful,0.571,0.565,0.734,88.7,-10.2,0.017,0.375,0.001,0.337,214640,8,0,4,22
ReImjCGvAqpJbgXUZm9E7y,Silent City,Cole Stone,folk,tense|chill|happy,0.546,0.203,0.442,84.8,-11.01,0.0,0.743,0.241,0.335,207449,5,0,4,20
H4LvBGFMtxvS7nIfgmLkcE,Hollow Shadow,The Echos,metal,sad|nostalgic,0.601,0.835,0.245,136.8,-2.71,0.046,0.118,0.148,0.215,195939,9,1,4,74
rBgC16rsmUJY9zZnmoDeqe,Lonely Star,Nadia Stone,reggae,energetic|aggressive,0.639,0.457,0.562,83.6,-9.45,0.054,0.217,0.0,0.212,160188,8,1,4,39
Pw2rNntOYe6H9zoVw3qKsQ,Distant Dream,Sena Knox,folk,dreamy|happy,0.446,0.32,0.259,117.4,-10.58,0.117,0.892,0.127,0.206,191814,3,1,4,60
cJPGijDSXjX06LZFrd75Sq,Golden Heart,Kai Cade,country,aggressive|sad|melancholic,0.829,0.625,0.87,119.6,-2.96,0.0,0.622,0.0,0.209,167309,7,1,5,59
DTwExV7HcYUMN81JhqjOSK,Faded Garden,Wren Cross,country,chill|melancholic|uplifting,0.273,0.354,0.715,114.5,-5.79,0.0,0.437,0.0,0.223,97598,11,0,5,83
qZImgd9Fr4l7DuWYQetsyR,Faded Fire,Nova Vance,r&b,nostalgic|happy,0.446,0.417,0.401,102.3,-8.52,0.05,0.138,0.056,0.382,203370,0,1,4,54
TnxH2FKsqujGGFnhi2y3WY,Distant Fire,Mira Quinn,metal,sad|nostalgic,0.402,0.949,0.34,155.1,-1.09,0.071,0.0,0.363,0.169,202929,10,1,4,8
An0bjvhqEp59L0dRcIQgSs,Crystal Ghost,Nadia Cade,pop,nostalgic|dreamy,0.488,0.638,0.589,132.4,-6.14,0.0,0.047,0.002,0.001,176187,11,1,4,53
RntB4dB9y2Q9PqdU1z4czc,Lonely Skyline,Toma Knox,blues,happy|playful|aggressive,0.511,0.441,0.487,87.4,-13.64,0.012,0.62,0.264,0.2,229449,9,0,4,57
cKeWsaHUD7rq1oMwWr6r6Z,Radiant Ocean,Jax Quinn,jazz,aggressive|nostalgic,0.263,0.475,0.529,119.2,-14.75,0.004,0.649,0.243,0.077,198648,5,0,4,8
t6RB06Uevfi2iyi691gH2H,Electric Heart,Toma Vance,reggae,playful,0.671,0.848,0.736,75.3,-7.7,0.07,0.327,0.0,0.097,148561,9,1,4,74
e0IcQH23g03BFMyJEFgnFf,Electric Dream,The Lights,folk,melancholic|playful|dreamy,0.409,0.149,0.452,101.3,-12.25,0.048,0.654,0.255,0.244,194703,7,1,4,55
e9FlCIGgrgcpZrJn0PkbT0,Bitter Storm,Ava Wells,latin,happy|energetic|tense,0.771,0.586,0.844,118.1,-11.86,0.114,0.194,0.0,0.096,176709,0,0,4,71
QVcUElnSqeVEzxzEL1AaMd,Broken Heart,Wren Blake,,aggressive|tense,0.601,0.818,0.564,128.6,-0.9,0.077,0.072,0.482,0.305,154591,2,0,4,43
4XQZNf6B4QbTA6miy7G4lR,Golden River,Reo Cross,latin,uplifting|energetic,0.69,0.733,0.798,106.1,-3.16,0.035,0.286,0.045,0.126,209119,11,0,4,51
uuxWluLZrwSy9mwINvojz1,Crystal Bloom,The Memorys,electronic,aggressive|energetic|melancholic,0.756,0.798,0.547,110.2,-7.76,0.041,0.0,0.589,0.071,245405,6,1,4,31
3ezhrMS7kCgwow58WthcG5,Wild Ocean,Finn Voss,country,sad|nostalgic|energetic,0.38,0.468,0.311,105.3,-5.04,0.06,0.484,0.0,0.279,215009,10,0,4,46
JREHYtDMSto1GFxFiwj4R2,Endless Ocean,Nadia Ryder,folk,chill,0.438,0.441,0.619,100.9,-11.48,0.035,0.938,0.158,0.298,232298,1,1,4,57
4eWs2gkeq42B1SeJkcwQ9D,Velvet Rain,Nova Knox,pop,happy|chill,0.732,0.631,0.56,103.0,-9.66,0.062,0.39,0.0,0.189,126279,5,1,3,49
Ut1pdWDrHGZhEP16ISOTT0,Broken Rain,Nadia Marsh,jazz,romantic|tense,0.472,0.525,0.544,83.9,-12.56,0.01,0.534,0.419,0.211,260498,9,1,5,71
dsbrp0E0cufnydb1k2mvxE,Velvet Skyline,Cole Wells,rock,aggressive|romantic|energetic,0.419,1.0,0.569,131.4,-0.46,0.079,0.346,0.148,0.185,142077,0,1,3,41
CVtEpAYp9ZFTCUBZnNtglK,Fading Shadow,Toma Hale,folk,happy|uplifting,0.456,0.284,0.917,101.9,-6.99,0.102,0.518,0.183,0.217,190513,11,0,4,63
dNu3V8xdWxK49euMEJcasN,Broken Shadow,The Waves,latin,chill|playful,0.81,0.977,0.709,108.0,-7.92,0.067,0.185,0.0,0.17,201144,9,1,4,77
8HPHPPjypbG7yH37U5NZUR,Velvet Echo,Kai Hale,classical,romantic|dreamy|tense,0.287,0.302,0.443,92.3,-16.01,0.0,1.0,0.951,0.179,256476,1,0,5,55
6oDhk0BlPvNvcVRRAHGGQd,Bitter Shadow,Ava Voss,metal,tense|playful,0.338,0.798,0.486,146.8,-5.17,0.059,0.055,0.06,0.31,297809,11,1,3,75
SAZqp0ba1EOlkfwQoD4oTv,Velvet River,Ezra Wells,hip-hop,nostalgic,0.633,0.847,0.29,119.9,-3.96,0.139,0.083,0.0,0.13,233398,8,0,4,37
dDmEVeSk1IXrMpD83hD47Z,Hollow Echo,Rio Voss,blues,tense|energetic|nostalgic,0.335,0.529,0.661,99.1,-3.2,0.141,0.62,0.096,0.153,260495,2,0,5,40
U3Z5MwUzqYdwlqqVNGNGrc,Electric Storm,Ezra Vance,jazz,uplifting|energetic|romantic,0.482,0.426,0.597,109.1,-7.73,0.141,0.599,0.308,0.004,141181,10,0,4,42
dFb4EyM17yJxfv6dDM1vKA,Electric Horizon,Sena Stone,rock,happy,0.729,0.807,0.617,155.7,-4.04,0.041,0.089,0.053,0.203,205919,3,0,4,56
SMqxgPxbSpS86vaGJNzilD,Sweet Star,Finn Ryder,classical,nostalgic|chill|dreamy,0.152,0.221,0.55,99.1,-17.97,0.021,0.947,0.681,0.226,238326,11,0,5,20
w2qR0QjLiUBRdl7YFhCUCH,Wild Skyline,Ezra Cade,classical,happy|playful,0.295,0.151,0.73,96.7,-18.48,0.133,0.927,0.79,0.268,255236,3,1,4,0
pGaNp06Jwdj7WW4LrNkZXb,Radiant Wave,Iris Lark,r&b,romantic|playful,0.719,0.562,0.342,109.5,-5.61,0.132,0.032,0.0,0.26,249691,10,0,4,32
ZbIkY3YIUcW6SUq4ETorcd,Velvet Road,Rio Quinn,indie,happy,0.723,0.574,0.715,119.1,-9.42,0.078,0.156,0.222,0.181,157483,4,1,4,24
INqE2UT5JTEiKWKOeqGrwp,Bitter Road,Talia Shaw,reggae,dreamy,0.79,0.749,0.68,83.7,-7.45,0.044,0.174,0.169,0.193,182704,4,0,5,66
